Brand,Product Name,Store SKU,Product Price,Product Description,Product URL,Evidence Status
,,,,,https://www.all-wall.com/10in-Flat-Box-Axle-70356,missing_mpn_requires_manual_identity
,,,,,https://www.all-wall.com/All-Wall-Angle-Head-Handle,missing_mpn_requires_manual_identity
,,,,,https://www.all-wall.com/Brass-BleederScrew-HH16A,missing_mpn_requires_manual_identity
,,,,,https://www.all-wall.com/Columbia-10in-and-12in-Flat-Box-Combo,missing_mpn_requires_manual_identity
,,,,,https://www.all-wall.com/Columbia-10in-and-12in-Full-Set,missing_mpn_requires_manual_identity
,,,,,https://www.all-wall.com/Columbia-12in-Flatbox-Repair-Kit,missing_mpn_requires_manual_identity
,,,,,https://www.all-wall.com/Columbia-2in-AngleHead-Rebuild-Kit,missing_mpn_requires_manual_identity
,,,,,https://www.all-wall.com/Columbia-7in-Flatbox-Repair-Kit,missing_mpn_requires_manual_identity
,,,,,https://www.all-wall.com/Columbia-8in-Flatbox-Repair-Kit,missing_mpn_requires_manual_identity
,,,,,https://www.all-wall.com/Columbia-8in-and-10in-Finishing-Set,missing_mpn_requires_manual_identity
,,,,,https://www.all-wall.com/Columbia-8in-and-10in-Flat-Box-Combo,missing_mpn_requires_manual_identity
,,,,,https://www.all-wall.com/Columbia-8in-and-10in-Jumbo-Set,missing_mpn_requires_manual_identity
,,,,,https://www.all-wall.com/Columbia-Anglehead-Rebuild-Kit-2,missing_mpn_requires_manual_identity
,,,,,https://www.all-wall.com/Columbia-Fat-Head-Rebuild-Kit,missing_mpn_requires_manual_identity
,,,,,https://www.all-wall.com/DeWalt-MultiTool-DWHT71843P,missing_mpn_requires_manual_identity
,,,,,https://www.all-wall.com/DeWalt-Screwdrivers-DWHT65200,missing_mpn_requires_manual_identity
,,,,,https://www.all-wall.com/Drywall-Master-7in-Angle-Box-w-Ex-Handle,missing_mpn_requires_manual_identity
,,,,,https://www.all-wall.com/Drywall-Master-Corner-Roller-w-Ex-Handle,missing_mpn_requires_manual_identity
,,,,,https://www.all-wall.com/DrywallMaster-2inch-Skid-Spotter,missing_mpn_requires_manual_identity
,,,,,https://www.all-wall.com/DrywallMaster-3inch-Rebuild-Kit,missing_mpn_requires_manual_identity
,,,,,https://www.all-wall.com/DrywallMaster-Anglehead-Rebuild,missing_mpn_requires_manual_identity
,,,,,https://www.all-wall.com/FLEX-STACKPACK-Set,missing_mpn_requires_manual_identity
,,,,,https://www.all-wall.com/Gooser-Needle-Pack,missing_mpn_requires_manual_identity
,,,,,https://www.all-wall.com/Graco-1500GUNKIT,missing_mpn_requires_manual_identity
,,,,,https://www.all-wall.com/Graco-KIT-REPAIR-AIR-REGULATOR-GUN-17V953,missing_mpn_requires_manual_identity
,,,,,https://www.all-wall.com/TapeTech-10in-and-12in-Full-Set-70173,missing_mpn_requires_manual_identity
,,,,,https://www.all-wall.com/TapeTech-HandToolSet-72025,missing_mpn_requires_manual_identity
,,,,,https://www.all-wall.com/TapeTech-HandToolSet-72026,missing_mpn_requires_manual_identity
,,,,,https://www.all-wall.com/TapeTech-HandToolSet-72027,missing_mpn_requires_manual_identity
,,,,,https://www.all-wall.com/TapeTech-KnifeSet-72020,missing_mpn_requires_manual_identity
,,,,,https://www.all-wall.com/TapeTech-KnifeSet-72021,missing_mpn_requires_manual_identity
,,,,,https://www.all-wall.com/TapeTech-KnifeSet-72022,missing_mpn_requires_manual_identity
,,,,,https://www.all-wall.com/TapeTech-KnifeSet-72030,missing_mpn_requires_manual_identity
,,,,,https://www.all-wall.com/TapeTech-KnifeSet-72032,missing_mpn_requires_manual_identity
,,,,,https://www.all-wall.com/TapeTech-KnifeSet-72033,missing_mpn_requires_manual_identity
,,,,,https://www.all-wall.com/TapeTech-KnifeSet-72034,missing_mpn_requires_manual_identity
,,,,,https://www.all-wall.com/TapeTech-KnifeSet-72035,missing_mpn_requires_manual_identity
,,,,,https://www.all-wall.com/TapeTech-KnifeSet-72051,missing_mpn_requires_manual_identity
,,,,,https://www.all-wall.com/TapeTech-KnifeSet-72052,missing_mpn_requires_manual_identity
,,,,,https://www.all-wall.com/TapeTech-KnifeSet-72054,missing_mpn_requires_manual_identity
,,,,,https://www.all-wall.com/TapeTech-KnifeSet-72055,missing_mpn_requires_manual_identity
,,,,,https://www.all-wall.com/TapeTech-KnifeSet-72056,missing_mpn_requires_manual_identity
,,,,,https://www.all-wall.com/TapeTech-KnifeSet-72060,missing_mpn_requires_manual_identity
,,,,,https://www.all-wall.com/TapeTech-PumpCylinder-722103G,missing_mpn_requires_manual_identity
,,,,,https://www.all-wall.com/api/cacheable/items,missing_mpn_requires_manual_identity
