Name,Product Code,Barcode,Product Cost,Additional Cost,Brand,Category,Tags,Your Own URL
iPhone 7 32 GB Rose Gold,,1.94252E+11,500.00,100.00,Apple,Smartphone,Pacific blue,https://www.johnlewis.com/apple-iphone-7-ios-10-4-7-4g-lte-sim-free-32gb/p2999556?colour=Gold
Joie Nitro LX Stroller,,,90.00,15.00,Joie,Baby Pushchair,"cherry colored, lightweight, sturdy",https://www.johnlewis.com/joie-nitro-lx-stroller-black/p3177317?navAction=jump&_requestid=9520825
Barbour Tartan Dog Harness,,1.94252E+11,19.00,4.00,Barbour,Pet Accessories,"cotton, S-L, tartan_printed",http://www.johnlewis.com/barbour-tartan-dog-harness/p2891146
Ray-Ban RB2140 Original Wayfarer Sunglasses,RB2140,,80.00,20.00,Ray-Ban,Sunglasses,"best seller, square framed, unisex",https://www.johnlewis.com/ray-ban-rb2140-original-wayfarer-sunglasses/p425466?colour=Black
,,,,,,,,
,,,,,,,,
,,,,,,,,
,,,,,,,,
,,,,,,,,
