sku,name,type,brand,product_kind,category_key,display_category_key,finding,workflow,field,current_value
HH19,Cap,simple,Columbia Tools,part,parts,parts,missing_image,media_research,Images,
FA280,#10 Belleville Washer,simple,Columbia Tools,part,parts,parts,part_family_without_compatibility_or_replacement,compatibility_research,Meta: _dtb_compatible_tool_skus,
FA268,#10 Flat Washer,simple,Columbia Tools,part,parts,parts,part_family_without_compatibility_or_replacement,compatibility_research,Meta: _dtb_compatible_tool_skus,
FA270,"#10 x 3/4"" Fender Washer",simple,Columbia Tools,part,parts,parts,part_family_without_compatibility_or_replacement,compatibility_research,Meta: _dtb_compatible_tool_skus,
FA228,#6 Flat Washer,simple,Columbia Tools,part,parts,parts,part_family_without_compatibility_or_replacement,compatibility_research,Meta: _dtb_compatible_tool_skus,
FA229,#6 Lock Washer,simple,Columbia Tools,part,parts,parts,part_family_without_compatibility_or_replacement,compatibility_research,Meta: _dtb_compatible_tool_skus,
FA230,#6 Star Washer,simple,Columbia Tools,part,parts,parts,part_family_without_compatibility_or_replacement,compatibility_research,Meta: _dtb_compatible_tool_skus,
FA253,#8 Flat Washer,simple,Columbia Tools,part,parts,parts,part_family_without_compatibility_or_replacement,compatibility_research,Meta: _dtb_compatible_tool_skus,
FA252,#8 Star Washer,simple,Columbia Tools,part,parts,parts,part_family_without_compatibility_or_replacement,compatibility_research,Meta: _dtb_compatible_tool_skus,
FA202,"1/16 X 1/2"" Cotter Pin",simple,Columbia Tools,part,parts,parts,part_family_without_compatibility_or_replacement,compatibility_research,Meta: _dtb_compatible_tool_skus,
FA200,"1/16 x 1/4"" Split Pin",simple,Columbia Tools,part,parts,parts,part_family_without_compatibility_or_replacement,compatibility_research,Meta: _dtb_compatible_tool_skus,
FA203,"1/16 x 3/4"" Cotter Pin",simple,Columbia Tools,part,parts,parts,part_family_without_compatibility_or_replacement,compatibility_research,Meta: _dtb_compatible_tool_skus,
FA3,"1/2"" x 7/8"" Flat Washer",simple,Columbia Tools,part,parts,parts,part_family_without_compatibility_or_replacement,compatibility_research,Meta: _dtb_compatible_tool_skus,
CT109,1/4 - 20 Hex Nut,simple,Columbia Tools,part,parts,parts,part_family_without_compatibility_or_replacement,compatibility_research,Meta: _dtb_compatible_tool_skus,
FA296,"1/4 -20 x 1/2"" Hex Bolt",simple,Columbia Tools,part,parts,parts,part_family_without_compatibility_or_replacement,compatibility_research,Meta: _dtb_compatible_tool_skus,
FA295,"1/4 x 1/2"" Flathead Socket",simple,Columbia Tools,part,parts,parts,part_family_without_compatibility_or_replacement,compatibility_research,Meta: _dtb_compatible_tool_skus,
FA379,"1/4"" SS E-Clip",simple,Columbia Tools,part,parts,parts,part_family_without_compatibility_or_replacement,compatibility_research,Meta: _dtb_compatible_tool_skus,
FA286,"1/4"" x 1/2"" Flat Washer",simple,Columbia Tools,part,parts,parts,part_family_without_compatibility_or_replacement,compatibility_research,Meta: _dtb_compatible_tool_skus,
FA288,"1/4"" X 3/4"" Split Pin",simple,Columbia Tools,part,parts,parts,part_family_without_compatibility_or_replacement,compatibility_research,Meta: _dtb_compatible_tool_skus,
FA291,1/4-20 Hex Nut,simple,Columbia Tools,part,parts,parts,part_family_without_compatibility_or_replacement,compatibility_research,Meta: _dtb_compatible_tool_skus,
FA299,"1/4-20 x 1 1/2"" Pan Phillips",simple,Columbia Tools,part,parts,parts,part_family_without_compatibility_or_replacement,compatibility_research,Meta: _dtb_compatible_tool_skus,
FA313,1/4-20 X 1/4 Socket Head Set Screw,simple,Columbia Tools,part,parts,parts,part_family_without_compatibility_or_replacement,compatibility_research,Meta: _dtb_compatible_tool_skus,
FA301,"1/4-20 x 2 1/4"" Hex Bolt",simple,Columbia Tools,part,parts,parts,part_family_without_compatibility_or_replacement,compatibility_research,Meta: _dtb_compatible_tool_skus,
FA300,"1/4-20 x 2"" Hex Bolt",simple,Columbia Tools,part,parts,parts,part_family_without_compatibility_or_replacement,compatibility_research,Meta: _dtb_compatible_tool_skus,
FA294,"1/4-20 x 38"" Socket",simple,Columbia Tools,part,parts,parts,part_family_without_compatibility_or_replacement,compatibility_research,Meta: _dtb_compatible_tool_skus,
FA297,"1/4-20 x 5/8"" Socket",simple,Columbia Tools,part,parts,parts,part_family_without_compatibility_or_replacement,compatibility_research,Meta: _dtb_compatible_tool_skus,
FA298,"1/4-20 x 7/8"" Flat Socket",simple,Columbia Tools,part,parts,parts,part_family_without_compatibility_or_replacement,compatibility_research,Meta: _dtb_compatible_tool_skus,
FA302,"1/4-28 x 1/4"" Set Screw",simple,Columbia Tools,part,parts,parts,part_family_without_compatibility_or_replacement,compatibility_research,Meta: _dtb_compatible_tool_skus,
FA320,"1/4-28-3/8"" Socket Set Screw",simple,Columbia Tools,part,parts,parts,part_family_without_compatibility_or_replacement,compatibility_research,Meta: _dtb_compatible_tool_skus,
HFFB14,Flat Box Hinged Door Gasket,variable,Columbia Tools,part,parts,parts,part_family_without_compatibility_or_replacement,compatibility_research,Meta: _dtb_compatible_tool_skus,
FFB25,Rubber Gasket Retainer,variable,Columbia Tools,part,parts,parts,part_family_without_compatibility_or_replacement,compatibility_research,Meta: _dtb_compatible_tool_skus,
AH3,Top Blade,variable,Columbia Tools,part,parts,parts,part_family_without_compatibility_or_replacement,compatibility_research,Meta: _dtb_compatible_tool_skus,
FA380,"1/8"" SS E-Clip",simple,Columbia Tools,part,parts,parts,part_family_without_compatibility_or_replacement,compatibility_research,Meta: _dtb_compatible_tool_skus,
FA225,"1/8"" x 3/8"" Rivet Shoulder Washer",simple,Columbia Tools,part,parts,parts,part_family_without_compatibility_or_replacement,compatibility_research,Meta: _dtb_compatible_tool_skus,
FA224,"1/8"" x 3/8"" Split Pin",simple,Columbia Tools,part,parts,parts,part_family_without_compatibility_or_replacement,compatibility_research,Meta: _dtb_compatible_tool_skus,
FA271,10-24 Nyloc Nut,simple,Columbia Tools,part,parts,parts,part_family_without_compatibility_or_replacement,compatibility_research,Meta: _dtb_compatible_tool_skus,
FA272,10-24 Wing Nut,simple,Columbia Tools,part,parts,parts,part_family_without_compatibility_or_replacement,compatibility_research,Meta: _dtb_compatible_tool_skus,
FA273,"10-24 x 1"" Hex Bolt",simple,Columbia Tools,part,parts,parts,part_family_without_compatibility_or_replacement,compatibility_research,Meta: _dtb_compatible_tool_skus,
FA312,"10-24 X 1/4"" Socket Hand Set",simple,Columbia Tools,part,parts,parts,part_family_without_compatibility_or_replacement,compatibility_research,Meta: _dtb_compatible_tool_skus,
FA274,"10-24 x 3/8"" Socket",simple,Columbia Tools,part,parts,parts,part_family_without_compatibility_or_replacement,compatibility_research,Meta: _dtb_compatible_tool_skus,
FA275,"10-24 x 7/8"" Hex Bolt",simple,Columbia Tools,part,parts,parts,part_family_without_compatibility_or_replacement,compatibility_research,Meta: _dtb_compatible_tool_skus,
FA276,"10-24 x 7/8"" Pan Slot",simple,Columbia Tools,part,parts,parts,part_family_without_compatibility_or_replacement,compatibility_research,Meta: _dtb_compatible_tool_skus,
FA316,"10-32 X 1/2"" Flat Socket Head",simple,Columbia Tools,part,parts,parts,part_family_without_compatibility_or_replacement,compatibility_research,Meta: _dtb_compatible_tool_skus,
FA382,"10-32 x 1/4"" SS Set Screw",simple,Columbia Tools,part,parts,parts,part_family_without_compatibility_or_replacement,compatibility_research,Meta: _dtb_compatible_tool_skus,
FA199,"2-56 x 3/16"" Binder Slot",simple,Columbia Tools,part,parts,parts,part_family_without_compatibility_or_replacement,compatibility_research,Meta: _dtb_compatible_tool_skus,
FA365,"3/16 x 1"" Sping Pin SS",simple,Columbia Tools,part,parts,parts,part_family_without_compatibility_or_replacement,compatibility_research,Meta: _dtb_compatible_tool_skus,
FA206,4-40 Hex Nut,simple,Columbia Tools,part,parts,parts,part_family_without_compatibility_or_replacement,compatibility_research,Meta: _dtb_compatible_tool_skus,
FA207,4-40 Nyloc Nut,simple,Columbia Tools,part,parts,parts,part_family_without_compatibility_or_replacement,compatibility_research,Meta: _dtb_compatible_tool_skus,
FA219,"4-40 x 1/2"" Fillister Slot",simple,Columbia Tools,part,parts,parts,part_family_without_compatibility_or_replacement,compatibility_research,Meta: _dtb_compatible_tool_skus,
FA213,"4-40 x 1/4"" Binder Slot",simple,Columbia Tools,part,parts,parts,part_family_without_compatibility_or_replacement,compatibility_research,Meta: _dtb_compatible_tool_skus,
FA214,"4-40 x 1/4"" Flat Slot",simple,Columbia Tools,part,parts,parts,part_family_without_compatibility_or_replacement,compatibility_research,Meta: _dtb_compatible_tool_skus,
FA2,"4-40 x 1/8"" Binder Slot",simple,Columbia Tools,part,parts,parts,part_family_without_compatibility_or_replacement,compatibility_research,Meta: _dtb_compatible_tool_skus,
FA210,"4-40 x 3/16"" Binder Slot",simple,Columbia Tools,part,parts,parts,part_family_without_compatibility_or_replacement,compatibility_research,Meta: _dtb_compatible_tool_skus,
FA212,"4-40 x 3/16"" Truss Slot",simple,Columbia Tools,part,parts,parts,part_family_without_compatibility_or_replacement,compatibility_research,Meta: _dtb_compatible_tool_skus,
FA220,"4-40 x 3/4"" Hex Bolt",simple,Columbia Tools,part,parts,parts,part_family_without_compatibility_or_replacement,compatibility_research,Meta: _dtb_compatible_tool_skus,
FA218,"4-40 x 3/8"" Flat Slot",simple,Columbia Tools,part,parts,parts,part_family_without_compatibility_or_replacement,compatibility_research,Meta: _dtb_compatible_tool_skus,
FA216,4-40 X 3/8” Fillister Slot,simple,Columbia Tools,part,parts,parts,part_family_without_compatibility_or_replacement,compatibility_research,Meta: _dtb_compatible_tool_skus,
FA215,"4-40 x 5/16"" Binder Slot",simple,Columbia Tools,part,parts,parts,part_family_without_compatibility_or_replacement,compatibility_research,Meta: _dtb_compatible_tool_skus,
FA303,5-16 Flat Washer,simple,Columbia Tools,part,parts,parts,part_family_without_compatibility_or_replacement,compatibility_research,Meta: _dtb_compatible_tool_skus,
FA307,5-16 x 24 Jam Nut,simple,Columbia Tools,part,parts,parts,part_family_without_compatibility_or_replacement,compatibility_research,Meta: _dtb_compatible_tool_skus,
FA305,"5/16 -18 x 3/4"" Hex Bolt",simple,Columbia Tools,part,parts,parts,part_family_without_compatibility_or_replacement,compatibility_research,Meta: _dtb_compatible_tool_skus,
FA306,"5/16-18 x 1 1/4"" Hex Bolt",simple,Columbia Tools,part,parts,parts,part_family_without_compatibility_or_replacement,compatibility_research,Meta: _dtb_compatible_tool_skus,
CFB10,"5/16-18 x 3/4"" Thumb Screw",simple,Columbia Tools,part,parts,parts,part_family_without_compatibility_or_replacement,compatibility_research,Meta: _dtb_compatible_tool_skus,
FA317,"5/32"" x 7/8"" Roll Pin",simple,Columbia Tools,part,parts,parts,part_family_without_compatibility_or_replacement,compatibility_research,Meta: _dtb_compatible_tool_skus,
FA232,6-32 Hex Nut,simple,Columbia Tools,part,parts,parts,part_family_without_compatibility_or_replacement,compatibility_research,Meta: _dtb_compatible_tool_skus,
FA234,6-32 Nyloc Jam Nut,simple,Columbia Tools,part,parts,parts,part_family_without_compatibility_or_replacement,compatibility_research,Meta: _dtb_compatible_tool_skus,
FA233,6-32 Nyloc Nut,simple,Columbia Tools,part,parts,parts,part_family_without_compatibility_or_replacement,compatibility_research,Meta: _dtb_compatible_tool_skus,
FA245,"6-32 x 1/2"" Fillister Slot",simple,Columbia Tools,part,parts,parts,part_family_without_compatibility_or_replacement,compatibility_research,Meta: _dtb_compatible_tool_skus,
FA244,"6-32 x 1/2"" Pan Slot",simple,Columbia Tools,part,parts,parts,part_family_without_compatibility_or_replacement,compatibility_research,Meta: _dtb_compatible_tool_skus,
FFB11,Adjuster Spring,variable,Columbia Tools,part,parts,parts,part_family_without_compatibility_or_replacement,compatibility_research,Meta: _dtb_compatible_tool_skus,
FA239,"6-32 X 1/4"" Binder Slot",simple,Columbia Tools,part,parts,parts,part_family_without_compatibility_or_replacement,compatibility_research,Meta: _dtb_compatible_tool_skus,
FA227,"6-32 X 1/4"" Flat Slot",simple,Columbia Tools,part,parts,parts,part_family_without_compatibility_or_replacement,compatibility_research,Meta: _dtb_compatible_tool_skus,
FA236,"6-32 X 1/8"" Binder Slot",simple,Columbia Tools,part,parts,parts,part_family_without_compatibility_or_replacement,compatibility_research,Meta: _dtb_compatible_tool_skus,
FA235,"6-32 X 1/8"" Set Screw",simple,Columbia Tools,part,parts,parts,part_family_without_compatibility_or_replacement,compatibility_research,Meta: _dtb_compatible_tool_skus,
FA237,"6-32 x 3/16"" Binder Slot",simple,Columbia Tools,part,parts,parts,part_family_without_compatibility_or_replacement,compatibility_research,Meta: _dtb_compatible_tool_skus,
FA238,"6-32 X 3/16"" Fillister Slot",simple,Columbia Tools,part,parts,parts,part_family_without_compatibility_or_replacement,compatibility_research,Meta: _dtb_compatible_tool_skus,
FA241,"6-32 X 3/8"" Binder Slot",simple,Columbia Tools,part,parts,parts,part_family_without_compatibility_or_replacement,compatibility_research,Meta: _dtb_compatible_tool_skus,
FA243,"6-32 x 3/8"" Flat Slot",simple,Columbia Tools,part,parts,parts,part_family_without_compatibility_or_replacement,compatibility_research,Meta: _dtb_compatible_tool_skus,
FA231,"6-32 x 3/8"" Hex Bolt",simple,Columbia Tools,part,parts,parts,part_family_without_compatibility_or_replacement,compatibility_research,Meta: _dtb_compatible_tool_skus,
FA247,"6-32 X 5/8"" Hex Bolt",simple,Columbia Tools,part,parts,parts,part_family_without_compatibility_or_replacement,compatibility_research,Meta: _dtb_compatible_tool_skus,
FA254,8-32 Nyloc Nut,simple,Columbia Tools,part,parts,parts,part_family_without_compatibility_or_replacement,compatibility_research,Meta: _dtb_compatible_tool_skus,
FA267,"8-32 x 1 1/2"" Pan Slot",simple,Columbia Tools,part,parts,parts,part_family_without_compatibility_or_replacement,compatibility_research,Meta: _dtb_compatible_tool_skus,
FA262,"8-32 x 1/2"" Socket",simple,Columbia Tools,part,parts,parts,part_family_without_compatibility_or_replacement,compatibility_research,Meta: _dtb_compatible_tool_skus,
FA257,"8-32 x 1/4"" Fillister Slot",simple,Columbia Tools,part,parts,parts,part_family_without_compatibility_or_replacement,compatibility_research,Meta: _dtb_compatible_tool_skus,
FA256,"8-32 X 3/16"" Pan Slot",simple,Columbia Tools,part,parts,parts,part_family_without_compatibility_or_replacement,compatibility_research,Meta: _dtb_compatible_tool_skus,
FA265,"8-32 x 3/4"" Truss Slot",simple,Columbia Tools,part,parts,parts,part_family_without_compatibility_or_replacement,compatibility_research,Meta: _dtb_compatible_tool_skus,
FA260,"8-32 x 3/8"" Pan Slot",simple,Columbia Tools,part,parts,parts,part_family_without_compatibility_or_replacement,compatibility_research,Meta: _dtb_compatible_tool_skus,
FA261,"8-32 X 3/8"" Socket Screw",simple,Columbia Tools,part,parts,parts,part_family_without_compatibility_or_replacement,compatibility_research,Meta: _dtb_compatible_tool_skus,
FA376,8-32 x 5/16 SS Socket Head,simple,Columbia Tools,part,parts,parts,part_family_without_compatibility_or_replacement,compatibility_research,Meta: _dtb_compatible_tool_skus,
FA264,"8-32 x 5/8"" Truss Slot",simple,Columbia Tools,part,parts,parts,part_family_without_compatibility_or_replacement,compatibility_research,Meta: _dtb_compatible_tool_skus,
FA258,8-32X 1/4 Half Dog Set,simple,Columbia Tools,part,parts,parts,part_family_without_compatibility_or_replacement,compatibility_research,Meta: _dtb_compatible_tool_skus,
FA249,"8-32X3/16"" Set Screw",simple,Columbia Tools,part,parts,parts,part_family_without_compatibility_or_replacement,compatibility_research,Meta: _dtb_compatible_tool_skus,
FFB5,Axle,variable,Columbia Tools,part,parts,parts,part_family_without_compatibility_or_replacement,compatibility_research,Meta: _dtb_compatible_tool_skus,
FFB9,Blade,variable,Columbia Tools,part,parts,parts,part_family_without_compatibility_or_replacement,compatibility_research,Meta: _dtb_compatible_tool_skus,
HNS7,Blade,variable,Columbia Tools,part,parts,parts,part_family_without_compatibility_or_replacement,compatibility_research,Meta: _dtb_compatible_tool_skus,
FFB5A,Axel Bushing,simple,Columbia Tools,part,parts,parts,part_family_without_compatibility_or_replacement,compatibility_research,Meta: _dtb_compatible_tool_skus,
MP32,Backing Washer Locator,simple,Columbia Tools,part,parts,parts,part_family_without_compatibility_or_replacement,compatibility_research,Meta: _dtb_compatible_tool_skus,
FFB8,Bar Retainer Clip,simple,Columbia Tools,part,parts,parts,part_family_without_compatibility_or_replacement,compatibility_research,Meta: _dtb_compatible_tool_skus,
CT103,Barrel- Main Body,simple,Columbia Tools,part,parts,parts,part_family_without_compatibility_or_replacement,compatibility_research,Meta: _dtb_compatible_tool_skus,
CT125A,Bearing,simple,Columbia Tools,part,parts,parts,part_family_without_compatibility_or_replacement,compatibility_research,Meta: _dtb_compatible_tool_skus,
BH24A,Bearing Sleeve,simple,Columbia Tools,part,parts,parts,part_family_without_compatibility_or_replacement,compatibility_research,Meta: _dtb_compatible_tool_skus,
CFB16,Bearing Sleeve,simple,Columbia Tools,part,parts,parts,part_family_without_compatibility_or_replacement,compatibility_research,Meta: _dtb_compatible_tool_skus,
CR-3,Bearing Sleeve,simple,Columbia Tools,part,parts,parts,part_family_without_compatibility_or_replacement,compatibility_research,Meta: _dtb_compatible_tool_skus,
HNS8,Blade Holder,variable,Columbia Tools,part,parts,parts,part_family_without_compatibility_or_replacement,compatibility_research,Meta: _dtb_compatible_tool_skus,
AH9-CLIP,Bottom Retainer Corner Clip,variable,Columbia Tools,part,parts,parts,part_family_without_compatibility_or_replacement,compatibility_research,Meta: _dtb_compatible_tool_skus,
BH9,Brake Connecting Strap,variable,Columbia Tools,part,parts,parts,part_family_without_compatibility_or_replacement,compatibility_research,Meta: _dtb_compatible_tool_skus,
HH16A,Bleeder Screw,simple,Columbia Tools,part,parts,parts,part_family_without_compatibility_or_replacement,compatibility_research,Meta: _dtb_compatible_tool_skus,
HH10B,Bottom Cap,simple,Columbia Tools,part,parts,parts,part_family_without_compatibility_or_replacement,compatibility_research,Meta: _dtb_compatible_tool_skus,
CFB8,Box Mount,simple,Columbia Tools,part,parts,parts,part_family_without_compatibility_or_replacement,compatibility_research,Meta: _dtb_compatible_tool_skus,
FFB36,Box Wheel,simple,Columbia Tools,part,parts,parts,part_family_without_compatibility_or_replacement,compatibility_research,Meta: _dtb_compatible_tool_skus,
CT87A,Bracket Brace,simple,Columbia Tools,part,parts,parts,part_family_without_compatibility_or_replacement,compatibility_research,Meta: _dtb_compatible_tool_skus,
HH7,Brake,simple,Columbia Tools,part,parts,parts,part_family_without_compatibility_or_replacement,compatibility_research,Meta: _dtb_compatible_tool_skus,
MH9A,Brake Activation Rod,simple,Columbia Tools,part,parts,parts,part_family_without_compatibility_or_replacement,compatibility_research,Meta: _dtb_compatible_tool_skus,
CT16,Brake Dog,simple,Columbia Tools,part,parts,parts,part_family_without_compatibility_or_replacement,compatibility_research,Meta: _dtb_compatible_tool_skus,
HH13,Brake Pin,simple,Columbia Tools,part,parts,parts,part_family_without_compatibility_or_replacement,compatibility_research,Meta: _dtb_compatible_tool_skus,
HH14,Brake Piston,simple,Columbia Tools,part,parts,parts,part_family_without_compatibility_or_replacement,compatibility_research,Meta: _dtb_compatible_tool_skus,
MH8,Brake Rod Bushing,simple,Columbia Tools,part,parts,parts,part_family_without_compatibility_or_replacement,compatibility_research,Meta: _dtb_compatible_tool_skus,
HH12,Brake Spring,simple,Columbia Tools,part,parts,parts,part_family_without_compatibility_or_replacement,compatibility_research,Meta: _dtb_compatible_tool_skus,
HH-BRASS-CONNECTOR,Brass Connector,variable,Columbia Tools,part,parts,parts,part_family_without_compatibility_or_replacement,compatibility_research,Meta: _dtb_compatible_tool_skus,
CT72,Cable,simple,Columbia Tools,part,parts,parts,part_family_without_compatibility_or_replacement,compatibility_research,Meta: _dtb_compatible_tool_skus,
CT73,Cable Drum,simple,Columbia Tools,part,parts,parts,part_family_without_compatibility_or_replacement,compatibility_research,Meta: _dtb_compatible_tool_skus,
BH26,Cam,simple,Columbia Tools,part,parts,parts,part_family_without_compatibility_or_replacement,compatibility_research,Meta: _dtb_compatible_tool_skus,
BH7,Cam Follower,simple,Columbia Tools,part,parts,parts,part_family_without_compatibility_or_replacement,compatibility_research,Meta: _dtb_compatible_tool_skus,
HH19,Cap,simple,Columbia Tools,part,parts,parts,part_family_without_compatibility_or_replacement,compatibility_research,Meta: _dtb_compatible_tool_skus,
CT35,Cap Reinforcing Tab,simple,Columbia Tools,part,parts,parts,part_family_without_compatibility_or_replacement,compatibility_research,Meta: _dtb_compatible_tool_skus,
CT55,Carriage Guide Rod,simple,Columbia Tools,part,parts,parts,part_family_without_compatibility_or_replacement,compatibility_research,Meta: _dtb_compatible_tool_skus,
CT56,Carriage Guide Rod Stop,simple,Columbia Tools,part,parts,parts,part_family_without_compatibility_or_replacement,compatibility_research,Meta: _dtb_compatible_tool_skus,
CT31,Chain Tension & Guide Bracket,simple,Columbia Tools,part,parts,parts,part_family_without_compatibility_or_replacement,compatibility_research,Meta: _dtb_compatible_tool_skus,
CT83,Clutch Dog,simple,Columbia Tools,part,parts,parts,part_family_without_compatibility_or_replacement,compatibility_research,Meta: _dtb_compatible_tool_skus,
CT82,Clutch Lever,simple,Columbia Tools,part,parts,parts,part_family_without_compatibility_or_replacement,compatibility_research,Meta: _dtb_compatible_tool_skus,
CT88,Clutch Release Rod,simple,Columbia Tools,part,parts,parts,part_family_without_compatibility_or_replacement,compatibility_research,Meta: _dtb_compatible_tool_skus,
CT85,Clutch Release Shaft,simple,Columbia Tools,part,parts,parts,part_family_without_compatibility_or_replacement,compatibility_research,Meta: _dtb_compatible_tool_skus,
CT81,Clutch Return Spring,simple,Columbia Tools,part,parts,parts,part_family_without_compatibility_or_replacement,compatibility_research,Meta: _dtb_compatible_tool_skus,
HH9,Coiled Hydraulic Line,simple,Columbia Tools,part,parts,parts,part_family_without_compatibility_or_replacement,compatibility_research,Meta: _dtb_compatible_tool_skus,
HP44,Collar O-Ring,simple,Columbia Tools,part,parts,parts,part_family_without_compatibility_or_replacement,compatibility_research,Meta: _dtb_compatible_tool_skus,
AHA,Angle Head Adapter,simple,Columbia Tools,part,parts,parts,part_family_without_compatibility_or_replacement,compatibility_research,Meta: _dtb_compatible_tool_skus,
CT86,CT86 – Toe Kicker Cable,simple,Columbia Tools,part,parts,parts,part_family_without_compatibility_or_replacement,compatibility_research,Meta: _dtb_compatible_tool_skus,
FA259,"FA259 8-32 X 5/16"" Binder Slot",simple,Columbia Tools,part,parts,parts,part_family_without_compatibility_or_replacement,compatibility_research,Meta: _dtb_compatible_tool_skus,
FA292,FA292 1/4-20 Nyloc Jam Nut,simple,Columbia Tools,part,parts,parts,part_family_without_compatibility_or_replacement,compatibility_research,Meta: _dtb_compatible_tool_skus,
HNS4,Door,variable,Columbia Tools,part,parts,parts,part_family_without_compatibility_or_replacement,compatibility_research,Meta: _dtb_compatible_tool_skus,
FA311,"FA311 1/4-28 X 1/2"" Socket Head",simple,Columbia Tools,part,parts,parts,part_family_without_compatibility_or_replacement,compatibility_research,Meta: _dtb_compatible_tool_skus,
FA315,"FA315 10-32 X 3/8"" Flat Socket Head",simple,Columbia Tools,part,parts,parts,part_family_without_compatibility_or_replacement,compatibility_research,Meta: _dtb_compatible_tool_skus,
CFB5B,Cone Ball,simple,Columbia Tools,part,parts,parts,part_family_without_compatibility_or_replacement,compatibility_research,Meta: _dtb_compatible_tool_skus,
CT132,Connecting Link,simple,Columbia Tools,part,parts,parts,part_family_without_compatibility_or_replacement,compatibility_research,Meta: _dtb_compatible_tool_skus,
MH7,Connecting Link Fork,simple,Columbia Tools,part,parts,parts,part_family_without_compatibility_or_replacement,compatibility_research,Meta: _dtb_compatible_tool_skus,
MH5,Connecting Link Pin,simple,Columbia Tools,part,parts,parts,part_family_without_compatibility_or_replacement,compatibility_research,Meta: _dtb_compatible_tool_skus,
CT45,Connecting Rod,simple,Columbia Tools,part,parts,parts,part_family_without_compatibility_or_replacement,compatibility_research,Meta: _dtb_compatible_tool_skus,
MH16,Connecting Rod Housing,simple,Columbia Tools,part,parts,parts,part_family_without_compatibility_or_replacement,compatibility_research,Meta: _dtb_compatible_tool_skus,
CT112,Connecting Stud,simple,Columbia Tools,part,parts,parts,part_family_without_compatibility_or_replacement,compatibility_research,Meta: _dtb_compatible_tool_skus,
CT104,Connection Strap,simple,Columbia Tools,part,parts,parts,part_family_without_compatibility_or_replacement,compatibility_research,Meta: _dtb_compatible_tool_skus,
CT105,Crimper Lever,simple,Columbia Tools,part,parts,parts,part_family_without_compatibility_or_replacement,compatibility_research,Meta: _dtb_compatible_tool_skus,
CT10A,Crimping Arm Shaft Bushing - L,simple,Columbia Tools,part,parts,parts,part_family_without_compatibility_or_replacement,compatibility_research,Meta: _dtb_compatible_tool_skus,
CT47,Crimping Wheel,simple,Columbia Tools,part,parts,parts,part_family_without_compatibility_or_replacement,compatibility_research,Meta: _dtb_compatible_tool_skus,
CT50,Crimping Wheel Bushing,simple,Columbia Tools,part,parts,parts,part_family_without_compatibility_or_replacement,compatibility_research,Meta: _dtb_compatible_tool_skus,
CR4,Cut Washer,simple,Columbia Tools,part,parts,parts,part_family_without_compatibility_or_replacement,compatibility_research,Meta: _dtb_compatible_tool_skus,
CT42A,Diamond Blade,simple,Columbia Tools,part,parts,parts,part_family_without_compatibility_or_replacement,compatibility_research,Meta: _dtb_compatible_tool_skus,
CT13,Dog Base Bracket,simple,Columbia Tools,part,parts,parts,part_family_without_compatibility_or_replacement,compatibility_research,Meta: _dtb_compatible_tool_skus,
CFB4,Door,variable,Columbia Tools,part,parts,parts,part_family_without_compatibility_or_replacement,compatibility_research,Meta: _dtb_compatible_tool_skus,
HNS15,Door Gasket,variable,Columbia Tools,part,parts,parts,part_family_without_compatibility_or_replacement,compatibility_research,Meta: _dtb_compatible_tool_skus,
CFB7,Door Gasket,variable,Columbia Tools,part,parts,parts,part_family_without_compatibility_or_replacement,compatibility_research,Meta: _dtb_compatible_tool_skus,
HNS-DOOR-SPRING,Door Spring,variable,Columbia Tools,part,parts,parts,part_family_without_compatibility_or_replacement,compatibility_research,Meta: _dtb_compatible_tool_skus,
CT-SPROCKET,Drive Sprocket,variable,Columbia Tools,part,parts,parts,part_family_without_compatibility_or_replacement,compatibility_research,Meta: _dtb_compatible_tool_skus,
CFB15,Door Hinge,simple,Columbia Tools,part,parts,parts,part_family_without_compatibility_or_replacement,compatibility_research,Meta: _dtb_compatible_tool_skus,
FFB17,Door Spring,simple,Columbia Tools,part,parts,parts,part_family_without_compatibility_or_replacement,compatibility_research,Meta: _dtb_compatible_tool_skus,
FFB16,Door Spring Nut,simple,Columbia Tools,part,parts,parts,part_family_without_compatibility_or_replacement,compatibility_research,Meta: _dtb_compatible_tool_skus,
CFB11A,Door Stop,simple,Columbia Tools,part,parts,parts,part_family_without_compatibility_or_replacement,compatibility_research,Meta: _dtb_compatible_tool_skus,
FFB32,Door Stop,simple,Columbia Tools,part,parts,parts,part_family_without_compatibility_or_replacement,compatibility_research,Meta: _dtb_compatible_tool_skus,
CT78,Drive Chain,simple,Columbia Tools,part,parts,parts,part_family_without_compatibility_or_replacement,compatibility_research,Meta: _dtb_compatible_tool_skus,
CT70,Drive Shaft,simple,Columbia Tools,part,parts,parts,part_family_without_compatibility_or_replacement,compatibility_research,Meta: _dtb_compatible_tool_skus,
CT87,Engraved Cover Plate Cap,simple,Columbia Tools,part,parts,parts,part_family_without_compatibility_or_replacement,compatibility_research,Meta: _dtb_compatible_tool_skus,
HH5,Extension Housing,simple,Columbia Tools,part,parts,parts,part_family_without_compatibility_or_replacement,compatibility_research,Meta: _dtb_compatible_tool_skus,
HH30,Extension Release Trigger,simple,Columbia Tools,part,parts,parts,part_family_without_compatibility_or_replacement,compatibility_research,Meta: _dtb_compatible_tool_skus,
CT130,Extension Shaft,simple,Columbia Tools,part,parts,parts,part_family_without_compatibility_or_replacement,compatibility_research,Meta: _dtb_compatible_tool_skus,
AH7,Frame Tension Spring,variable,Columbia Tools,part,parts,parts,part_family_without_compatibility_or_replacement,compatibility_research,Meta: _dtb_compatible_tool_skus,
CT127,Extension Shaft Bracket,simple,Columbia Tools,part,parts,parts,part_family_without_compatibility_or_replacement,compatibility_research,Meta: _dtb_compatible_tool_skus,
MP33,Filler Gasket,simple,Columbia Tools,part,parts,parts,part_family_without_compatibility_or_replacement,compatibility_research,Meta: _dtb_compatible_tool_skus,
MP28,Filler Nut,simple,Columbia Tools,part,parts,parts,part_family_without_compatibility_or_replacement,compatibility_research,Meta: _dtb_compatible_tool_skus,
MP25,Filler Studs,simple,Columbia Tools,part,parts,parts,part_family_without_compatibility_or_replacement,compatibility_research,Meta: _dtb_compatible_tool_skus,
MP2,Foot Valve Casting,simple,Columbia Tools,part,parts,parts,part_family_without_compatibility_or_replacement,compatibility_research,Meta: _dtb_compatible_tool_skus,
AH5,Frame Retainer Clip,simple,Columbia Tools,part,parts,parts,part_family_without_compatibility_or_replacement,compatibility_research,Meta: _dtb_compatible_tool_skus,
AH6A,Funnel Retainer Clip,simple,Columbia Tools,part,parts,parts,part_family_without_compatibility_or_replacement,compatibility_research,Meta: _dtb_compatible_tool_skus,
MH21,Grip Adjuster Housing,simple,Columbia Tools,part,parts,parts,part_family_without_compatibility_or_replacement,compatibility_research,Meta: _dtb_compatible_tool_skus,
MH23,Grip Adjusting Fastener,simple,Columbia Tools,part,parts,parts,part_family_without_compatibility_or_replacement,compatibility_research,Meta: _dtb_compatible_tool_skus,
MH22,Grip Adjustment Pin,simple,Columbia Tools,part,parts,parts,part_family_without_compatibility_or_replacement,compatibility_research,Meta: _dtb_compatible_tool_skus,
HH15,Grip Sleeve Octagon,simple,Columbia Tools,part,parts,parts,part_family_without_compatibility_or_replacement,compatibility_research,Meta: _dtb_compatible_tool_skus,
CT115,Guard Ring,simple,Columbia Tools,part,parts,parts,part_family_without_compatibility_or_replacement,compatibility_research,Meta: _dtb_compatible_tool_skus,
CT58,Guide Rod Bushing,simple,Columbia Tools,part,parts,parts,part_family_without_compatibility_or_replacement,compatibility_research,Meta: _dtb_compatible_tool_skus,
CT126,Hand Grip Body,simple,Columbia Tools,part,parts,parts,part_family_without_compatibility_or_replacement,compatibility_research,Meta: _dtb_compatible_tool_skus,
CT124,Hand Grip Guard Ring,simple,Columbia Tools,part,parts,parts,part_family_without_compatibility_or_replacement,compatibility_research,Meta: _dtb_compatible_tool_skus,
HNS12,Handle Clamp,simple,Columbia Tools,part,parts,parts,part_family_without_compatibility_or_replacement,compatibility_research,Meta: _dtb_compatible_tool_skus,
CR11,Handle Connecting Link,simple,Columbia Tools,part,parts,parts,part_family_without_compatibility_or_replacement,compatibility_research,Meta: _dtb_compatible_tool_skus,
HH35,Handle Grip,simple,Columbia Tools,part,parts,parts,part_family_without_compatibility_or_replacement,compatibility_research,Meta: _dtb_compatible_tool_skus,
MH4,Handle Grip,simple,Columbia Tools,part,parts,parts,part_family_without_compatibility_or_replacement,compatibility_research,Meta: _dtb_compatible_tool_skus,
MH11,Handle Grip Bushing,simple,Columbia Tools,part,parts,parts,part_family_without_compatibility_or_replacement,compatibility_research,Meta: _dtb_compatible_tool_skus,
AH1,Head Casting,variable,Columbia Tools,part,parts,parts,part_family_without_compatibility_or_replacement,compatibility_research,Meta: _dtb_compatible_tool_skus,
HFFB3-PLATE,Hinge Box End Plate,variable,Columbia Tools,part,parts,parts,part_family_without_compatibility_or_replacement,compatibility_research,Meta: _dtb_compatible_tool_skus,
MP6,Handle Link,simple,Columbia Tools,part,parts,parts,part_family_without_compatibility_or_replacement,compatibility_research,Meta: _dtb_compatible_tool_skus,
HNSA-14,Handle Link Assembly,simple,Columbia Tools,part,parts,parts,part_family_without_compatibility_or_replacement,compatibility_research,Meta: _dtb_compatible_tool_skus,
MH1,Handle Mount Plate,simple,Columbia Tools,part,parts,parts,part_family_without_compatibility_or_replacement,compatibility_research,Meta: _dtb_compatible_tool_skus,
CR6,Handle Mounting Swivel,simple,Columbia Tools,part,parts,parts,part_family_without_compatibility_or_replacement,compatibility_research,Meta: _dtb_compatible_tool_skus,
HPA-48,Handle Pin Assembly,simple,Columbia Tools,part,parts,parts,part_family_without_compatibility_or_replacement,compatibility_research,Meta: _dtb_compatible_tool_skus,
HH8,Handle Tube,simple,Columbia Tools,part,parts,parts,part_family_without_compatibility_or_replacement,compatibility_research,Meta: _dtb_compatible_tool_skus,
MP5,Head Bushing,simple,Columbia Tools,part,parts,parts,part_family_without_compatibility_or_replacement,compatibility_research,Meta: _dtb_compatible_tool_skus,
CR1,Head Casting,simple,Columbia Tools,part,parts,parts,part_family_without_compatibility_or_replacement,compatibility_research,Meta: _dtb_compatible_tool_skus,
FFB39,Hex Bolt,simple,Columbia Tools,part,parts,parts,part_family_without_compatibility_or_replacement,compatibility_research,Meta: _dtb_compatible_tool_skus,
CT20,Hinge Block,simple,Columbia Tools,part,parts,parts,part_family_without_compatibility_or_replacement,compatibility_research,Meta: _dtb_compatible_tool_skus,
CFB15A,Hinge Bushing (Plastic Washer),simple,Columbia Tools,part,parts,parts,part_family_without_compatibility_or_replacement,compatibility_research,Meta: _dtb_compatible_tool_skus,
BH6,Hinge Pin,simple,Columbia Tools,part,parts,parts,part_family_without_compatibility_or_replacement,compatibility_research,Meta: _dtb_compatible_tool_skus,
MH6,Hinge Pin,simple,Columbia Tools,part,parts,parts,part_family_without_compatibility_or_replacement,compatibility_research,Meta: _dtb_compatible_tool_skus,
CT79,Hollow Shaft,simple,Columbia Tools,part,parts,parts,part_family_without_compatibility_or_replacement,compatibility_research,Meta: _dtb_compatible_tool_skus,
CT68,Hub,simple,Columbia Tools,part,parts,parts,part_family_without_compatibility_or_replacement,compatibility_research,Meta: _dtb_compatible_tool_skus,
CT2,Insert Bushing for CT#7A,simple,Columbia Tools,part,parts,parts,part_family_without_compatibility_or_replacement,compatibility_research,Meta: _dtb_compatible_tool_skus,
MH13,Large Nyliner Bushing,simple,Columbia Tools,part,parts,parts,part_family_without_compatibility_or_replacement,compatibility_research,Meta: _dtb_compatible_tool_skus,
CT-WAFER-BUSHING,Wafer Bushing,variable,Columbia Tools,part,parts,parts,part_family_without_compatibility_or_replacement,compatibility_research,Meta: _dtb_compatible_tool_skus,
HP47,Latch Clamp Assembly,simple,Columbia Tools,part,parts,parts,part_family_without_compatibility_or_replacement,compatibility_research,Meta: _dtb_compatible_tool_skus,
HP46,Latch Keeper,simple,Columbia Tools,part,parts,parts,part_family_without_compatibility_or_replacement,compatibility_research,Meta: _dtb_compatible_tool_skus,
MP8,Leg,simple,Columbia Tools,part,parts,parts,part_family_without_compatibility_or_replacement,compatibility_research,Meta: _dtb_compatible_tool_skus,
HH17C,Line Pincher,simple,Columbia Tools,part,parts,parts,part_family_without_compatibility_or_replacement,compatibility_research,Meta: _dtb_compatible_tool_skus,
BH4,Lower Brake Lever,simple,Columbia Tools,part,parts,parts,part_family_without_compatibility_or_replacement,compatibility_research,Meta: _dtb_compatible_tool_skus,
MH3,Lower Mount Bracket,simple,Columbia Tools,part,parts,parts,part_family_without_compatibility_or_replacement,compatibility_research,Meta: _dtb_compatible_tool_skus,
BH3,Lower Mounting Bracket,simple,Columbia Tools,part,parts,parts,part_family_without_compatibility_or_replacement,compatibility_research,Meta: _dtb_compatible_tool_skus,
CT80,Manual Drive Grip,simple,Columbia Tools,part,parts,parts,part_family_without_compatibility_or_replacement,compatibility_research,Meta: _dtb_compatible_tool_skus,
MH2,Matrix Handle Head,simple,Columbia Tools,part,parts,parts,part_family_without_compatibility_or_replacement,compatibility_research,Meta: _dtb_compatible_tool_skus,
CT43,Micro Chain,simple,Columbia Tools,part,parts,parts,part_family_without_compatibility_or_replacement,compatibility_research,Meta: _dtb_compatible_tool_skus,
MH3A,Mounting Bracket Stem,simple,Columbia Tools,part,parts,parts,part_family_without_compatibility_or_replacement,compatibility_research,Meta: _dtb_compatible_tool_skus,
BH1,Mounting Plate,simple,Columbia Tools,part,parts,parts,part_family_without_compatibility_or_replacement,compatibility_research,Meta: _dtb_compatible_tool_skus,
MP24,Mud Pump Screen,simple,Columbia Tools,part,parts,parts,part_family_without_compatibility_or_replacement,compatibility_research,Meta: _dtb_compatible_tool_skus,
MP23,Mud Pump Seal,simple,Columbia Tools,part,parts,parts,part_family_without_compatibility_or_replacement,compatibility_research,Meta: _dtb_compatible_tool_skus,
HFFB1A-10,"Mud Seal Strip - 10""",simple,Columbia Tools,part,parts,parts,part_family_without_compatibility_or_replacement,compatibility_research,Meta: _dtb_compatible_tool_skus,
CT96,Mud Shut-Off Gasket,simple,Columbia Tools,part,parts,parts,part_family_without_compatibility_or_replacement,compatibility_research,Meta: _dtb_compatible_tool_skus,
CT98,Mud Supply Seal Plate & Shaft,simple,Columbia Tools,part,parts,parts,part_family_without_compatibility_or_replacement,compatibility_research,Meta: _dtb_compatible_tool_skus,
CT97,Mud Supply Valve Body,simple,Columbia Tools,part,parts,parts,part_family_without_compatibility_or_replacement,compatibility_research,Meta: _dtb_compatible_tool_skus,
CFB6,Mud Supply Valve Unit,simple,Columbia Tools,part,parts,parts,part_family_without_compatibility_or_replacement,compatibility_research,Meta: _dtb_compatible_tool_skus,
HNS17A,Nail Spotter Handle Tightness Screw,simple,Columbia Tools,part,parts,parts,part_family_without_compatibility_or_replacement,compatibility_research,Meta: _dtb_compatible_tool_skus,
CT63,Needle,simple,Columbia Tools,part,parts,parts,part_family_without_compatibility_or_replacement,compatibility_research,Meta: _dtb_compatible_tool_skus,
CT62,Needle Holding Shaft,simple,Columbia Tools,part,parts,parts,part_family_without_compatibility_or_replacement,compatibility_research,Meta: _dtb_compatible_tool_skus,
MP-PISTON-BACKING-WASHER,Piston Backing Washer,variable,Columbia Tools,part,parts,parts,part_family_without_compatibility_or_replacement,compatibility_research,Meta: _dtb_compatible_tool_skus,
CT64,Needle Return Shaft,simple,Columbia Tools,part,parts,parts,part_family_without_compatibility_or_replacement,compatibility_research,Meta: _dtb_compatible_tool_skus,
CT65,Needle Return Spring,simple,Columbia Tools,part,parts,parts,part_family_without_compatibility_or_replacement,compatibility_research,Meta: _dtb_compatible_tool_skus,
HFFB4D,Nylatron Bushing,simple,Columbia Tools,part,parts,parts,part_family_without_compatibility_or_replacement,compatibility_research,Meta: _dtb_compatible_tool_skus,
MP36,Nylatron Bushing,simple,Columbia Tools,part,parts,parts,part_family_without_compatibility_or_replacement,compatibility_research,Meta: _dtb_compatible_tool_skus,
CT76,Nylatron Washer,simple,Columbia Tools,part,parts,parts,part_family_without_compatibility_or_replacement,compatibility_research,Meta: _dtb_compatible_tool_skus,
FFB38,Nyliner Bearing,simple,Columbia Tools,part,parts,parts,part_family_without_compatibility_or_replacement,compatibility_research,Meta: _dtb_compatible_tool_skus,
HP45,O Ring Enclosure,simple,Columbia Tools,part,parts,parts,part_family_without_compatibility_or_replacement,compatibility_research,Meta: _dtb_compatible_tool_skus,
CT121A,O-Ring,simple,Columbia Tools,part,parts,parts,part_family_without_compatibility_or_replacement,compatibility_research,Meta: _dtb_compatible_tool_skus,
MP23A,O-Ring,simple,Columbia Tools,part,parts,parts,part_family_without_compatibility_or_replacement,compatibility_research,Meta: _dtb_compatible_tool_skus,
MH10,Octagon,simple,Columbia Tools,part,parts,parts,part_family_without_compatibility_or_replacement,compatibility_research,Meta: _dtb_compatible_tool_skus,
CT19,Paper Feed Guide,simple,Columbia Tools,part,parts,parts,part_family_without_compatibility_or_replacement,compatibility_research,Meta: _dtb_compatible_tool_skus,
MH17,Pinch Brake,simple,Columbia Tools,part,parts,parts,part_family_without_compatibility_or_replacement,compatibility_research,Meta: _dtb_compatible_tool_skus,
MH15,Pinch Brake Activator,simple,Columbia Tools,part,parts,parts,part_family_without_compatibility_or_replacement,compatibility_research,Meta: _dtb_compatible_tool_skus,
MH24,Pinch Brake Bushing,simple,Columbia Tools,part,parts,parts,part_family_without_compatibility_or_replacement,compatibility_research,Meta: _dtb_compatible_tool_skus,
MH18,Pinch Brake Housing,simple,Columbia Tools,part,parts,parts,part_family_without_compatibility_or_replacement,compatibility_research,Meta: _dtb_compatible_tool_skus,
MH19,Pinch Brake Sleeve,simple,Columbia Tools,part,parts,parts,part_family_without_compatibility_or_replacement,compatibility_research,Meta: _dtb_compatible_tool_skus,
MH25,Pinch Brake Stem,simple,Columbia Tools,part,parts,parts,part_family_without_compatibility_or_replacement,compatibility_research,Meta: _dtb_compatible_tool_skus,
MH12,PinchBrake Spring,simple,Columbia Tools,part,parts,parts,part_family_without_compatibility_or_replacement,compatibility_research,Meta: _dtb_compatible_tool_skus,
CT107,Piston Body,simple,Columbia Tools,part,parts,parts,part_family_without_compatibility_or_replacement,compatibility_research,Meta: _dtb_compatible_tool_skus,
CT111,Piston Cup,simple,Columbia Tools,part,parts,parts,part_family_without_compatibility_or_replacement,compatibility_research,Meta: _dtb_compatible_tool_skus,
MP14,Piston Cup,simple,Columbia Tools,part,parts,parts,part_family_without_compatibility_or_replacement,compatibility_research,Meta: _dtb_compatible_tool_skus,
HH16,Piston Housing,simple,Columbia Tools,part,parts,parts,part_family_without_compatibility_or_replacement,compatibility_research,Meta: _dtb_compatible_tool_skus,
CT-INSERT-BUSHING,Insert Bushing,variable,Columbia Tools,part,parts,parts,part_family_without_compatibility_or_replacement,compatibility_research,Meta: _dtb_compatible_tool_skus,
CT-NYLATRON-CHAIN-ROLLER,Nylatron Chain Roller,variable,Columbia Tools,part,parts,parts,part_family_without_compatibility_or_replacement,compatibility_research,Meta: _dtb_compatible_tool_skus,
HH23,Piston O-Ring,simple,Columbia Tools,part,parts,parts,part_family_without_compatibility_or_replacement,compatibility_research,Meta: _dtb_compatible_tool_skus,
MP11,Piston Shaft,simple,Columbia Tools,part,parts,parts,part_family_without_compatibility_or_replacement,compatibility_research,Meta: _dtb_compatible_tool_skus,
HNS18,Pivot,simple,Columbia Tools,part,parts,parts,part_family_without_compatibility_or_replacement,compatibility_research,Meta: _dtb_compatible_tool_skus,
BH2,Plate,simple,Columbia Tools,part,parts,parts,part_family_without_compatibility_or_replacement,compatibility_research,Meta: _dtb_compatible_tool_skus,
HP1,Pump Cylinder,simple,Columbia Tools,part,parts,parts,part_family_without_compatibility_or_replacement,compatibility_research,Meta: _dtb_compatible_tool_skus,
MP3,Pump Flapper Valve,simple,Columbia Tools,part,parts,parts,part_family_without_compatibility_or_replacement,compatibility_research,Meta: _dtb_compatible_tool_skus,
MP7,Pump Handle,simple,Columbia Tools,part,parts,parts,part_family_without_compatibility_or_replacement,compatibility_research,Meta: _dtb_compatible_tool_skus,
CT67,Ratchet Gear,simple,Columbia Tools,part,parts,parts,part_family_without_compatibility_or_replacement,compatibility_research,Meta: _dtb_compatible_tool_skus,
CT15,Ratchet Rod for Adjustable Brake,simple,Columbia Tools,part,parts,parts,part_family_without_compatibility_or_replacement,compatibility_research,Meta: _dtb_compatible_tool_skus,
CT92,Release Clip Bushing,simple,Columbia Tools,part,parts,parts,part_family_without_compatibility_or_replacement,compatibility_research,Meta: _dtb_compatible_tool_skus,
HH31,Release Clip Pin,simple,Columbia Tools,part,parts,parts,part_family_without_compatibility_or_replacement,compatibility_research,Meta: _dtb_compatible_tool_skus,
HH32,Release Clip Washer,simple,Columbia Tools,part,parts,parts,part_family_without_compatibility_or_replacement,compatibility_research,Meta: _dtb_compatible_tool_skus,
CT89,Release Rod Sleeve,simple,Columbia Tools,part,parts,parts,part_family_without_compatibility_or_replacement,compatibility_research,Meta: _dtb_compatible_tool_skus,
AH1B,Return Spring,simple,Columbia Tools,part,parts,parts,part_family_without_compatibility_or_replacement,compatibility_research,Meta: _dtb_compatible_tool_skus,
CT101,Return Spring,simple,Columbia Tools,part,parts,parts,part_family_without_compatibility_or_replacement,compatibility_research,Meta: _dtb_compatible_tool_skus,
CT54,Return Spring,simple,Columbia Tools,part,parts,parts,part_family_without_compatibility_or_replacement,compatibility_research,Meta: _dtb_compatible_tool_skus,
CT40,Return Spring Ring,simple,Columbia Tools,part,parts,parts,part_family_without_compatibility_or_replacement,compatibility_research,Meta: _dtb_compatible_tool_skus,
CT36,Return Spring Tube,simple,Columbia Tools,part,parts,parts,part_family_without_compatibility_or_replacement,compatibility_research,Meta: _dtb_compatible_tool_skus,
HH33,Rlease Trigger Spring,simple,Columbia Tools,part,parts,parts,part_family_without_compatibility_or_replacement,compatibility_research,Meta: _dtb_compatible_tool_skus,
FFB7-SHOE,Shoe,variable,Columbia Tools,part,parts,parts,part_family_without_compatibility_or_replacement,compatibility_research,Meta: _dtb_compatible_tool_skus,
CFB3,Side Plate,variable,Columbia Tools,part,parts,parts,part_family_without_compatibility_or_replacement,compatibility_research,Meta: _dtb_compatible_tool_skus,
CT90,Rod Sleeve Housing,simple,Columbia Tools,part,parts,parts,part_family_without_compatibility_or_replacement,compatibility_research,Meta: _dtb_compatible_tool_skus,
HNS12A,Roll Pin,simple,Columbia Tools,part,parts,parts,part_family_without_compatibility_or_replacement,compatibility_research,Meta: _dtb_compatible_tool_skus,
HNS13,Roll Pin Bushing,simple,Columbia Tools,part,parts,parts,part_family_without_compatibility_or_replacement,compatibility_research,Meta: _dtb_compatible_tool_skus,
CR2,Roller,simple,Columbia Tools,part,parts,parts,part_family_without_compatibility_or_replacement,compatibility_research,Meta: _dtb_compatible_tool_skus,
CT28,Roller Bushing,simple,Columbia Tools,part,parts,parts,part_family_without_compatibility_or_replacement,compatibility_research,Meta: _dtb_compatible_tool_skus,
CT125,Rollers,simple,Columbia Tools,part,parts,parts,part_family_without_compatibility_or_replacement,compatibility_research,Meta: _dtb_compatible_tool_skus,
FFB37,Rubber for Box Wheel,simple,Columbia Tools,part,parts,parts,part_family_without_compatibility_or_replacement,compatibility_research,Meta: _dtb_compatible_tool_skus,
CT87-CS,Rubber Seal,simple,Columbia Tools,part,parts,parts,part_family_without_compatibility_or_replacement,compatibility_research,Meta: _dtb_compatible_tool_skus,
AH4,Side Blade,simple,Columbia Tools,part,parts,parts,part_family_without_compatibility_or_replacement,compatibility_research,Meta: _dtb_compatible_tool_skus,
CT7A,Side Plate Hub,simple,Columbia Tools,part,parts,parts,part_family_without_compatibility_or_replacement,compatibility_research,Meta: _dtb_compatible_tool_skus,
MP39,Sleeve,simple,Columbia Tools,part,parts,parts,part_family_without_compatibility_or_replacement,compatibility_research,Meta: _dtb_compatible_tool_skus,
MH20,Small Nyliner Bushing,simple,Columbia Tools,part,parts,parts,part_family_without_compatibility_or_replacement,compatibility_research,Meta: _dtb_compatible_tool_skus,
AH18,Socket Wear Cap,simple,Columbia Tools,part,parts,parts,part_family_without_compatibility_or_replacement,compatibility_research,Meta: _dtb_compatible_tool_skus,
CT119,Spool Retaining Spring,simple,Columbia Tools,part,parts,parts,part_family_without_compatibility_or_replacement,compatibility_research,Meta: _dtb_compatible_tool_skus,
AH1A,Spring Housing,simple,Columbia Tools,part,parts,parts,part_family_without_compatibility_or_replacement,compatibility_research,Meta: _dtb_compatible_tool_skus,
FFB4B,Stainless Steel Backing Washer,simple,Columbia Tools,part,parts,parts,part_family_without_compatibility_or_replacement,compatibility_research,Meta: _dtb_compatible_tool_skus,
CT6A,Stainless Steel Side Plate - Left,simple,Columbia Tools,part,parts,parts,part_family_without_compatibility_or_replacement,compatibility_research,Meta: _dtb_compatible_tool_skus,
FFB4A,Stainless Steel Washer,simple,Columbia Tools,part,parts,parts,part_family_without_compatibility_or_replacement,compatibility_research,Meta: _dtb_compatible_tool_skus,
CT116A,Strap,simple,Columbia Tools,part,parts,parts,part_family_without_compatibility_or_replacement,compatibility_research,Meta: _dtb_compatible_tool_skus,
AH8-CLIP,Top Retainer Corner Clip,variable,Columbia Tools,part,parts,parts,part_family_without_compatibility_or_replacement,compatibility_research,Meta: _dtb_compatible_tool_skus,
BH11,Strap Connecting Pin,simple,Columbia Tools,part,parts,parts,part_family_without_compatibility_or_replacement,compatibility_research,Meta: _dtb_compatible_tool_skus,
CR12,Swivel Coupling Pin,simple,Columbia Tools,part,parts,parts,part_family_without_compatibility_or_replacement,compatibility_research,Meta: _dtb_compatible_tool_skus,
CT57,Tape Advance Carriage,simple,Columbia Tools,part,parts,parts,part_family_without_compatibility_or_replacement,compatibility_research,Meta: _dtb_compatible_tool_skus,
CT120,Tape Spool,simple,Columbia Tools,part,parts,parts,part_family_without_compatibility_or_replacement,compatibility_research,Meta: _dtb_compatible_tool_skus,
CT14A,Taper Adjustable Brake,simple,Columbia Tools,part,parts,parts,part_family_without_compatibility_or_replacement,compatibility_research,Meta: _dtb_compatible_tool_skus,
FFB32A,Thumb Release Clip Screw,simple,Columbia Tools,part,parts,parts,part_family_without_compatibility_or_replacement,compatibility_research,Meta: _dtb_compatible_tool_skus,
CT53,Toe Kicker,simple,Columbia Tools,part,parts,parts,part_family_without_compatibility_or_replacement,compatibility_research,Meta: _dtb_compatible_tool_skus,
CT92A,Toe Kicker Caple Retainer Clip,simple,Columbia Tools,part,parts,parts,part_family_without_compatibility_or_replacement,compatibility_research,Meta: _dtb_compatible_tool_skus,
HH10A,Top Cap,simple,Columbia Tools,part,parts,parts,part_family_without_compatibility_or_replacement,compatibility_research,Meta: _dtb_compatible_tool_skus,
BH5,Upper Mounting Bracket,simple,Columbia Tools,part,parts,parts,part_family_without_compatibility_or_replacement,compatibility_research,Meta: _dtb_compatible_tool_skus,
HH2,Upper Mounting Bracket,simple,Columbia Tools,part,parts,parts,part_family_without_compatibility_or_replacement,compatibility_research,Meta: _dtb_compatible_tool_skus,
HNS20,Wedge,simple,Columbia Tools,part,parts,parts,part_family_without_compatibility_or_replacement,compatibility_research,Meta: _dtb_compatible_tool_skus,
804003F,TapeTech Grip Assembly For Box Handle,simple,TapeTech,part,parts,parts,part_family_without_compatibility_or_replacement,compatibility_research,Meta: _dtb_compatible_tool_skus,
