SKU,Brand,Product,Regular Price,Sale Price,Al's Taping Tools Price,Wall Tools Price,All-Wall Price
3BH,Columbia Tools,Columbia 180° Grip Flat Box Handle - 3',189.26,,189.26,,189.99
42BH,Columbia Tools,"Columbia 180° Grip Flat Box Handle - 42""",205.49,,205.49,,205.99
4BH,Columbia Tools,Columbia 180° Grip Flat Box Handle - 4',210.89,,210.89,210.89,210.99
5BH,Columbia Tools,Columbia 180° Grip Flat Box Handle - 5',221.71,,221.71,,221.99
6BH,Columbia Tools,Columbia 180° Grip Flat Box Handle - 6',232.52,,232.52,,232.99
2AH,Columbia Tools,"Columbia Angle Head - 2""",410.97,,410.97,,410.99
2.5AH,Columbia Tools,"Columbia Angle Head - 2.5""",421.79,,421.79,,421.99
3AH,Columbia Tools,"Columbia Angle Head - 3""",443.42,,443.42,,443.99
3.5AH,Columbia Tools,"Columbia Angle Head - 3.5""",470.80,,454.23,,454.99
8FBBA,Columbia Tools,"Columbia Automatic Fat Boy Box - 8""",481.27,,481.27,,481.99
10FBBA,Columbia Tools,"Columbia Automatic Fat Boy Box - 10""",492.08,,492.08,492.08,492.99
12FBBA,Columbia Tools,"Columbia Automatic Fat Boy Box - 12""",502.90,,502.90,,502.99
8FFBA,Columbia Tools,"Columbia Automatic Flat Box - 8""",421.79,,,431.93,421.99
10FFBA,Columbia Tools,"Columbia Automatic Flat Box - 10""",427.19,,,427.19,427.99
12FFBA,Columbia Tools,"Columbia Automatic Flat Box - 12""",432.60,,,432.60,432.99
14FFBA,Columbia Tools,"Columbia Automatic Flat Box - 14""",438.01,,438.01,438.01,438.99
STAPER,Columbia Tools,"Columbia Automatic Taper - Sawed Off 39""",1715.43,,1649.29,1649.29,1649.29
TAPER,Columbia Tools,"Columbia Automatic Taper - Standard 53""",1715.43,,1649.29,1649.29,1649.29
PTAPER,Columbia Tools,Columbia One Predator Taper,2145.46,,,,
ICA2-1,Columbia Tools,"Columbia Billet Mud Applicator - Inside Corner - 2 Wheels - 1""",68.13,,68.13,68.13,68.99
ICA4-1,Columbia Tools,"Columbia Billet Mud Applicator - Inside Corner - 4 Wheels - 1""",85.44,,85.44,85.43,85.99
ICATW,Columbia Tools,Columbia Billet Mud Applicator - Two-Way Internal Corner - 4 Wheels,116.80,,116.80,116.80,116.99
CEXT90,Columbia Tools,Columbia Billet Mud Applicator - External 90,127.62,,127.62,127.62,127.99
CFLT,Columbia Tools,Columbia Billet Mud Applicator - Flat,91.93,,91.93,91.94,91.99
BF,Columbia Tools,Columbia Box Filler - Standard,75.71,,75.71,75.71,75.99
TBBF,Columbia Tools,Columbia Box Filler - Tall Boy,75.71,,,75.71,75.99
CLT24,Columbia Tools,"Columbia Cam Lock Tube - 24""",270.95,,,,257.99
CLT32,Columbia Tools,"Columbia Cam Lock Tube - 32""",279.72,,268.21,268.22,268.99
CLT42,Columbia Tools,"Columbia Cam Lock Tube - 42""",297.33,,280.11,280.10,280.99
CLT55,Columbia Tools,"Columbia Cam Lock Tube - 55""",307.89,,278.10,,278.99
2.5CSF,Columbia Tools,"Columbia Combo Flusher - 2.5""",190.27,,,,163.99
3CSF,Columbia Tools,"Columbia Combo Flusher - 3""",196.25,,163.31,,168.99
3WTCSF,Columbia Tools,"Columbia Combo Flusher - 3"" Widetrack",196.25,,,,
3.5CSF,Columbia Tools,"Columbia Combo Flusher - 3.5""",202.25,,,,181.99
CMT24,Columbia Tools,"Columbia Compound Tube - 24""",197.91,,197.91,,197.99
CMT32,Columbia Tools,"Columbia Compound Tube - 32""",208.73,,208.73,,208.99
CMT42,Columbia Tools,"Columbia Compound Tube - 42""",221.71,,221.71,,221.99
CMT55,Columbia Tools,"Columbia Compound Tube - 55""",232.52,,,,232.99
2.5DF,Columbia Tools,"Columbia Direct Flusher - 2.5""",127.62,,127.62,,127.99
3DF,Columbia Tools,"Columbia Direct Flusher - 3""",133.02,,133.02,,130.99
3WTDF,Columbia Tools,"Columbia Direct Flusher - 3"" Widetrack",140.60,,115.00,,140.99
3.5DF,Columbia Tools,"Columbia Direct Flusher - 3.5""",146.00,,146.00,,146.00
4DF,Columbia Tools,"Columbia Direct Flusher - 4""",151.41,,,,
5.5FBB,Columbia Tools,"Columbia Fat Boy Flat Box - 5.5""",384.39,,,,
8FBB,Columbia Tools,"Columbia Fat Boy Flat Box - 8""",443.42,,,,443.99
10FBB,Columbia Tools,"Columbia Fat Boy Flat Box - 10""",454.23,,,,454.99
12FBB,Columbia Tools,"Columbia Fat Boy Flat Box - 12""",465.05,,,,465.99
5.5FFB,Columbia Tools,"Columbia Flat Finisher Box - 5.5""",367.71,,367.71,,367.99
7FFB,Columbia Tools,"Columbia Flat Finisher Box - 7""",378.53,,378.53,,378.99
8FFB,Columbia Tools,"Columbia Flat Finisher Box - 8""",389.34,,389.34,,389.99
10FFB,Columbia Tools,"Columbia Flat Finisher Box - 10""",400.16,,400.16,400.16,400.99
12FFB,Columbia Tools,"Columbia Flat Finisher Box - 12""",410.97,,410.97,410.97,410.99
14FFB,Columbia Tools,"Columbia Flat Finisher Box - 14""",421.79,,421.79,,421.99
GN,Columbia Tools,Columbia Gooseneck - Standard,100.42,,108.15,108.15,108.99
TBGN,Columbia Tools,Columbia Gooseneck - Tall Boy,146.00,,146.00,146.00,146.00
HMP,Columbia Tools,Columbia Hot Mud Pump - Standard,410.97,,410.97,410.97,410.99
TBMP,Columbia Tools,Columbia Hot Mud Pump - Tall Boy,540.03,,492.08,492.07,492.99
HMP-C,Columbia Tools,Columbia Hot Mud Pump - CDN,380.00,,,,
MHS,Columbia Tools,"Columbia Matrix Flat Box Handle - 29""-39""",375.00,,340.67,340.67,340.99
MH,Columbia Tools,"Columbia Matrix Flat Box Handle - 40""-60""",409.00,,351.49,351.49,351.99
MHL,Columbia Tools,"Columbia Matrix Flat Box Handle - 56""-76""",495.00,,373.12,373.12,373.99
2NS,Columbia Tools,"Columbia Nail Spotter - 2""",324.00,,297.41,,297.99
3NS,Columbia Tools,"Columbia Nail Spotter - 3""",324.00,,308.23,,308.99
C1HEXT,Columbia Tools,Columbia One Handle - Extendable 3'-5',135.45,,135.19,135.18,135.99
CHXL,Columbia Tools,Columbia One Handle - Long Extendable 4'-8',174.49,,,173.03,173.99
C1HS,Columbia Tools,Columbia One Handle - Stubby,49.44,,,,49.44
C1H,Columbia Tools,Columbia One Handle - Fixed,64.89,,64.89,64.88,64.99
COBCR,Columbia Tools,Columbia Outside Corner Roller - Standard,86.52,,86.52,86.52,87.00
CBNCR,Columbia Tools,Columbia Outside Corner Roller - Bullnose,86.52,,86.52,90.06,87.00
COBCRE,Columbia Tools,Columbia Outside Corner Roller - European,79.06,,,,
COBCRW,Columbia Tools,Columbia Outside Corner Roller - Wide,86.52,,86.52,,87.00
PMHS,Columbia Tools,"Columbia Predator Matrix Handle - Short 29""-39""",384.00,,,,
PMH,Columbia Tools,"Columbia Predator Matrix Handle - 40""-60""",418.00,,,,
PMHL,Columbia Tools,"Columbia Predator Matrix Handle - Long 56""-76""",503.00,,,,
PC1HEXT,Columbia Tools,Columbia Predator One Handle - Extendable 3'-5',169.70,,160.27,,
PC1H,Columbia Tools,Columbia Predator One Handle - 4' Fixed,95.79,,95.79,,
PCHXL,Columbia Tools,Columbia Predator One Handle - Long Extendable 4'-8',216.15,,,,
2.5SF,Columbia Tools,"Columbia Standard Flusher - 2.5""",116.80,,116.80,,116.99
3SF,Columbia Tools,"Columbia Standard Flusher - 3""",122.21,,122.21,,122.99
3WTSF,Columbia Tools,"Columbia Standard Flusher - 3"" Widetrack",127.62,,,,127.99
3.5SF,Columbia Tools,"Columbia Standard Flusher - 3.5""",133.02,,133.02,,133.99
4SF,Columbia Tools,"Columbia Standard Flusher - 4""",140.60,,140.60,,
7CFB,Columbia Tools,"Columbia Throttle Corner Flusher Box - 7""",313.64,,313.64,,313.99
8CFB,Columbia Tools,"Columbia Throttle Corner Flusher Box - 8""",334.37,,324.45,,324.99
TCS,Columbia Tools,Columbia Semi-Automatic Tool Case,203.50,,,,210.99
RC,Columbia Tools,Columbia Road Case,1020.16,,1020.16,,1020.99
FMH,Columbia Tools,Columbia UHMW Mud Applicator - L-Trim,98.00,,91.93,,91.99
IA90,Columbia Tools,Columbia UHMW Mud Applicator - Inside 90°,98.00,,91.93,91.93,91.99
OA90,Columbia Tools,Columbia UHMW Mud Applicator - Outside 90°,98.00,,91.93,91.93,91.99
OA90-325,Columbia Tools,Columbia UHMW Mud Applicator - Outside 90° 325,91.93,,,,
CPFP,Columbia Tools,Columbia PowerFill 3.5 Pro Series Cordless Loading Pump,1473.00,,,,
CPFGN,Columbia Tools,Columbia Powerfill 5 Gallon Taper Gooseneck Fill Tube,275.00,,,,
FA280,Columbia Tools,#10 Belleville Washer,1.00,,,0.55,1.05
FA268,Columbia Tools,#10 Flat Washer,2.25,,,0.55,0.54
FA270,Columbia Tools,"#10 x 3/4"" Fender Washer",2.50,,,1.48,2.10
FA228,Columbia Tools,#6 Flat Washer,1.00,,,0.55,
FA229,Columbia Tools,#6 Lock Washer,1.00,,,0.55,
FA230,Columbia Tools,#6 Star Washer,1.00,,,0.55,
FA253,Columbia Tools,#8 Flat Washer,1.85,,,0.55,1.05
FA252,Columbia Tools,#8 Star Washer,2.05,,,0.55,1.15
FA202,Columbia Tools,"1/16 X 1/2"" Cotter Pin",1.00,,,0.55,
FA200,Columbia Tools,"1/16 x 1/4"" Split Pin",1.00,,,0.55,1.05
FA203,Columbia Tools,"1/16 x 3/4"" Cotter Pin",1.00,,,0.55,
FA3,Columbia Tools,"1/2"" x 7/8"" Flat Washer",2.50,,,1.48,2.10
CT109,Columbia Tools,1/4 - 20 Hex Nut,6.00,,,4.53,
FA296,Columbia Tools,"1/4 -20 x 1/2"" Hex Bolt",3.35,,,0.69,1.00
FA295,Columbia Tools,"1/4 x 1/2"" Flathead Socket",3.45,,,0.55,1.05
FA379,Columbia Tools,"1/4"" SS E-Clip",3.25,,,,
FA286,Columbia Tools,"1/4"" x 1/2"" Flat Washer",1.00,,,0.55,
FA288,Columbia Tools,"1/4"" X 3/4"" Split Pin",2.25,,,2.03,2.36
FA291,Columbia Tools,1/4-20 Hex Nut,2.00,,,1.16,
FA299,Columbia Tools,"1/4-20 x 1 1/2"" Pan Phillips",4.00,,,2.71,4.33
FA313,Columbia Tools,1/4-20 X 1/4 Socket Head Set Screw,2.00,,,,
FA301,Columbia Tools,"1/4-20 x 2 1/4"" Hex Bolt",3.00,,,2.71,
FA300,Columbia Tools,"1/4-20 x 2"" Hex Bolt",4.25,,,2.71,3.83
FA294,Columbia Tools,"1/4-20 x 38"" Socket",3.25,,,2.03,2.75
FA297,Columbia Tools,"1/4-20 x 5/8"" Socket",2.00,,,2.03,2.75
FA298,Columbia Tools,"1/4-20 x 7/8"" Flat Socket",2.85,,,0.55,1.05
FA302,Columbia Tools,"1/4-28 x 1/4"" Set Screw",3.85,,,1.53,2.15
FA320,Columbia Tools,"1/4-28-3/8"" Socket Set Screw",2.00,,,,
HFFB14-8,Columbia Tools,"Flat Box Hinged Door Gasket - 8""",16.50,,,38.79,45.20
HFFB14-10,Columbia Tools,"Flat Box Hinged Door Gasket - 10""",42.00,,,38.79,45.20
HFFB14-12,Columbia Tools,"Flat Box Hinged Door Gasket - 12""",42.00,,,38.79,45.20
HFFB14-14,Columbia Tools,"Flat Box Hinged Door Gasket - 14""",42.00,,,38.79,
FFB25-10,Columbia Tools,"Rubber Gasket Retainer - 10""",24.95,,6.00,5.15,7.50
FFB25-12,Columbia Tools,"Rubber Gasket Retainer - 12""",28.50,,,5.15,7.50
AH3-2,Columbia Tools,"Top Blade - 2""",38.95,,,,36.34
AH3-2.5,Columbia Tools,"Top Blade - 2.5""",27.53,,,,36.34
AH3-3,Columbia Tools,"Top Blade - 3""",44.95,,,,36.34
AH3-3.5,Columbia Tools,"Top Blade - 3.5""",27.53,,,31.19,36.34
FA380,Columbia Tools,"1/8"" SS E-Clip",2.95,,,,
FA225,Columbia Tools,"1/8"" x 3/8"" Rivet Shoulder Washer",2.05,,,1.48,2.10
FA224,Columbia Tools,"1/8"" x 3/8"" Split Pin",1.95,,,0.81,1.15
FA271,Columbia Tools,10-24 Nyloc Nut,2.00,,,1.48,
FA272,Columbia Tools,10-24 Wing Nut,2.00,,,1.48,
FA273,Columbia Tools,"10-24 x 1"" Hex Bolt",3.25,,,1.48,
FA312,Columbia Tools,"10-24 X 1/4"" Socket Hand Set",2.85,,,1.48,2.15
FA274,Columbia Tools,"10-24 x 3/8"" Socket",2.65,,,2.03,2.75
FA275,Columbia Tools,"10-24 x 7/8"" Hex Bolt",3.15,,,1.53,
FA276,Columbia Tools,"10-24 x 7/8"" Pan Slot",3.35,,,0.55,1.05
FA316,Columbia Tools,"10-32 X 1/2"" Flat Socket Head",2.00,,,,
FA382,Columbia Tools,"10-32 x 1/4"" SS Set Screw",1.00,,,,
FA199,Columbia Tools,"2-56 x 3/16"" Binder Slot",1.00,,,0.55,
FA365,Columbia Tools,"3/16 x 1"" Sping Pin SS",3.00,,,,
FA206,Columbia Tools,4-40 Hex Nut,2.00,,,1.48,
FA207,Columbia Tools,4-40 Nyloc Nut,2.50,,,1.48,
FA219,Columbia Tools,"4-40 x 1/2"" Fillister Slot",1.00,,,0.55,1.05
FA213,Columbia Tools,"4-40 x 1/4"" Binder Slot",1.00,,,0.55,
FA214,Columbia Tools,"4-40 x 1/4"" Flat Slot",1.00,,,0.55,
FA2,Columbia Tools,"4-40 x 1/8"" Binder Slot",1.65,,,0.55,
FA210,Columbia Tools,"4-40 x 3/16"" Binder Slot",1.00,,,0.55,
FA212,Columbia Tools,"4-40 x 3/16"" Truss Slot",1.00,,,0.55,
FA220,Columbia Tools,"4-40 x 3/4"" Hex Bolt",2.35,,,0.55,
FA218,Columbia Tools,"4-40 x 3/8"" Flat Slot",1.00,,,0.55,
FA216,Columbia Tools,4-40 X 3/8” Fillister Slot,2.00,,,0.55,
FA215,Columbia Tools,"4-40 x 5/16"" Binder Slot",1.95,,,0.55,
FA303,Columbia Tools,5-16 Flat Washer,3.00,,,2.71,
FA307,Columbia Tools,5-16 x 24 Jam Nut,3.00,,,1.48,
FA305,Columbia Tools,"5/16 -18 x 3/4"" Hex Bolt",4.15,,,2.71,3.65
FA306,Columbia Tools,"5/16-18 x 1 1/4"" Hex Bolt",3.45,,,2.71,3.48
CFB10,Columbia Tools,"5/16-18 x 3/4"" Thumb Screw",6.00,,,5.16,7.30
FA317,Columbia Tools,"5/32"" x 7/8"" Roll Pin",2.00,,,,2.10
FA232,Columbia Tools,6-32 Hex Nut,1.75,,,1.48,2.10
FA234,Columbia Tools,6-32 Nyloc Jam Nut,2.65,,,1.32,1.85
FA233,Columbia Tools,6-32 Nyloc Nut,2.00,,,1.48,
FA245,Columbia Tools,"6-32 x 1/2"" Fillister Slot",2.15,,,0.71,1.05
FA244,Columbia Tools,"6-32 x 1/2"" Pan Slot",1.00,,,0.55,
FFB11-8,Columbia Tools,"Adjuster Spring - 8""",8.00,,,7.11,10.05
FFB11-10,Columbia Tools,"Adjuster Spring - 10""",8.00,,,7.11,10.05
FFB11-12,Columbia Tools,"Adjuster Spring - 12""",8.00,,,7.11,
FA239,Columbia Tools,"6-32 X 1/4"" Binder Slot",1.00,,,0.55,
FA227,Columbia Tools,"6-32 X 1/4"" Flat Slot",2.00,,,1.48,
FA236,Columbia Tools,"6-32 X 1/8"" Binder Slot",1.00,,,,1.05
FA235,Columbia Tools,"6-32 X 1/8"" Set Screw",2.00,,,1.11,
FA237,Columbia Tools,"6-32 x 3/16"" Binder Slot",1.00,,,0.55,
FA238,Columbia Tools,"6-32 X 3/16"" Fillister Slot",2.00,,,1.16,
FA241,Columbia Tools,"6-32 X 3/8"" Binder Slot",1.00,,,0.55,
FA243,Columbia Tools,"6-32 x 3/8"" Flat Slot",1.00,,,0.55,
FA231,Columbia Tools,"6-32 x 3/8"" Hex Bolt",2.25,,,1.06,1.55
FA247,Columbia Tools,"6-32 X 5/8"" Hex Bolt",2.45,,,1.34,1.95
FA254,Columbia Tools,8-32 Nyloc Nut,2.00,,,1.48,
FA267,Columbia Tools,"8-32 x 1 1/2"" Pan Slot",2.85,,,0.69,1.05
FA262,Columbia Tools,"8-32 x 1/2"" Socket",2.95,,,1.85,1.86
FA257,Columbia Tools,"8-32 x 1/4"" Fillister Slot",1.00,,,0.55,
FA256,Columbia Tools,"8-32 X 3/16"" Pan Slot",2.15,,,0.55,
FA265,Columbia Tools,"8-32 x 3/4"" Truss Slot",1.00,,,0.55,
FA260,Columbia Tools,"8-32 x 3/8"" Pan Slot",1.00,,,0.55,
FA261,Columbia Tools,"8-32 X 3/8"" Socket Screw",2.75,,,0.69,1.21
FA376,Columbia Tools,8-32 x 5/16 SS Socket Head,2.00,,,,
FA264,Columbia Tools,"8-32 x 5/8"" Truss Slot",1.00,,,0.69,
FA258,Columbia Tools,8-32X 1/4 Half Dog Set,2.00,,,1.48,
FA249,Columbia Tools,"8-32X3/16"" Set Screw",2.00,,,1.48,
FFB5-7,Columbia Tools,"Axle - 7""",44.00,,,,
FFB5-8,Columbia Tools,"Axle - 8""",44.00,,,,
FFB5-10,Columbia Tools,"Axle - 10""",44.00,,,,
FFB5-12,Columbia Tools,"Axle - 12""",44.00,,,,
FFB5-14,Columbia Tools,"Axle - 14""",44.00,,,,
FFB9-5.5,Columbia Tools,"Blade - 5.5""",18.75,,3.14,,4.70
FFB9-7,Columbia Tools,"Blade - 7""",22.50,,305.00,,4.58
FFB9-8,Columbia Tools,"Blade - 8""",24.95,,305.00,,4.70
FFB9-10,Columbia Tools,"Blade - 10""",28.95,,4.15,,
FFB9-12,Columbia Tools,"Blade - 12""",32.50,,,,
FFB9-14,Columbia Tools,"Blade - 14""",36.95,,,,7.38
HNS7-2,Columbia Tools,"Blade - 2""",23.00,,,,
HNS7-3,Columbia Tools,"Blade - 3""",23.00,,,,
FFB5A,Columbia Tools,Axel Bushing,3.00,,,2.67,3.78
MP32,Columbia Tools,Backing Washer Locator,18.95,,,1.96,2.85
FFB8,Columbia Tools,Bar Retainer Clip,2.00,,,1.96,
CT103,Columbia Tools,Barrel- Main Body,114.11,,251.06,129.30,150.64
CT125A,Columbia Tools,Bearing,19.95,,,3.23,4.58
BH24A,Columbia Tools,Bearing Sleeve,4.00,,,3.83,
CFB16,Columbia Tools,Bearing Sleeve,18.75,,,5.15,7.28
CR-3,Columbia Tools,Bearing Sleeve,19.99,,,6.48,9.45
HNS8-2,Columbia Tools,"Blade Holder - 2""",33.00,,,32.99,38.44
HNS8-3,Columbia Tools,"Blade Holder - 3""",33.00,,,32.99,38.44
AH9A,Columbia Tools,"Bottom Retainer Corner Clip - 3.5""",11.50,,,9.71,
AH9,Columbia Tools,Bottom Retainer Corner Clip - Standard,10.00,,,9.71,
BH9-3,Columbia Tools,Brake Connecting Strap - 3',27.00,,,24.79,
BH9-42,Columbia Tools,"Brake Connecting Strap - 42""",29.00,,,26.84,
BH9-4,Columbia Tools,Brake Connecting Strap - 4',31.00,,,28.90,
BH9-5,Columbia Tools,Brake Connecting Strap - 5',33.00,,,30.96,
BH9-6,Columbia Tools,Brake Connecting Strap - 6',35.00,,,33.02,
HH16A,Columbia Tools,Bleeder Screw,17.00,,,4.82,
HH10B,Columbia Tools,Bottom Cap,2.00,,,,
CFB8,Columbia Tools,Box Mount,44.00,,,,52.72
FFB36,Columbia Tools,Box Wheel,5.00,,,,
CT87A,Columbia Tools,Bracket Brace,14.50,,,7.77,10.98
HH7,Columbia Tools,Brake,22.00,,,,26.52
MH9A,Columbia Tools,Brake Activation Rod,24.00,,,,
CT16,Columbia Tools,Brake Dog,15.00,,,16.16,
HH13,Columbia Tools,Brake Pin,16.00,,,,19.46
HH14,Columbia Tools,Brake Piston,17.00,,,17.42,
MH8,Columbia Tools,Brake Rod Bushing,8.00,,,,
HH12,Columbia Tools,Brake Spring,5.00,,,,6.55
HH17A,Columbia Tools,Brass Connector - 1,5.00,,,,6.80
HH17B,Columbia Tools,Brass Connector - 2,5.00,,,4.76,6.80
CT72,Columbia Tools,Cable,10.00,,,7.77,
CT73,Columbia Tools,Cable Drum,34.23,,46.53,38.77,45.16
BH26,Columbia Tools,Cam,21.95,,9.62,8.25,12.38
BH7,Columbia Tools,Cam Follower,15.00,,,13.43,
HH19,Columbia Tools,Cap,17.00,,,,
CT35,Columbia Tools,Cap Reinforcing Tab,4.00,,,3.23,4.58
CT55,Columbia Tools,Carriage Guide Rod,12.00,,,12.93,15.06
CT56,Columbia Tools,Carriage Guide Rod Stop,7.00,,,6.48,9.18
CT31,Columbia Tools,Chain Tension & Guide Bracket,6.00,,,5.82,
CT83,Columbia Tools,Clutch Dog,3.00,,,3.23,4.70
CT82,Columbia Tools,Clutch Lever,19.75,,,25.84,30.12
CT88,Columbia Tools,Clutch Release Rod,16.50,,,15.52,18.10
CT85,Columbia Tools,Clutch Release Shaft,40.00,,,38.77,45.18
CT81,Columbia Tools,Clutch Return Spring,3.00,,,2.60,3.68
HH9,Columbia Tools,Coiled Hydraulic Line,40.00,,,44.20,50.01
HP44,Columbia Tools,Collar O-Ring,2.00,,,1.62,2.35
AHA,Columbia Tools,Angle Head Adapter,24.87,,24.87,24.88,
CMH,Columbia Tools,Columbia Closet Monster Handle,123.28,,113.56,113.56,113.99
CC,Columbia Tools,Columbia Corner Cobra,401.00,,367.71,367.70,368.00
CR,Columbia Tools,Columbia Corner Roller,167.63,,167.63,,162.75
CT86,Columbia Tools,CT86 – Toe Kicker Cable,17.12,,,19.41,22.60
FA259,Columbia Tools,"FA259 8-32 X 5/16"" Binder Slot",1.00,,,0.55,
FA292,Columbia Tools,FA292 1/4-20 Nyloc Jam Nut,3.15,,,1.36,1.93
HNS4-2,Columbia Tools,"Door - 2""",33.00,,,,
HNS4-3,Columbia Tools,"Door - 3""",33.00,,,,
FA311,Columbia Tools,"FA311 1/4-28 X 1/2"" Socket Head",2.00,,,1.53,
FA315,Columbia Tools,"FA315 10-32 X 3/8"" Flat Socket Head",2.00,,,,2.10
PCLT42,Columbia Tools,Columbia Predator Camlock Tube,368.05,,,,
PCMT42,Columbia Tools,"Columbia Predator Compound Tube 42""",274.93,,,,
PHMP,Columbia Tools,Columbia Predator Mud Pump,496.42,,496.42,,
SAT,Columbia Tools,Columbia Semi Automatic Taper,244.50,,,243.32,243.99
CFB5B,Columbia Tools,Cone Ball,16.00,,,,19.46
CT132,Columbia Tools,Connecting Link,2.00,,,3.87,
MH7,Columbia Tools,Connecting Link Fork,29.00,,,,
MH5,Columbia Tools,Connecting Link Pin,5.00,,,,
CT45,Columbia Tools,Connecting Rod,22.95,,,17.46,20.34
MH16,Columbia Tools,Connecting Rod Housing,8.00,,,,
CT112,Columbia Tools,Connecting Stud,11.00,,,10.85,12.64
CT104,Columbia Tools,Connection Strap,18.95,,22.00,11.64,
CT105,Columbia Tools,Crimper Lever,34.50,,,29.72,34.62
CT10A,Columbia Tools,Crimping Arm Shaft Bushing - L,13.95,,,4.85,7.08
CT47,Columbia Tools,Crimping Wheel,18.95,,,12.93,15.06
CT50,Columbia Tools,Crimping Wheel Bushing,6.00,,,5.82,8.23
CR4,Columbia Tools,Cut Washer,3.00,,,3.80,5.40
CT42A,Columbia Tools,Diamond Blade,2.00,,,1.96,
CT13,Columbia Tools,Dog Base Bracket,16.00,,,12.41,14.46
CFB4-7,Columbia Tools,"Door - 7""",42.50,,,12.93,
CFB4-8,Columbia Tools,"Door - 8""",46.95,,,12.93,
HNS15-2,Columbia Tools,"Door Gasket - 2""",36.00,,,37.54,43.74
HNS15-3,Columbia Tools,"Door Gasket - 3""",35.00,,,37.54,43.74
CFB7-7,Columbia Tools,"Door Gasket - 7""",34.23,,,38.77,
CFB7-8,Columbia Tools,"Door Gasket - 8""",34.23,,,38.77,
HNS10A,Columbia Tools,Door Spring - Short,18.75,,,4.16,6.05
HNS10,Columbia Tools,Door Spring - Long,18.75,,,4.51,6.38
CT71,Columbia Tools,Drive Sprocket - Small,15.00,,,15.52,22.63
CT77,Columbia Tools,Drive Sprocket - Large,57.02,,,64.63,75.30
CFB15,Columbia Tools,Door Hinge,24.95,,,25.84,30.10
FFB17,Columbia Tools,Door Spring,5.00,,,4.53,
FFB16,Columbia Tools,Door Spring Nut,5.00,,,5.20,7.35
CFB11A,Columbia Tools,Door Stop,3.00,,,,3.68
FFB32,Columbia Tools,Door Stop,3.00,,,2.60,3.78
CT78,Columbia Tools,Drive Chain,75.30,,,85.33,99.40
CT70,Columbia Tools,Drive Shaft,33.00,,,32.32,37.64
CT87,Columbia Tools,Engraved Cover Plate Cap,42.00,,,,
HH5,Columbia Tools,Extension Housing,33.00,,,,
HH30,Columbia Tools,Extension Release Trigger,14.25,,,18.08,
CT130,Columbia Tools,Extension Shaft,32.50,,21.94,23.29,27.14
AH7-2,Columbia Tools,"Frame Tension Spring - 2""",12.50,,1.47,,1.90
AH7-2.5,Columbia Tools,"Frame Tension Spring - 2.5""",2.00,,,,1.90
AH7-3,Columbia Tools,"Frame Tension Spring - 3""",13.25,,,,1.90
AH7-3.5,Columbia Tools,"Frame Tension Spring - 3.5""",14.50,,,,1.90
CT127,Columbia Tools,Extension Shaft Bracket,28.52,,,32.32,36.56
MP33,Columbia Tools,Filler Gasket,2.00,,,1.48,
MP28,Columbia Tools,Filler Nut,12.25,,,8.42,12.28
MP25,Columbia Tools,Filler Studs,10.00,,,9.71,11.32
MP2,Columbia Tools,Foot Valve Casting,29.00,,,29.10,33.90
AH5,Columbia Tools,Frame Retainer Clip,2.00,,,1.62,2.28
AH6A,Columbia Tools,Funnel Retainer Clip,19.00,,,20.05,23.36
MH21,Columbia Tools,Grip Adjuster Housing,21.95,,,,
MH23,Columbia Tools,Grip Adjusting Fastener,11.00,,,,
MH22,Columbia Tools,Grip Adjustment Pin,11.00,,,,
HH15,Columbia Tools,Grip Sleeve Octagon,15.00,,,,4.85
CT115,Columbia Tools,Guard Ring,20.00,,,19.41,22.60
CT58,Columbia Tools,Guide Rod Bushing,8.00,,,7.77,10.98
CT126,Columbia Tools,Hand Grip Body,66.00,,,64.64,
CT124,Columbia Tools,Hand Grip Guard Ring,20.00,,,19.41,
HNS12,Columbia Tools,Handle Clamp,17.00,,,16.49,19.22
CR11,Columbia Tools,Handle Connecting Link,18.95,,,25.84,30.10
HH35,Columbia Tools,Handle Grip,7.00,,,,9.45
MH4,Columbia Tools,Handle Grip,37.00,,,30.19,
MH11,Columbia Tools,Handle Grip Bushing,6.00,,,,
AH1-2,Columbia Tools,"Head Casting - 2""",153.00,,,,175.48
AH1-2.5,Columbia Tools,"Head Casting - 2.5""",173.85,,,,175.48
AH1-3,Columbia Tools,"Head Casting - 3""",153.00,,,,
AH1-3.5,Columbia Tools,"Head Casting - 3.5""",153.00,,,,175.48
HFFB3,Columbia Tools,Hinge Box End Plate - Right,36.00,,,38.17,
HFFB3A,Columbia Tools,Hinge Box End Plate - Left,36.00,,,38.17,
MP6,Columbia Tools,Handle Link,33.00,,,32.32,37.66
HNSA-14,Columbia Tools,Handle Link Assembly,45.00,,,26.46,
MH1,Columbia Tools,Handle Mount Plate,75.00,,,,
CR6,Columbia Tools,Handle Mounting Swivel,24.95,,14.74,15.18,17.68
HPA-48,Columbia Tools,Handle Pin Assembly,5.00,,,5.06,
HH8,Columbia Tools,Handle Tube,45.00,,,,
MP5,Columbia Tools,Head Bushing,13.95,,21.33,22.64,26.38
CR1,Columbia Tools,Head Casting,136.89,,,,58.50
FFB39,Columbia Tools,Hex Bolt,3.00,,,,
CT20,Columbia Tools,Hinge Block,24.95,,9.77,10.36,11.72
CFB15A,Columbia Tools,Hinge Bushing (Plastic Washer),8.50,,,1.96,2.75
BH6,Columbia Tools,Hinge Pin,11.25,,,9.33,
MH6,Columbia Tools,Hinge Pin,4.00,,,,
CT79,Columbia Tools,Hollow Shaft,38.50,,,38.77,45.18
CT68,Columbia Tools,Hub,15.00,,,15.52,18.08
CT2,Columbia Tools,Insert Bushing for CT#7A,5.00,,,3.87,5.65
MH13,Columbia Tools,Large Nyliner Bushing,5.00,,,,
CT4,Columbia Tools,Wafer Bushing - Left,2.00,,,1.29,1.88
CT5,Columbia Tools,Wafer Bushing - Right,11.50,,,1.29,1.88
HP47,Columbia Tools,Latch Clamp Assembly,28.95,,,28.44,
HP46,Columbia Tools,Latch Keeper,19.75,,3.64,3.87,5.48
MP8,Columbia Tools,Leg,71.00,,,74.34,
HH17C,Columbia Tools,Line Pincher,4.00,,,3.62,
BH4,Columbia Tools,Lower Brake Lever,22.53,,24.79,24.79,
MH3,Columbia Tools,Lower Mount Bracket,33.00,,,,
BH3,Columbia Tools,Lower Mounting Bracket,32.00,,,29.95,35.90
CT80,Columbia Tools,Manual Drive Grip,18.75,,45.16,38.77,43.84
MH2,Columbia Tools,Matrix Handle Head,4.00,,,,
CT43,Columbia Tools,Micro Chain,28.52,,36.39,32.32,37.66
MH3A,Columbia Tools,Mounting Bracket Stem,4.00,,,,
BH1,Columbia Tools,Mounting Plate,54.64,,,,
MP24,Columbia Tools,Mud Pump Screen,4.00,,,,5.65
MP23,Columbia Tools,Mud Pump Seal,16.50,,3.32,3.87,5.65
HFFB1A-10,Columbia Tools,"Mud Seal Strip - 10""",10.00,,,12.67,
CT96,Columbia Tools,Mud Shut-Off Gasket,4.00,,,2.26,3.28
CT98,Columbia Tools,Mud Supply Seal Plate & Shaft,24.95,,,5.16,7.53
CT97,Columbia Tools,Mud Supply Valve Body,34.50,,,25.86,30.14
CFB6,Columbia Tools,Mud Supply Valve Unit,29.00,,,38.44,32.18
HNS17A,Columbia Tools,Nail Spotter Handle Tightness Screw,5.00,,,,4.82
CT63,Columbia Tools,Needle,2.00,,,1.29,1.93
CT62,Columbia Tools,Needle Holding Shaft,16.00,,,16.79,19.56
MP13A,Columbia Tools,Piston Backing Washer - Small,12.50,,,11.64,13.56
MP13,Columbia Tools,Piston Backing Washer - Large,14.25,,,7.77,10.98
CT64,Columbia Tools,Needle Return Shaft,6.00,,,5.16,7.53
CT65,Columbia Tools,Needle Return Spring,4.00,,,3.56,5.20
HFFB4D,Columbia Tools,Nylatron Bushing,3.00,,,2.04,
MP36,Columbia Tools,Nylatron Bushing,11.50,,6.02,5.16,7.30
CT76,Columbia Tools,Nylatron Washer,6.25,,,0.98,1.43
FFB38,Columbia Tools,Nyliner Bearing,2.00,,,,
HP45,Columbia Tools,O Ring Enclosure,22.00,,,19.41,22.60
CT121A,Columbia Tools,O-Ring,2.00,,,1.29,
MP23A,Columbia Tools,O-Ring,2.00,,,1.29,
MH10,Columbia Tools,Octagon,36.00,,,,
CT19,Columbia Tools,Paper Feed Guide,30.83,,32.92,34.93,40.70
MH17,Columbia Tools,Pinch Brake,24.50,,,,
MH15,Columbia Tools,Pinch Brake Activator,22.00,,,,
MH24,Columbia Tools,Pinch Brake Bushing,12.75,,,,
MH18,Columbia Tools,Pinch Brake Housing,20.00,,,,
MH19,Columbia Tools,Pinch Brake Sleeve,28.00,,,,
MH25,Columbia Tools,Pinch Brake Stem,14.95,,,,
MH12,Columbia Tools,PinchBrake Spring,4.00,,,,
CT107,Columbia Tools,Piston Body,27.00,,,25.84,30.10
CT111,Columbia Tools,Piston Cup,13.70,,18.08,15.52,18.08
MP14,Columbia Tools,Piston Cup,11.75,,,11.64,13.56
HH16,Columbia Tools,Piston Housing,27.00,,,,
CT3,Columbia Tools,Insert Bushing - Right,12.00,,,11.64,13.56
CT3A,Columbia Tools,Insert Bushing - Left,14.50,,13.56,11.64,13.56
CT29,Columbia Tools,Nylatron Chain Roller - Right (Small),13.50,,,3.23,4.70
CT29A,Columbia Tools,Nylatron Chain Roller - Left (Large),4.00,,,,4.70
HH23,Columbia Tools,Piston O-Ring,2.00,,,1.26,
MP11,Columbia Tools,Piston Shaft,28.50,,,51.72,60.26
HNS18,Columbia Tools,Pivot,4.00,,,,
BH2,Columbia Tools,Plate,33.71,,,38.20,45.84
HP1,Columbia Tools,Pump Cylinder,52.00,,,51.72,60.26
MP3,Columbia Tools,Pump Flapper Valve,4.00,,,3.23,4.70
MP7,Columbia Tools,Pump Handle,87.00,,,90.49,105.42
CT67,Columbia Tools,Ratchet Gear,34.50,,4.42,5.16,7.53
CT15,Columbia Tools,Ratchet Rod for Adjustable Brake,6.00,,,5.82,
CT92,Columbia Tools,Release Clip Bushing,10.00,,,10.36,12.08
HH31,Columbia Tools,Release Clip Pin,12.95,,20.44,14.46,
HH32,Columbia Tools,Release Clip Washer,22.00,,,24.09,
CT89,Columbia Tools,Release Rod Sleeve,13.70,,,15.52,18.10
AH1B,Columbia Tools,Return Spring,3.00,,,2.85,
CT101,Columbia Tools,Return Spring,9.25,,,2.85,4.15
CT54,Columbia Tools,Return Spring,3.00,,,3.23,
CT40,Columbia Tools,Return Spring Ring,2.00,,,1.29,
CT36,Columbia Tools,Return Spring Tube,33.00,,,33.61,39.16
HH33,Columbia Tools,Rlease Trigger Spring,11.75,,,5.16,
FFB7,Columbia Tools,Shoe - Right,42.95,,3.44,2.67,
FFB7A,Columbia Tools,Shoe - Left,42.95,,3.44,2.67,
CFB3-7,Columbia Tools,"Side Plate - 7""",40.00,,,,43.84
CFB3-8,Columbia Tools,"Side Plate - 8""",40.00,,,,43.84
CT90,Columbia Tools,Rod Sleeve Housing,22.50,,,25.84,30.10
HNS12A,Columbia Tools,Roll Pin,6.00,,,5.50,8.01
HNS13,Columbia Tools,Roll Pin Bushing,9.95,,,3.29,4.78
CR2,Columbia Tools,Roller,12.00,,,15.52,20.64
CT28,Columbia Tools,Roller Bushing,10.75,,3.65,3.87,5.65
CT125,Columbia Tools,Rollers,15.25,,,3.23,4.70
FFB37,Columbia Tools,Rubber for Box Wheel,2.00,,,,
CT87-CS,Columbia Tools,Rubber Seal,9.75,,,,10.30
AH4,Columbia Tools,Side Blade,29.50,,3.46,3.56,
CT7A,Columbia Tools,Side Plate Hub,24.50,,,12.93,14.62
MP39,Columbia Tools,Sleeve,14.75,,,2.26,3.28
MH20,Columbia Tools,Small Nyliner Bushing,3.00,,,,
AH18,Columbia Tools,Socket Wear Cap,9.00,,,8.72,10.16
CT119,Columbia Tools,Spool Retaining Spring,7.25,,5.66,5.82,
AH1A,Columbia Tools,Spring Housing,8.00,,,8.36,12.18
FFB4B,Columbia Tools,Stainless Steel Backing Washer,4.00,,,3.68,5.20
CT6A,Columbia Tools,Stainless Steel Side Plate - Left,42.95,,,37.20,43.34
FFB4A,Columbia Tools,Stainless Steel Washer,5.00,,,4.31,6.10
CT116A,Columbia Tools,Strap,28.50,,,,21.94
AH8A,Columbia Tools,"Top Retainer Corner Clip - 3.5""",9.75,,,5.82,
AH8,Columbia Tools,Top Retainer Corner Clip - Standard,8.00,,,5.82,
D14-22,Dura-Stilts,Dura-III Adjustable - 14”-22”,404.68,,,400.00,
D18-30,Dura-Stilts,Dura-III Adjustable - 18”-30”,429.86,,,415.00,
D24-40,Dura-Stilts,Dura-III Adjustable - 24”-40”,453.24,,,435.00,
4-701,LEVEL5,LEVEL5 Corner Applicator - 7”,287.65,,,,
4-702,LEVEL5,LEVEL5 Corner Applicator - 8”,296.64,,,,
4-794,LEVEL5,LEVEL5 Corner Applicator Handle (Extendable) - 31”- 50”,176.35,,,,
4-798,LEVEL5,LEVEL5 Corner Applicator Handle (Extendable) - 43”- 72”,195.18,,,,
BH11,Columbia Tools,Strap Connecting Pin,7.95,,,2.36,
CR12,Columbia Tools,Swivel Coupling Pin,12.50,,,3.99,5.38
CT57,Columbia Tools,Tape Advance Carriage,82.00,,,87.90,102.40
CT120,Columbia Tools,Tape Spool,22.81,,,25.84,
CT14A,Columbia Tools,Taper Adjustable Brake,22.50,,7.18,6.16,8.73
FFB32A,Columbia Tools,Thumb Release Clip Screw,12.50,,,1.16,1.70
CT53,Columbia Tools,Toe Kicker,28.50,,,22.64,26.38
CT92A,Columbia Tools,Toe Kicker Caple Retainer Clip,7.95,,,2.60,3.78
HH10A,Columbia Tools,Top Cap,2.00,,,,2.28
BH5,Columbia Tools,Upper Mounting Bracket,18.50,,,9.33,10.54
HH2,Columbia Tools,Upper Mounting Bracket,66.00,,,68.50,77.48
HNS20,Columbia Tools,Wedge,22.50,,17.04,,20.44
4-732,LEVEL5,LEVEL5 Corner Finisher - 2.5”,400.24,,,,
4-733,LEVEL5,LEVEL5 Corner Finisher - 3”,409.65,,,,
4-734,LEVEL5,LEVEL5 Corner Finisher - 3.5”,419.07,,,,
4-735,LEVEL5,LEVEL5 Corner Finisher - 4”,428.48,,,,
4-795,LEVEL5,LEVEL5 Corner Finisher Handle (Extendable) - 31”- 50”,188.34,,,,
4-799,LEVEL5,LEVEL5 Corner Finisher Handle (Extendable) - 43”- 72”,207.17,,,,
4-743,LEVEL5,LEVEL5 Corner Flusher - 3”,146.48,,,,
4-744,LEVEL5,LEVEL5 Corner Flusher - 3.5”,151.09,,,,
4-767,LEVEL5,LEVEL5 Flat Box (MEGA) - 7”,398.65,,,,
4-768,LEVEL5,LEVEL5 Flat Box (MEGA) - 10”,407.99,,,,
4-769,LEVEL5,LEVEL5 Flat Box (MEGA) - 12”,422.02,,,,
4-764,LEVEL5,LEVEL5 Flat Box (Standard) - 7”,379.52,,,,
4-765,LEVEL5,LEVEL5 Flat Box (Standard) - 10”,388.88,,,,
4-766,LEVEL5,LEVEL5 Flat Box (Standard) - 12”,398.65,,,,
4-770,LEVEL5,LEVEL5 Flat Box (Standard) - 14”,412.68,,,,
4-759,LEVEL5,LEVEL5 Flat Box Handle (Extendable) - 48” - 78”,315.47,,,,
4-780,LEVEL5,LEVEL5 Flat Box Handle (Extendable) - 40” - 62”,306.06,,,,
4-781,LEVEL5,LEVEL5 Flat Box Handle (Extendable) - 30” - 42”,296.64,,,,
4-782,LEVEL5,LEVEL5 Flat Box Handle (Extendable) - 23” - 32”,278.24,,,,
4-711,LEVEL5,LEVEL5 Flat Box Handle (Fixed Length) - 34”,176.35,,,,
4-712,LEVEL5,LEVEL5 Flat Box Handle (Fixed Length) - 42”,185.34,,,,
4-740,LEVEL5,LEVEL5 Flat Box Handle (Fixed Length) - 54”,204.18,,,,
4-754,LEVEL5,LEVEL5 Nail Spotter - 2”,273.10,,,,
4-755,LEVEL5,LEVEL5 Nail Spotter - 3”,291.93,,,,
5-777,LEVEL5,"LEVEL5 Corner Roller Handle - 50""",89.99,,,,
4-777,LEVEL5,"LEVEL5 Corner Roller Handle - 54""",92.88,,,,
4-778,LEVEL5,"LEVEL5 50"" Fixed Handle - Corner Applicator",92.88,,,,
4-779,LEVEL5,"LEVEL5 50"" Fixed Handle - Corner Finisher",92.88,,,,
4-792,LEVEL5,"LEVEL5 31""- 50"" Corner Roller/Nail Spotter Handle",180.62,,,,
4-760,LEVEL5,LEVEL5 Automatic Taper,1455.39,,,,
4-715,LEVEL5,LEVEL5 Box Filler,68.06,,,,
4-771,LEVEL5,LEVEL5 Compound Pump,455.88,,,,
4-741,LEVEL5,LEVEL5 Compound Tube,205.31,,,,
4-707,LEVEL5,LEVEL5 Corner Roller,158.96,,,,
5-311,LEVEL5,LEVEL5 Drywall Banjo,151.37,,,,
PT-CF2.5,Platinum Drywall Tools,"Platinum Angle Head Corner Finisher with Wheels - 2.5""",239.00,,145.00,,
PT-3CF,Platinum Drywall Tools,"Platinum Angle Head Corner Finisher with Wheels - 3""",249.00,,,,
PT-CF3.5,Platinum Drywall Tools,"Platinum Angle Head Corner Finisher with Wheels - 3.5""",259.00,,155.00,,
PT-CT24,Platinum Drywall Tools,"Platinum Compound Tube - 24""",150.00,,75.00,,
PT-CT36,Platinum Drywall Tools,"Platinum Compound Tube - 36""",155.00,,80.00,,
PT-CT42,Platinum Drywall Tools,"Platinum Compound Tube - 42""",160.00,,85.00,,
PT-BH34,Platinum Drywall Tools,"Platinum Flat Box Handle - 34""",90.00,,,,
PT-BH42,Platinum Drywall Tools,"Platinum Flat Box Handle - 42""",95.00,,60.00,,
PT-BH54,Platinum Drywall Tools,"Platinum Flat Box Handle - 54""",100.00,,60.00,,
PT-10FB,Platinum Drywall Tools,"Platinum Flat Finishing Box - 10""",195.00,,,,
PT-12FB,Platinum Drywall Tools,"Platinum Flat Finishing Box - 12""",205.00,,,,
PT-14FB,Platinum Drywall Tools,"Platinum Flat Finishing Box - 14""",215.00,,,,
PT-8FB,Platinum Drywall Tools,"Platinum Flat Finishing Box - 8""",185.00,,,,
4-714,LEVEL5,LEVEL5 Gooseneck,101.88,,,,
4-772,LEVEL5,LEVEL5 MiniShot,941.72,,,,
4-773,LEVEL5,LEVEL5 MiniShot Ext. Handle,74.48,,,,
4-746,LEVEL5,LEVEL5 Outside Corner Tool,77.26,,,,
PT-2NS,Platinum Drywall Tools,"Platinum Nail Spotter - 2""",160.00,,,,
PT-3NS,Platinum Drywall Tools,"Platinum Nail Spotter - 3""",160.00,,,,
PT-3.5CF,Platinum Drywall Tools,"Platinum Stainless Steel Corner Flusher - 3.5""",84.56,,50.00,,
PT-2.5CF,Platinum Drywall Tools,"Platinum Stainless Steel Corner Flusher - 2.5""",79.27,,40.00,,
PT-CFH50,Platinum Drywall Tools,"Platinum 50"" Corner Tool Handle - Angle Head",49.00,,30.00,,
PT-CAH50,Platinum Drywall Tools,"Platinum 50"" Corner Tool Handle - Corner Box",49.00,,30.00,,
PT-CRH50,Platinum Drywall Tools,"Platinum 50"" Corner Tool Handle - Corner Roller",59.00,,30.00,,
PT-ICA,Platinum Drywall Tools,Platinum 90° Corner Applicator - Inside,59.00,,40.00,,
PT-OCA,Platinum Drywall Tools,Platinum 90° Corner Applicator - Outside,59.00,,45.00,,
PT-CRE,Platinum Drywall Tools,Platinum Corner Roller - ECO Inside,59.00,,35.00,,
PT-CR,Platinum Drywall Tools,Platinum Corner Roller - Inside,79.99,,,,
PT-OCR,Platinum Drywall Tools,Platinum Corner Roller - Outside 90°,69.99,,,,
PT-FA,Platinum Drywall Tools,"Platinum 4"" Flat Applicator",59.00,,,,
PT-CA8,Platinum Drywall Tools,"Platinum 8"" Corner Applicator",159.00,,,,
PT-BF,Platinum Drywall Tools,Platinum Box Filler Attachment,49.00,,,,
PT-CP,Platinum Drywall Tools,Platinum Drywall Pump w/Filler,269.0,,,,
PT-EXT3IN1-1,Platinum Drywall Tools,Platinum Extendable Angle Head Handle,75.00,,,,
PT-EBH,Platinum Drywall Tools,"Platinum Extendable Flat Box Handle 40"" – 64""",169.00,,115.00,,
S1-A-1624,SurPro,"SurPro S1 Aluminum Drywall Stilts - 16""-24""",322.00,,,,
S1-A-2030,SurPro,"SurPro S1 Aluminum Drywall Stilts - 20""-30""",331.00,,,,
S1-A-2640,SurPro,"SurPro S1 Aluminum Drywall Stilts - 26""-40""",340.00,,305.00,330.00,
S1-M-1624,SurPro,"SurPro S1 Magnesium Drywall Stilts - 16""-24""",368.00,,339.00,,
S1-M-2030,SurPro,"SurPro S1 Magnesium Drywall Stilts - 20""-30""",376.50,,345.00,,
S1-M-2640,SurPro,"SurPro S1 Magnesium Drywall Stilts - 26""-40""",385.00,,355.00,,
S1X-A-2131,SurPro,"SurPro S1X Aluminum Drywall Stilts - 21""-31""",407.00,,,,
S1X-A-2640,SurPro,"SurPro S1X Aluminum Drywall Stilts - 26""-40""",407.00,,,,
S1X-M-2131,SurPro,"SurPro S1X Magnesium Drywall Stilts - 21""-31""",430.00,,,,
S1X-M-2640,SurPro,"SurPro S1X Magnesium Drywall Stilts - 26""-40""",441.00,,400.00,,
S2-A-1624,SurPro,"SurPro S2 Aluminum Drywall Stilts - 16""-24""",356.00,,,,
S2-A-2030,SurPro,"SurPro S2 Aluminum Drywall Stilts - 20""-30""",365.00,,,,
S2-A-2640,SurPro,"SurPro S2 Aluminum Drywall Stilts - 26""-40""",374.00,,,,
S2-M-1624,SurPro,"SurPro S2 Magnesium Drywall Stilts - 16""-24""",395.00,,364.00,,
S2-M-2030,SurPro,"SurPro S2 Magnesium Drywall Stilts - 20""-30""",403.50,,370.00,,
S2-M-2640,SurPro,"SurPro S2 Magnesium Drywall Stilts - 26""-40""",412.00,,380.00,,
PT-MNBH,Platinum Drywall Tools,Platinum Mini Box Handle,62.00,,45.00,,
PT-AICA,Platinum Drywall Tools,Platinum 4 Wheel Inside Angle / Corner Applicator,89.00,,,,
PT-TP,Platinum Drywall Tools,Platinum Semi Automatic Drywall Taper,145.00,,85.00,,
PT-GN,Platinum Drywall Tools,Platinum Gooseneck,59.00,,45.00,,
S2X-A-3852,SurPro,"SurPro S2X Aluminum Drywall Stilts - 38""-52""",486.00,,,,
S2X-A-2640,SurPro,"SurPro S2X Aluminum Drywall Stilts - 26""-40""",457.00,,,,
S2X-M-2131,SurPro,"SurPro S2X Magnesium Drywall Stilts - 21""-31""",479.00,,450.00,,
S2X-M-2640,SurPro,"SurPro S2X Magnesium Drywall Stilts - 26""-40""",490.00,,460.00,,
16TT,TapeTech,TapeTech Applicator Head - Outside Corner,85.43,,85.00,,85.00
16TT90,TapeTech,TapeTech Applicator Head - Inside Corner,85.43,,85.00,,85.00
BHE-SW,TapeTech,"TapeTech Brakeless Box Handle - Rotational Extendable 34""-60""",335.99,,,,329.00
BH,TapeTech,"TapeTech Brakeless Box Handle - Fixed 34""",149.00,,,,149.00
BHE,TapeTech,"TapeTech Brakeless Box Handle - Extendable 34""-60""",305.72,,299.00,,299.00
CF25COMBO,TapeTech,"TapeTech Combo Corner Flusher - 2.5""",189.19,,,,179.00
CF30COMBO,TapeTech,"TapeTech Combo Corner Flusher - 3""",194.48,,,,184.00
CF35COMBO,TapeTech,"TapeTech Combo Corner Flusher - 3.5""",199.76,,,,189.00
CF40COMBO,TapeTech,"TapeTech Combo Corner Flusher - 4""",205.05,,,,194.00
CT24TT,TapeTech,"TapeTech Compound Tube - 24""",189.00,,189.00,,189.00
CT36TT,TapeTech,"TapeTech Compound Tube - 36""",199.00,,199.00,,199.00
CT42TT,TapeTech,"TapeTech Compound Tube - 42""",211.09,,209.00,,209.00
CA07TT,TapeTech,"TapeTech Corner Applicator - 7""",315.00,,315.00,,315.00
CA08TT,TapeTech,"TapeTech Corner Applicator - 8""",330.00,,330.00,,330.00
40XTT,TapeTech,"TapeTech Corner Finisher - 2""",389.00,,389.00,,
42TT,TapeTech,"TapeTech Corner Finisher - 2.5""",399.00,,,,
48TT,TapeTech,"TapeTech Corner Finisher - 3"" EasyRoll® Adjustable",429.00,,,,
48XTT,TapeTech,"TapeTech Corner Finisher - 3.5"" EasyRoll® Adjustable",448.22,,439.00,,
15TTE,TapeTech,TapeTech Corner Roller - Inside Corner,189.00,,189.00,,189.00
17TT,TapeTech,TapeTech Corner Roller - Outside Corner,170.00,,170.00,,170.00
17TTE,TapeTech,TapeTech Corner Roller - Flex Tape Outside Corner,192.30,,179.00,,179.00
CH55TT,TapeTech,TapeTech Cove Applicator Head - 55 mm,99.00,,138.19,,99.00
CH75TT,TapeTech,TapeTech Cove Applicator Head - 75 mm,99.00,,140.86,,99.00
CH83TT,TapeTech,TapeTech Cove Applicator Head - 83 mm,99.00,,144.85,,99.00
CH90TT,TapeTech,TapeTech Cove Applicator Head - 90 mm,99.00,,159.46,,99.00
CF25TT,TapeTech,"TapeTech Direct Corner Flusher - 2.5""",115.26,,114.00,114.00,114.00
CF30TT,TapeTech,"TapeTech Direct Corner Flusher - 3""",119.00,,119.00,119.00,119.00
CF35TT,TapeTech,"TapeTech Direct Corner Flusher - 3.5""",125.00,,125.00,,125.00
CF40TT,TapeTech,"TapeTech Direct Corner Flusher - 4""",129.00,,129.00,,129.00
03TT,TapeTech,"TapeTech EasyClean® Automatic Taper - Mini-Taper 40.5""",1775.00,,,,
07TT,TapeTech,TapeTech EasyClean® Automatic Taper - Standard,1672.12,,1599.00,1599.00,1599.00
07TT-C,TapeTech,TapeTech EasyClean® Automatic Taper - Carbon Fiber,1816.18,,1780.00,,1780.00
EZ07TT,TapeTech,"TapeTech EasyClean® Finishing Box - 7""",379.00,,,,
EZ10TT,TapeTech,"TapeTech EasyClean® Finishing Box - 10""",391.69,,,,
EZ12TT,TapeTech,"TapeTech EasyClean® Finishing Box - 12""",405.72,,,,
EZ15TT,TapeTech,"TapeTech EasyClean® Finishing Box - 15""",429.00,,,,
76TT,TapeTech,TapeTech EasyClean® Pump - Standard,401.31,,399.00,399.00,399.00
76TT-CA,TapeTech,TapeTech EasyClean® Pump - Canada,409.00,,,,409.00
76XLTT,TapeTech,TapeTech EasyClean® Pump - Extra Long,659.00,,665.00,,
8134TT,TapeTech,"TapeTech EasyFinish™ Box Handle - 34""",259.76,,259.00,,259.00
8142TT,TapeTech,"TapeTech EasyFinish™ Box Handle - 42""",269.00,,269.00,,269.00
8154TT,TapeTech,"TapeTech EasyFinish™ Box Handle - 54""",279.00,,279.00,,279.00
8172TT,TapeTech,"TapeTech EasyFinish™ Box Handle - 72""",291.28,,289.00,,289.00
8034TT,TapeTech,"TapeTech Flat Box Handle - 34""",229.00,,229.00,,229.00
8042TT,TapeTech,"TapeTech Flat Box Handle - 42""",234.00,,234.00,,234.00
8054TT,TapeTech,"TapeTech Flat Box Handle - 54""",239.00,,239.00,,239.00
8072TT,TapeTech,"TapeTech Flat Box Handle - 72""",249.00,,249.00,,249.00
88TTE,TapeTech,TapeTech XTender Finishing Box Handle,378.00,,378.00,378.00,378.00
85T,TapeTech,TapeTech Gooseneck - Standard,105.00,,105.00,105.00,105.00
85XLTT,TapeTech,TapeTech Gooseneck - Extra Long,199.00,,199.00,,
EHC07,TapeTech,"TapeTech MaxxBox® High Capacity Finishing Box - 7""",419.00,,419.00,,
EHC10,TapeTech,"TapeTech MaxxBox® High Capacity Finishing Box - 10""",419.00,,419.00,,
EHC12,TapeTech,"TapeTech MaxxBox® High Capacity Finishing Box - 12""",444.00,,444.00,,
NS02TT,TapeTech,"TapeTech Nail Spotter - 2""",303.66,,,278.00,278.00
NS03TT,TapeTech,"TapeTech Nail Spotter - 3""",313.10,,,289.00,289.00
PAHC07,TapeTech,"TapeTech Power Assist® MaxxBox® Finishing Box - 7""",491.26,,459.00,,459.00
PAHC10,TapeTech,"TapeTech Power Assist® MaxxBox® Finishing Box - 10""",494.93,,469.00,,469.00
PAHC12,TapeTech,"TapeTech Power Assist® MaxxBox® Finishing Box - 12""",520.16,,479.00,,479.00
QB06-QSX,TapeTech,"TapeTech QuickBox® QSX Finishing Box - 6.5""",149.00,,149.00,,149.00
QB08-QSX,TapeTech,"TapeTech QuickBox® QSX Finishing Box - 8.5""",180.19,,,,
FHTT,TapeTech,TapeTech Support Handle - Fiberglass,59.00,,59.00,59.00,59.00
FHTT-CC,TapeTech,TapeTech Support Handle - Closet Crusher Fiberglass,50.00,,50.00,,50.00
XHTT,TapeTech,TapeTech Support Handle - Extension,179.00,,179.00,179.00,179.00
CAA-TT,TapeTech,TapeTech Support Handle Adapter - Corner Applicator,45.00,,42.00,,45.00
CFA-TT,TapeTech,TapeTech Support Handle Adapter - Corner Finisher,49.00,,49.00,,49.00
NSA-TT,TapeTech,TapeTech Support Handle Adapter - Nail Spotter,42.12,,45.00,,40.00
8000TT,TapeTech,TapeTech Wizard® Compact Finishing Box Handle - Standard,109.00,,109.00,109.00,109.00
8000TT-PA,TapeTech,TapeTech Wizard® Compact Finishing Box Handle - Power Assist,109.00,,109.00,,109.00
14TT,TapeTech,TapeTech MudRunner® Compound Applicator - Standard,900.00,,,900.00,
MR01TT,TapeTech,TapeTech MudRunner® Compound Applicator - Pro,1099.00,,1099.00,,1099.00
CTA01TT,TapeTech,TapeTech Compound Tube Filler Adapter,19.99,,19.99,,19.99
MRX01TT,TapeTech,TapeTech Extension,179.00,,,,179.00
90T,TapeTech,TapeTech Filler Adapter,79.00,,79.00,79.00,79.00
GSR-TT,TapeTech,TapeTech Gooseneck Riser,13.99,,,,13.99
804003F,TapeTech,TapeTech Grip Assembly For Box Handle,73.91,,,82.02,80.59
,USG Sheetrock,"USG Sheetrock Magnesium, Lightweight Professional Drywall Stilts 18-30”",299.00,,,,
