sku,name,type,parent,brand,effective_categories,regular_price,sale_price,cogs,map_price,missing_fields,map_violation,regular_price_below_cogs
PTAPER,Columbia One Predator Taper,simple,,Columbia Tools,Drywall Finishing Tools > Automatic Taping Tools > Automatic Tapers,1838.55,,1458.91,,map,0,0
3WTCSF,"Columbia Combo Flusher - 3"" Widetrack",variation,COL-COMBO-FLUSHER,Columbia Tools,Drywall Finishing Tools > Semi-Automatic Taping Tools > Corner Flushers,122.51,,,,cogs|map,0,0
4DF,"Columbia Direct Flusher - 4""",variation,COL-DIRECT-FLUSHER,Columbia Tools,Drywall Finishing Tools > Semi-Automatic Taping Tools > Corner Flushers,151.41,,,151.41,cogs,0,0
5.5FBB,"Columbia Fat Boy Flat Box - 5.5""",variation,COL-FAT-BOY-FLAT-BOX,Columbia Tools,Drywall Finishing Tools > Automatic Taping Tools > Flat Boxes,189.95,,269.07,,map,0,1
GN,Columbia Gooseneck - Standard,variation,COL-GOOSENECK,Columbia Tools,Drywall Finishing Tools > Automatic Taping Tools > Goosenecks,86.00,,68.28,,map,0,0
HMP-C,Columbia Hot Mud Pump - CDN,variation,COL-HOT-MUD-PUMP,Columbia Tools,Drywall Finishing Tools > Automatic Taping Tools > Loading Pumps,380.00,,,,cogs|map,0,0
C1HS,Columbia One Handle - Stubby,variation,COL-ONE-HANDLE,Columbia Tools,Drywall Finishing Tools > Automatic Taping Tools > Flat Box Handles,49.44,,,49.44,cogs,0,0
COBCRE,Columbia Outside Corner Roller - European,variation,COL-OUTSIDE-CORNER-ROLLER,Columbia Tools,Drywall Finishing Tools > Automatic Taping Tools > Corner Rollers,1.00,,,,cogs|map,0,0
4SF,"Columbia Standard Flusher - 4""",variation,COL-STANDARD-FLUSHER,Columbia Tools,Drywall Finishing Tools > Semi-Automatic Taping Tools > Corner Flushers,140.60,,,140.60,cogs,0,0
OA90-325,Columbia UHMW Mud Applicator - Outside 90° 325,variation,COL-UHMW-MUD-APPLICATOR,Columbia Tools,Drywall Finishing Tools > Semi-Automatic Taping Tools > Compound Applicators,91.93,,,91.93,cogs,0,0
FA280,#10 Belleville Washer,simple,,Columbia Tools,Drywall Finishing Tools > Parts,1.00,,0.32,,map,0,0
FA268,#10 Flat Washer,simple,,Columbia Tools,Drywall Finishing Tools > Parts,2.25,,0.32,,map,0,0
FA270,"#10 x 3/4"" Fender Washer",simple,,Columbia Tools,Drywall Finishing Tools > Parts,2.50,,0.89,,map,0,0
FA228,#6 Flat Washer,simple,,Columbia Tools,Drywall Finishing Tools > Parts,1.00,,,,cogs|map,0,0
FA229,#6 Lock Washer,simple,,Columbia Tools,Drywall Finishing Tools > Parts,1.00,,,,cogs|map,0,0
FA230,#6 Star Washer,simple,,Columbia Tools,Drywall Finishing Tools > Parts,1.00,,,,cogs|map,0,0
FA253,#8 Flat Washer,simple,,Columbia Tools,Drywall Finishing Tools > Parts,1.85,,0.32,,map,0,0
FA252,#8 Star Washer,simple,,Columbia Tools,Drywall Finishing Tools > Parts,2.05,,0.32,,map,0,0
FA202,"1/16 X 1/2"" Cotter Pin",simple,,Columbia Tools,Drywall Finishing Tools > Parts,1.00,,,,cogs|map,0,0
FA200,"1/16 x 1/4"" Split Pin",simple,,Columbia Tools,Drywall Finishing Tools > Parts,1.00,,,,cogs|map,0,0
FA203,"1/16 x 3/4"" Cotter Pin",simple,,Columbia Tools,Drywall Finishing Tools > Parts,1.00,,,,cogs|map,0,0
FA3,"1/2"" x 7/8"" Flat Washer",simple,,Columbia Tools,Drywall Finishing Tools > Parts,2.50,,0.89,,map,0,0
CT109,1/4 - 20 Hex Nut,simple,,Columbia Tools,Drywall Finishing Tools > Parts,6.00,,2.72,,map,0,0
FA296,"1/4 -20 x 1/2"" Hex Bolt",simple,,Columbia Tools,Drywall Finishing Tools > Parts,3.35,,0.41,,map,0,0
FA295,"1/4 x 1/2"" Flathead Socket",simple,,Columbia Tools,Drywall Finishing Tools > Parts,3.45,,0.32,,map,0,0
FA379,"1/4"" SS E-Clip",simple,,Columbia Tools,Drywall Finishing Tools > Parts,3.25,,1.71,,map,0,0
FA286,"1/4"" x 1/2"" Flat Washer",simple,,Columbia Tools,Drywall Finishing Tools > Parts,1.00,,,,cogs|map,0,0
FA288,"1/4"" X 3/4"" Split Pin",simple,,Columbia Tools,Drywall Finishing Tools > Parts,2.25,,,,cogs|map,0,0
FA291,1/4-20 Hex Nut,simple,,Columbia Tools,Drywall Finishing Tools > Parts,2.00,,,,cogs|map,0,0
FA299,"1/4-20 x 1 1/2"" Pan Phillips",simple,,Columbia Tools,Drywall Finishing Tools > Parts,4.00,,,,cogs|map,0,0
FA313,1/4-20 X 1/4 Socket Head Set Screw,simple,,Columbia Tools,Drywall Finishing Tools > Parts,2.00,,,,cogs|map,0,0
FA301,"1/4-20 x 2 1/4"" Hex Bolt",simple,,Columbia Tools,Drywall Finishing Tools > Parts,3.00,,,,cogs|map,0,0
FA300,"1/4-20 x 2"" Hex Bolt",simple,,Columbia Tools,Drywall Finishing Tools > Parts,4.25,,1.63,,map,0,0
FA294,"1/4-20 x 38"" Socket",simple,,Columbia Tools,Drywall Finishing Tools > Parts,3.25,,1.21,,map,0,0
FA297,"1/4-20 x 5/8"" Socket",simple,,Columbia Tools,Drywall Finishing Tools > Parts,2.00,,,,cogs|map,0,0
FA298,"1/4-20 x 7/8"" Flat Socket",simple,,Columbia Tools,Drywall Finishing Tools > Parts,2.85,,0.32,,map,0,0
FA302,"1/4-28 x 1/4"" Set Screw",simple,,Columbia Tools,Drywall Finishing Tools > Parts,3.85,,0.89,,map,0,0
FA320,"1/4-28-3/8"" Socket Set Screw",simple,,Columbia Tools,Drywall Finishing Tools > Parts,2.00,,,,cogs|map,0,0
HFFB14-8,"Flat Box Hinged Door Gasket - 8""",variation,HFFB14,Columbia Tools,Drywall Finishing Tools > Parts,16.50,,,,cogs|map,0,0
HFFB14-10,"Flat Box Hinged Door Gasket - 10""",variation,HFFB14,Columbia Tools,Drywall Finishing Tools > Parts,42.00,,,,cogs|map,0,0
HFFB14-12,"Flat Box Hinged Door Gasket - 12""",variation,HFFB14,Columbia Tools,Drywall Finishing Tools > Parts,42.00,,,,cogs|map,0,0
HFFB14-14,"Flat Box Hinged Door Gasket - 14""",variation,HFFB14,Columbia Tools,Drywall Finishing Tools > Parts,42.00,,,,cogs|map,0,0
FFB25-10,"Rubber Gasket Retainer - 10""",variation,FFB25,Columbia Tools,Drywall Finishing Tools > Parts,24.95,,,,cogs|map,0,0
FFB25-12,"Rubber Gasket Retainer - 12""",variation,FFB25,Columbia Tools,Drywall Finishing Tools > Parts,28.50,,,,cogs|map,0,0
AH3-2,"Top Blade - 2""",variation,AH3,Columbia Tools,Drywall Finishing Tools > Parts,38.95,,18.72,,map,0,0
AH3-2.5,"Top Blade - 2.5""",variation,AH3,Columbia Tools,Drywall Finishing Tools > Parts,25.00,,18.72,,map,0,0
AH3-3,"Top Blade - 3""",variation,AH3,Columbia Tools,Drywall Finishing Tools > Parts,44.95,,18.72,,map,0,0
AH3-3.5,"Top Blade - 3.5""",variation,AH3,Columbia Tools,Drywall Finishing Tools > Parts,25.00,,18.72,,map,0,0
FA380,"1/8"" SS E-Clip",simple,,Columbia Tools,Drywall Finishing Tools > Parts,2.95,,1.71,,map,0,0
FA225,"1/8"" x 3/8"" Rivet Shoulder Washer",simple,,Columbia Tools,Drywall Finishing Tools > Parts,2.05,,0.89,,map,0,0
FA224,"1/8"" x 3/8"" Split Pin",simple,,Columbia Tools,Drywall Finishing Tools > Parts,1.95,,0.48,,map,0,0
FA271,10-24 Nyloc Nut,simple,,Columbia Tools,Drywall Finishing Tools > Parts,2.00,,,,cogs|map,0,0
FA272,10-24 Wing Nut,simple,,Columbia Tools,Drywall Finishing Tools > Parts,2.00,,,,cogs|map,0,0
FA273,"10-24 x 1"" Hex Bolt",simple,,Columbia Tools,Drywall Finishing Tools > Parts,3.25,,0.89,,map,0,0
FA312,"10-24 X 1/4"" Socket Hand Set",simple,,Columbia Tools,Drywall Finishing Tools > Parts,2.85,,0.89,,map,0,0
FA274,"10-24 x 3/8"" Socket",simple,,Columbia Tools,Drywall Finishing Tools > Parts,2.65,,1.21,,map,0,0
FA275,"10-24 x 7/8"" Hex Bolt",simple,,Columbia Tools,Drywall Finishing Tools > Parts,3.15,,0.89,,map,0,0
FA276,"10-24 x 7/8"" Pan Slot",simple,,Columbia Tools,Drywall Finishing Tools > Parts,3.35,,0.32,,map,0,0
FA316,"10-32 X 1/2"" Flat Socket Head",simple,,Columbia Tools,Drywall Finishing Tools > Parts,2.00,,,,cogs|map,0,0
FA382,"10-32 x 1/4"" SS Set Screw",simple,,Columbia Tools,Drywall Finishing Tools > Parts,1.00,,,,cogs|map,0,0
FA199,"2-56 x 3/16"" Binder Slot",simple,,Columbia Tools,Drywall Finishing Tools > Parts,1.00,,,,cogs|map,0,0
FA365,"3/16 x 1"" Sping Pin SS",simple,,Columbia Tools,Drywall Finishing Tools > Parts,3.00,,,,cogs|map,0,0
FA206,4-40 Hex Nut,simple,,Columbia Tools,Drywall Finishing Tools > Parts,2.00,,,,cogs|map,0,0
FA207,4-40 Nyloc Nut,simple,,Columbia Tools,Drywall Finishing Tools > Parts,2.50,,,,cogs|map,0,0
FA219,"4-40 x 1/2"" Fillister Slot",simple,,Columbia Tools,Drywall Finishing Tools > Parts,1.00,,,,cogs|map,0,0
FA213,"4-40 x 1/4"" Binder Slot",simple,,Columbia Tools,Drywall Finishing Tools > Parts,1.00,,,,cogs|map,0,0
FA214,"4-40 x 1/4"" Flat Slot",simple,,Columbia Tools,Drywall Finishing Tools > Parts,1.00,,,,cogs|map,0,0
FA2,"4-40 x 1/8"" Binder Slot",simple,,Columbia Tools,Drywall Finishing Tools > Parts,1.65,,0.32,,map,0,0
FA210,"4-40 x 3/16"" Binder Slot",simple,,Columbia Tools,Drywall Finishing Tools > Parts,1.00,,,,cogs|map,0,0
FA212,"4-40 x 3/16"" Truss Slot",simple,,Columbia Tools,Drywall Finishing Tools > Parts,1.00,,,,cogs|map,0,0
FA220,"4-40 x 3/4"" Hex Bolt",simple,,Columbia Tools,Drywall Finishing Tools > Parts,2.35,,0.32,,map,0,0
FA218,"4-40 x 3/8"" Flat Slot",simple,,Columbia Tools,Drywall Finishing Tools > Parts,1.00,,,,cogs|map,0,0
FA216,4-40 X 3/8” Fillister Slot,simple,,Columbia Tools,Drywall Finishing Tools > Parts,2.00,,,,cogs|map,0,0
FA215,"4-40 x 5/16"" Binder Slot",simple,,Columbia Tools,Drywall Finishing Tools > Parts,1.95,,0.32,,map,0,0
FA303,5-16 Flat Washer,simple,,Columbia Tools,Drywall Finishing Tools > Parts,3.00,,,,cogs|map,0,0
FA307,5-16 x 24 Jam Nut,simple,,Columbia Tools,Drywall Finishing Tools > Parts,3.00,,,,cogs|map,0,0
FA305,"5/16 -18 x 3/4"" Hex Bolt",simple,,Columbia Tools,Drywall Finishing Tools > Parts,4.15,,1.63,,map,0,0
FA306,"5/16-18 x 1 1/4"" Hex Bolt",simple,,Columbia Tools,Drywall Finishing Tools > Parts,3.45,,1.63,,map,0,0
CFB10,"5/16-18 x 3/4"" Thumb Screw",simple,,Columbia Tools,Drywall Finishing Tools > Parts,6.00,,,,cogs|map,0,0
FA317,"5/32"" x 7/8"" Roll Pin",simple,,Columbia Tools,Drywall Finishing Tools > Parts,2.00,,,,cogs|map,0,0
FA232,6-32 Hex Nut,simple,,Columbia Tools,Drywall Finishing Tools > Parts,1.75,,0.89,,map,0,0
FA234,6-32 Nyloc Jam Nut,simple,,Columbia Tools,Drywall Finishing Tools > Parts,2.65,,0.79,,map,0,0
FA233,6-32 Nyloc Nut,simple,,Columbia Tools,Drywall Finishing Tools > Parts,2.00,,,,cogs|map,0,0
FA245,"6-32 x 1/2"" Fillister Slot",simple,,Columbia Tools,Drywall Finishing Tools > Parts,2.15,,0.41,,map,0,0
FA244,"6-32 x 1/2"" Pan Slot",simple,,Columbia Tools,Drywall Finishing Tools > Parts,1.00,,,,cogs|map,0,0
FFB11-8,"Adjuster Spring - 8""",variation,FFB11,Columbia Tools,Drywall Finishing Tools > Parts,8.00,,,,cogs|map,0,0
FFB11-10,"Adjuster Spring - 10""",variation,FFB11,Columbia Tools,Drywall Finishing Tools > Parts,8.00,,,,cogs|map,0,0
FFB11-12,"Adjuster Spring - 12""",variation,FFB11,Columbia Tools,Drywall Finishing Tools > Parts,8.00,,,,cogs|map,0,0
FA239,"6-32 X 1/4"" Binder Slot",simple,,Columbia Tools,Drywall Finishing Tools > Parts,1.00,,,,cogs|map,0,0
FA227,"6-32 X 1/4"" Flat Slot",simple,,Columbia Tools,Drywall Finishing Tools > Parts,2.00,,,,cogs|map,0,0
FA236,"6-32 X 1/8"" Binder Slot",simple,,Columbia Tools,Drywall Finishing Tools > Parts,1.00,,,,cogs|map,0,0
FA235,"6-32 X 1/8"" Set Screw",simple,,Columbia Tools,Drywall Finishing Tools > Parts,2.00,,,,cogs|map,0,0
FA237,"6-32 x 3/16"" Binder Slot",simple,,Columbia Tools,Drywall Finishing Tools > Parts,1.00,,,,cogs|map,0,0
FA238,"6-32 X 3/16"" Fillister Slot",simple,,Columbia Tools,Drywall Finishing Tools > Parts,2.00,,,,cogs|map,0,0
FA241,"6-32 X 3/8"" Binder Slot",simple,,Columbia Tools,Drywall Finishing Tools > Parts,1.00,,,,cogs|map,0,0
FA243,"6-32 x 3/8"" Flat Slot",simple,,Columbia Tools,Drywall Finishing Tools > Parts,1.00,,,,cogs|map,0,0
FA231,"6-32 x 3/8"" Hex Bolt",simple,,Columbia Tools,Drywall Finishing Tools > Parts,2.25,,0.64,,map,0,0
FA247,"6-32 X 5/8"" Hex Bolt",simple,,Columbia Tools,Drywall Finishing Tools > Parts,2.45,,0.80,,map,0,0
FA254,8-32 Nyloc Nut,simple,,Columbia Tools,Drywall Finishing Tools > Parts,2.00,,,,cogs|map,0,0
FA267,"8-32 x 1 1/2"" Pan Slot",simple,,Columbia Tools,Drywall Finishing Tools > Parts,2.85,,0.41,,map,0,0
FA262,"8-32 x 1/2"" Socket",simple,,Columbia Tools,Drywall Finishing Tools > Parts,2.95,,1.11,,map,0,0
FA257,"8-32 x 1/4"" Fillister Slot",simple,,Columbia Tools,Drywall Finishing Tools > Parts,1.00,,,,cogs|map,0,0
FA256,"8-32 X 3/16"" Pan Slot",simple,,Columbia Tools,Drywall Finishing Tools > Parts,2.15,,0.32,,map,0,0
FA265,"8-32 x 3/4"" Truss Slot",simple,,Columbia Tools,Drywall Finishing Tools > Parts,1.00,,,,cogs|map,0,0
FA260,"8-32 x 3/8"" Pan Slot",simple,,Columbia Tools,Drywall Finishing Tools > Parts,1.00,,,,cogs|map,0,0
FA261,"8-32 X 3/8"" Socket Screw",simple,,Columbia Tools,Drywall Finishing Tools > Parts,2.75,,0.43,,map,0,0
FA376,8-32 x 5/16 SS Socket Head,simple,,Columbia Tools,Drywall Finishing Tools > Parts,2.00,,,,cogs|map,0,0
FA264,"8-32 x 5/8"" Truss Slot",simple,,Columbia Tools,Drywall Finishing Tools > Parts,1.00,,,,cogs|map,0,0
FA258,8-32X 1/4 Half Dog Set,simple,,Columbia Tools,Drywall Finishing Tools > Parts,2.00,,,,cogs|map,0,0
FA249,"8-32X3/16"" Set Screw",simple,,Columbia Tools,Drywall Finishing Tools > Parts,2.00,,,,cogs|map,0,0
FFB5-7,"Axle - 7""",variation,FFB5,Columbia Tools,Drywall Finishing Tools > Parts,44.00,,,,cogs|map,0,0
FFB5-8,"Axle - 8""",variation,FFB5,Columbia Tools,Drywall Finishing Tools > Parts,44.00,,,,cogs|map,0,0
FFB5-10,"Axle - 10""",variation,FFB5,Columbia Tools,Drywall Finishing Tools > Parts,44.00,,,,cogs|map,0,0
FFB5-12,"Axle - 12""",variation,FFB5,Columbia Tools,Drywall Finishing Tools > Parts,44.00,,,,cogs|map,0,0
FFB5-14,"Axle - 14""",variation,FFB5,Columbia Tools,Drywall Finishing Tools > Parts,44.00,,,,cogs|map,0,0
FFB9-5.5,"Blade - 5.5""",variation,FFB9,Columbia Tools,Drywall Finishing Tools > Parts,18.75,,,,cogs|map,0,0
FFB9-7,"Blade - 7""",variation,FFB9,Columbia Tools,Drywall Finishing Tools > Parts,22.50,,,,cogs|map,0,0
FFB9-8,"Blade - 8""",variation,FFB9,Columbia Tools,Drywall Finishing Tools > Parts,24.95,,,,cogs|map,0,0
FFB9-10,"Blade - 10""",variation,FFB9,Columbia Tools,Drywall Finishing Tools > Parts,28.95,,,,cogs|map,0,0
FFB9-12,"Blade - 12""",variation,FFB9,Columbia Tools,Drywall Finishing Tools > Parts,32.50,,,,cogs|map,0,0
FFB9-14,"Blade - 14""",variation,FFB9,Columbia Tools,Drywall Finishing Tools > Parts,36.95,,,,cogs|map,0,0
HNS7-2,"Blade - 2""",variation,HNS7,Columbia Tools,Drywall Finishing Tools > Parts,23.00,,,,cogs|map,0,0
HNS7-3,"Blade - 3""",variation,HNS7,Columbia Tools,Drywall Finishing Tools > Parts,23.00,,,,cogs|map,0,0
FFB5A,Axel Bushing,simple,,Columbia Tools,Drywall Finishing Tools > Parts,3.00,,,,cogs|map,0,0
MP32,Backing Washer Locator,simple,,Columbia Tools,Drywall Finishing Tools > Parts,18.95,,,,cogs|map,0,0
FFB8,Bar Retainer Clip,simple,,Columbia Tools,Drywall Finishing Tools > Parts,2.00,,,,cogs|map,0,0
CT103,Barrel- Main Body,simple,,Columbia Tools,Drywall Finishing Tools > Parts,112.50,,77.59,,map,0,0
CT125A,Bearing,simple,,Columbia Tools,Drywall Finishing Tools > Parts,19.95,,1.93,,map,0,0
BH24A,Bearing Sleeve,simple,,Columbia Tools,Drywall Finishing Tools > Parts,4.00,,,,cogs|map,0,0
CFB16,Bearing Sleeve,simple,,Columbia Tools,Drywall Finishing Tools > Parts,18.75,,3.09,,map,0,0
CR-3,Bearing Sleeve,simple,,Columbia Tools,Drywall Finishing Tools > Parts,19.99,,,,cogs|map,0,0
HNS8-2,"Blade Holder - 2""",variation,HNS8,Columbia Tools,Drywall Finishing Tools > Parts,33.00,,,,cogs|map,0,0
HNS8-3,"Blade Holder - 3""",variation,HNS8,Columbia Tools,Drywall Finishing Tools > Parts,33.00,,,,cogs|map,0,0
AH9A,"Bottom Retainer Corner Clip - 3.5""",variation,AH9-CLIP,Columbia Tools,Drywall Finishing Tools > Parts,11.50,,,,cogs|map,0,0
AH9,Bottom Retainer Corner Clip - Standard,variation,AH9-CLIP,Columbia Tools,Drywall Finishing Tools > Parts,10.00,,5.07,,map,0,0
BH9-3,Brake Connecting Strap - 3',variation,BH9,Columbia Tools,Drywall Finishing Tools > Parts,27.00,,,,cogs|map,0,0
BH9-42,"Brake Connecting Strap - 42""",variation,BH9,Columbia Tools,Drywall Finishing Tools > Parts,29.00,,,,cogs|map,0,0
BH9-4,Brake Connecting Strap - 4',variation,BH9,Columbia Tools,Drywall Finishing Tools > Parts,31.00,,,,cogs|map,0,0
BH9-5,Brake Connecting Strap - 5',variation,BH9,Columbia Tools,Drywall Finishing Tools > Parts,33.00,,,,cogs|map,0,0
BH9-6,Brake Connecting Strap - 6',variation,BH9,Columbia Tools,Drywall Finishing Tools > Parts,35.00,,,,cogs|map,0,0
HH16A,Bleeder Screw,simple,,Columbia Tools,Drywall Finishing Tools > Parts,17.00,,,,cogs|map,0,0
HH10B,Bottom Cap,simple,,Columbia Tools,Drywall Finishing Tools > Parts,2.00,,,,cogs|map,0,0
CFB8,Box Mount,simple,,Columbia Tools,Drywall Finishing Tools > Parts,44.00,,27.15,,map,0,0
FFB36,Box Wheel,simple,,Columbia Tools,Drywall Finishing Tools > Parts,5.00,,,,cogs|map,0,0
CT87A,Bracket Brace,simple,,Columbia Tools,Drywall Finishing Tools > Parts,14.50,,4.67,,map,0,0
HH7,Brake,simple,,Columbia Tools,Drywall Finishing Tools > Parts,22.00,,,,cogs|map,0,0
MH9A,Brake Activation Rod,simple,,Columbia Tools,Drywall Finishing Tools > Parts,24.00,,,,cogs|map,0,0
CT16,Brake Dog,simple,,Columbia Tools,Drywall Finishing Tools > Parts,15.00,,,,cogs|map,0,0
HH13,Brake Pin,simple,,Columbia Tools,Drywall Finishing Tools > Parts,16.00,,,,cogs|map,0,0
HH14,Brake Piston,simple,,Columbia Tools,Drywall Finishing Tools > Parts,17.00,,,,cogs|map,0,0
MH8,Brake Rod Bushing,simple,,Columbia Tools,Drywall Finishing Tools > Parts,8.00,,,,cogs|map,0,0
HH12,Brake Spring,simple,,Columbia Tools,Drywall Finishing Tools > Parts,5.00,,,,cogs|map,0,0
HH17A,Brass Connector - 1,variation,HH-BRASS-CONNECTOR,Columbia Tools,Drywall Finishing Tools > Parts,5.00,,,,cogs|map,0,0
HH17B,Brass Connector - 2,variation,HH-BRASS-CONNECTOR,Columbia Tools,Drywall Finishing Tools > Parts,5.00,,,,cogs|map,0,0
CT72,Cable,simple,,Columbia Tools,Drywall Finishing Tools > Parts,10.00,,,,cogs|map,0,0
CT73,Cable Drum,simple,,Columbia Tools,Drywall Finishing Tools > Parts,28.95,,23.27,,map,0,0
BH26,Cam,simple,,Columbia Tools,Drywall Finishing Tools > Parts,21.95,,,,cogs|map,0,0
BH7,Cam Follower,simple,,Columbia Tools,Drywall Finishing Tools > Parts,15.00,,,,cogs|map,0,0
HH19,Cap,simple,,Columbia Tools,Drywall Finishing Tools > Parts,17.00,,,,cogs|map,0,0
CT35,Cap Reinforcing Tab,simple,,Columbia Tools,Drywall Finishing Tools > Parts,4.00,,1.93,,map,0,0
CT55,Carriage Guide Rod,simple,,Columbia Tools,Drywall Finishing Tools > Parts,12.00,,,,cogs|map,0,0
CT56,Carriage Guide Rod Stop,simple,,Columbia Tools,Drywall Finishing Tools > Parts,7.00,,,,cogs|map,0,0
CT31,Chain Tension & Guide Bracket,simple,,Columbia Tools,Drywall Finishing Tools > Parts,6.00,,3.49,,map,0,0
CT83,Clutch Dog,simple,,Columbia Tools,Drywall Finishing Tools > Parts,3.00,,,,cogs|map,0,0
CT82,Clutch Lever,simple,,Columbia Tools,Drywall Finishing Tools > Parts,19.75,,,,cogs|map,0,0
CT88,Clutch Release Rod,simple,,Columbia Tools,Drywall Finishing Tools > Parts,16.50,,9.31,,map,0,0
CT85,Clutch Release Shaft,simple,,Columbia Tools,Drywall Finishing Tools > Parts,40.00,,23.27,,map,0,0
CT81,Clutch Return Spring,simple,,Columbia Tools,Drywall Finishing Tools > Parts,3.00,,1.56,,map,0,0
HH9,Coiled Hydraulic Line,simple,,Columbia Tools,Drywall Finishing Tools > Parts,40.00,,,,cogs|map,0,0
HP44,Collar O-Ring,simple,,Columbia Tools,Drywall Finishing Tools > Parts,2.00,,,,cogs|map,0,0
CT86,CT86 – Toe Kicker Cable,simple,,Columbia Tools,Drywall Finishing Tools > Parts,14.95,,11.64,,map,0,0
FA259,"FA259 8-32 X 5/16"" Binder Slot",simple,,Columbia Tools,Drywall Finishing Tools > Parts,1.00,,,,cogs|map,0,0
FA292,FA292 1/4-20 Nyloc Jam Nut,simple,,Columbia Tools,Drywall Finishing Tools > Parts,3.15,,0.81,,map,0,0
HNS4-2,"Door - 2""",variation,HNS4,Columbia Tools,Drywall Finishing Tools > Parts,33.00,,,,cogs|map,0,0
HNS4-3,"Door - 3""",variation,HNS4,Columbia Tools,Drywall Finishing Tools > Parts,33.00,,,,cogs|map,0,0
FA311,"FA311 1/4-28 X 1/2"" Socket Head",simple,,Columbia Tools,Drywall Finishing Tools > Parts,2.00,,,,cogs|map,0,0
FA315,"FA315 10-32 X 3/8"" Flat Socket Head",simple,,Columbia Tools,Drywall Finishing Tools > Parts,2.00,,,,cogs|map,0,0
CFB5B,Cone Ball,simple,,Columbia Tools,Drywall Finishing Tools > Parts,16.00,,,,cogs|map,0,0
CT132,Connecting Link,simple,,Columbia Tools,Drywall Finishing Tools > Parts,2.00,,,,cogs|map,0,0
MH7,Connecting Link Fork,simple,,Columbia Tools,Drywall Finishing Tools > Parts,29.00,,,,cogs|map,0,0
MH5,Connecting Link Pin,simple,,Columbia Tools,Drywall Finishing Tools > Parts,5.00,,,,cogs|map,0,0
CT45,Connecting Rod,simple,,Columbia Tools,Drywall Finishing Tools > Parts,22.95,,10.48,,map,0,0
MH16,Connecting Rod Housing,simple,,Columbia Tools,Drywall Finishing Tools > Parts,8.00,,,,cogs|map,0,0
CT112,Connecting Stud,simple,,Columbia Tools,Drywall Finishing Tools > Parts,11.00,,6.51,,map,0,0
CT104,Connection Strap,simple,,Columbia Tools,Drywall Finishing Tools > Parts,18.95,,,,cogs|map,0,0
CT105,Crimper Lever,simple,,Columbia Tools,Drywall Finishing Tools > Parts,34.50,,17.83,,map,0,0
CT10A,Crimping Arm Shaft Bushing - L,simple,,Columbia Tools,Drywall Finishing Tools > Parts,13.95,,2.91,,map,0,0
CT47,Crimping Wheel,simple,,Columbia Tools,Drywall Finishing Tools > Parts,18.95,,7.76,,map,0,0
CT50,Crimping Wheel Bushing,simple,,Columbia Tools,Drywall Finishing Tools > Parts,6.00,,3.49,,map,0,0
CR4,Cut Washer,simple,,Columbia Tools,Drywall Finishing Tools > Parts,3.00,,,,cogs|map,0,0
CT42A,Diamond Blade,simple,,Columbia Tools,Drywall Finishing Tools > Parts,2.00,,,,cogs|map,0,0
CT13,Dog Base Bracket,simple,,Columbia Tools,Drywall Finishing Tools > Parts,16.00,,,,cogs|map,0,0
CFB4-7,"Door - 7""",variation,CFB4,Columbia Tools,Drywall Finishing Tools > Parts,42.50,,7.76,,map,0,0
CFB4-8,"Door - 8""",variation,CFB4,Columbia Tools,Drywall Finishing Tools > Parts,46.95,,7.76,,map,0,0
HNS15-2,"Door Gasket - 2""",variation,HNS15,Columbia Tools,Drywall Finishing Tools > Parts,36.00,,,,cogs|map,0,0
HNS15-3,"Door Gasket - 3""",variation,HNS15,Columbia Tools,Drywall Finishing Tools > Parts,35.00,,,,cogs|map,0,0
CFB7-7,"Door Gasket - 7""",variation,CFB7,Columbia Tools,Drywall Finishing Tools > Parts,28.50,,23.27,,map,0,0
CFB7-8,"Door Gasket - 8""",variation,CFB7,Columbia Tools,Drywall Finishing Tools > Parts,31.95,,23.27,,map,0,0
HNS10A,Door Spring - Short,variation,HNS-DOOR-SPRING,Columbia Tools,Drywall Finishing Tools > Parts,18.75,,,,cogs|map,0,0
HNS10,Door Spring - Long,variation,HNS-DOOR-SPRING,Columbia Tools,Drywall Finishing Tools > Parts,18.75,,,,cogs|map,0,0
CT71,Drive Sprocket - Small,variation,CT-SPROCKET,Columbia Tools,Drywall Finishing Tools > Parts,15.00,,,,cogs|map,0,0
CT77,Drive Sprocket - Large,variation,CT-SPROCKET,Columbia Tools,Drywall Finishing Tools > Parts,26.50,,38.77,,map,0,1
CFB15,Door Hinge,simple,,Columbia Tools,Drywall Finishing Tools > Parts,24.95,,15.51,,map,0,0
FFB17,Door Spring,simple,,Columbia Tools,Drywall Finishing Tools > Parts,5.00,,2.72,,map,0,0
FFB16,Door Spring Nut,simple,,Columbia Tools,Drywall Finishing Tools > Parts,5.00,,,,cogs|map,0,0
CFB11A,Door Stop,simple,,Columbia Tools,Drywall Finishing Tools > Parts,3.00,,,,cogs|map,0,0
FFB32,Door Stop,simple,,Columbia Tools,Drywall Finishing Tools > Parts,3.00,,,,cogs|map,0,0
CT78,Drive Chain,simple,,Columbia Tools,Drywall Finishing Tools > Parts,66.00,,51.20,,map,0,0
CT70,Drive Shaft,simple,,Columbia Tools,Drywall Finishing Tools > Parts,33.00,,,,cogs|map,0,0
CT87,Engraved Cover Plate Cap,simple,,Columbia Tools,Drywall Finishing Tools > Parts,42.00,,,,cogs|map,0,0
HH5,Extension Housing,simple,,Columbia Tools,Drywall Finishing Tools > Parts,33.00,,,,cogs|map,0,0
HH30,Extension Release Trigger,simple,,Columbia Tools,Drywall Finishing Tools > Parts,14.25,,,,cogs|map,0,0
CT130,Extension Shaft,simple,,Columbia Tools,Drywall Finishing Tools > Parts,32.50,,13.97,,map,0,0
AH7-2,"Frame Tension Spring - 2""",variation,AH7,Columbia Tools,Drywall Finishing Tools > Parts,12.50,,0.79,,map,0,0
AH7-2.5,"Frame Tension Spring - 2.5""",variation,AH7,Columbia Tools,Drywall Finishing Tools > Parts,2.00,,0.79,,map,0,0
AH7-3,"Frame Tension Spring - 3""",variation,AH7,Columbia Tools,Drywall Finishing Tools > Parts,13.25,,0.79,,map,0,0
AH7-3.5,"Frame Tension Spring - 3.5""",variation,AH7,Columbia Tools,Drywall Finishing Tools > Parts,14.50,,0.79,,map,0,0
CT127,Extension Shaft Bracket,simple,,Columbia Tools,Drywall Finishing Tools > Parts,21.95,,19.39,,map,0,0
MP33,Filler Gasket,simple,,Columbia Tools,Drywall Finishing Tools > Parts,2.00,,,,cogs|map,0,0
MP28,Filler Nut,simple,,Columbia Tools,Drywall Finishing Tools > Parts,12.25,,,,cogs|map,0,0
MP25,Filler Studs,simple,,Columbia Tools,Drywall Finishing Tools > Parts,10.00,,,,cogs|map,0,0
MP2,Foot Valve Casting,simple,,Columbia Tools,Drywall Finishing Tools > Parts,29.00,,,,cogs|map,0,0
AH5,Frame Retainer Clip,simple,,Columbia Tools,Drywall Finishing Tools > Parts,2.00,,,,cogs|map,0,0
AH6A,Funnel Retainer Clip,simple,,Columbia Tools,Drywall Finishing Tools > Parts,19.00,,12.03,,map,0,0
MH21,Grip Adjuster Housing,simple,,Columbia Tools,Drywall Finishing Tools > Parts,21.95,,4.40,,map,0,0
MH23,Grip Adjusting Fastener,simple,,Columbia Tools,Drywall Finishing Tools > Parts,11.00,,,,cogs|map,0,0
MH22,Grip Adjustment Pin,simple,,Columbia Tools,Drywall Finishing Tools > Parts,11.00,,,,cogs|map,0,0
HH15,Grip Sleeve Octagon,simple,,Columbia Tools,Drywall Finishing Tools > Parts,15.00,,,,cogs|map,0,0
CT115,Guard Ring,simple,,Columbia Tools,Drywall Finishing Tools > Parts,20.00,,11.64,,map,0,0
CT58,Guide Rod Bushing,simple,,Columbia Tools,Drywall Finishing Tools > Parts,8.00,,4.67,,map,0,0
CT126,Hand Grip Body,simple,,Columbia Tools,Drywall Finishing Tools > Parts,66.00,,,,cogs|map,0,0
CT124,Hand Grip Guard Ring,simple,,Columbia Tools,Drywall Finishing Tools > Parts,20.00,,,,cogs|map,0,0
HNS12,Handle Clamp,simple,,Columbia Tools,Drywall Finishing Tools > Parts,17.00,,,,cogs|map,0,0
CR11,Handle Connecting Link,simple,,Columbia Tools,Drywall Finishing Tools > Parts,18.95,,,,cogs|map,0,0
HH35,Handle Grip,simple,,Columbia Tools,Drywall Finishing Tools > Parts,7.00,,,,cogs|map,0,0
MH4,Handle Grip,simple,,Columbia Tools,Drywall Finishing Tools > Parts,37.00,,,,cogs|map,0,0
MH11,Handle Grip Bushing,simple,,Columbia Tools,Drywall Finishing Tools > Parts,6.00,,,,cogs|map,0,0
AH1-2,"Head Casting - 2""",variation,AH1,Columbia Tools,Drywall Finishing Tools > Parts,153.00,,,,cogs|map,0,0
AH1-2.5,"Head Casting - 2.5""",variation,AH1,Columbia Tools,Drywall Finishing Tools > Parts,173.85,,,,cogs|map,0,0
AH1-3,"Head Casting - 3""",variation,AH1,Columbia Tools,Drywall Finishing Tools > Parts,153.00,,,,cogs|map,0,0
AH1-3.5,"Head Casting - 3.5""",variation,AH1,Columbia Tools,Drywall Finishing Tools > Parts,153.00,,,,cogs|map,0,0
HFFB3,Hinge Box End Plate - Right,variation,HFFB3-PLATE,Columbia Tools,Drywall Finishing Tools > Parts,36.00,,,,cogs|map,0,0
HFFB3A,Hinge Box End Plate - Left,variation,HFFB3-PLATE,Columbia Tools,Drywall Finishing Tools > Parts,36.00,,,,cogs|map,0,0
MP6,Handle Link,simple,,Columbia Tools,Drywall Finishing Tools > Parts,33.00,,,,cogs|map,0,0
HNSA-14,Handle Link Assembly,simple,,Columbia Tools,Drywall Finishing Tools > Parts,45.00,,,,cogs|map,0,0
MH1,Handle Mount Plate,simple,,Columbia Tools,Drywall Finishing Tools > Parts,75.00,,,,cogs|map,0,0
CR6,Handle Mounting Swivel,simple,,Columbia Tools,Drywall Finishing Tools > Parts,24.95,,9.11,,map,0,0
HPA-48,Handle Pin Assembly,simple,,Columbia Tools,Drywall Finishing Tools > Parts,5.00,,,,cogs|map,0,0
HH8,Handle Tube,simple,,Columbia Tools,Drywall Finishing Tools > Parts,45.00,,,,cogs|map,0,0
MP5,Head Bushing,simple,,Columbia Tools,Drywall Finishing Tools > Parts,13.95,,,,cogs|map,0,0
CR1,Head Casting,simple,,Columbia Tools,Drywall Finishing Tools > Parts,39.00,,,,cogs|map,0,0
FFB39,Hex Bolt,simple,,Columbia Tools,Drywall Finishing Tools > Parts,3.00,,,,cogs|map,0,0
CT20,Hinge Block,simple,,Columbia Tools,Drywall Finishing Tools > Parts,24.95,,6.21,,map,0,0
CFB15A,Hinge Bushing (Plastic Washer),simple,,Columbia Tools,Drywall Finishing Tools > Parts,8.50,,,,cogs|map,0,0
BH6,Hinge Pin,simple,,Columbia Tools,Drywall Finishing Tools > Parts,11.25,,,,cogs|map,0,0
MH6,Hinge Pin,simple,,Columbia Tools,Drywall Finishing Tools > Parts,4.00,,,,cogs|map,0,0
CT79,Hollow Shaft,simple,,Columbia Tools,Drywall Finishing Tools > Parts,38.50,,23.27,,map,0,0
CT68,Hub,simple,,Columbia Tools,Drywall Finishing Tools > Parts,15.00,,9.31,,map,0,0
CT2,Insert Bushing for CT#7A,simple,,Columbia Tools,Drywall Finishing Tools > Parts,5.00,,2.32,,map,0,0
MH13,Large Nyliner Bushing,simple,,Columbia Tools,Drywall Finishing Tools > Parts,5.00,,,,cogs|map,0,0
CT4,Wafer Bushing - Left,variation,CT-WAFER-BUSHING,Columbia Tools,Drywall Finishing Tools > Parts,2.00,,,,cogs|map,0,0
CT5,Wafer Bushing - Right,variation,CT-WAFER-BUSHING,Columbia Tools,Drywall Finishing Tools > Parts,11.50,,0.77,,map,0,0
HP47,Latch Clamp Assembly,simple,,Columbia Tools,Drywall Finishing Tools > Parts,28.95,,,,cogs|map,0,0
HP46,Latch Keeper,simple,,Columbia Tools,Drywall Finishing Tools > Parts,19.75,,,,cogs|map,0,0
MP8,Leg,simple,,Columbia Tools,Drywall Finishing Tools > Parts,71.00,,,,cogs|map,0,0
HH17C,Line Pincher,simple,,Columbia Tools,Drywall Finishing Tools > Parts,4.00,,,,cogs|map,0,0
BH4,Lower Brake Lever,simple,,Columbia Tools,Drywall Finishing Tools > Parts,19.75,,15.32,,map,0,0
MH3,Lower Mount Bracket,simple,,Columbia Tools,Drywall Finishing Tools > Parts,33.00,,,,cogs|map,0,0
BH3,Lower Mounting Bracket,simple,,Columbia Tools,Drywall Finishing Tools > Parts,32.00,,,,cogs|map,0,0
CT80,Manual Drive Grip,simple,,Columbia Tools,Drywall Finishing Tools > Parts,18.75,,,,cogs|map,0,0
MH2,Matrix Handle Head,simple,,Columbia Tools,Drywall Finishing Tools > Parts,4.00,,,,cogs|map,0,0
CT43,Micro Chain,simple,,Columbia Tools,Drywall Finishing Tools > Parts,24.50,,19.39,,map,0,0
MH3A,Mounting Bracket Stem,simple,,Columbia Tools,Drywall Finishing Tools > Parts,4.00,,,,cogs|map,0,0
BH1,Mounting Plate,simple,,Columbia Tools,Drywall Finishing Tools > Parts,30.00,,37.15,,map,0,1
MP24,Mud Pump Screen,simple,,Columbia Tools,Drywall Finishing Tools > Parts,4.00,,,,cogs|map,0,0
MP23,Mud Pump Seal,simple,,Columbia Tools,Drywall Finishing Tools > Parts,16.50,,,,cogs|map,0,0
HFFB1A-10,"Mud Seal Strip - 10""",simple,,Columbia Tools,Drywall Finishing Tools > Parts,10.00,,,,cogs|map,0,0
CT96,Mud Shut-Off Gasket,simple,,Columbia Tools,Drywall Finishing Tools > Parts,4.00,,1.36,,map,0,0
CT98,Mud Supply Seal Plate & Shaft,simple,,Columbia Tools,Drywall Finishing Tools > Parts,24.95,,3.09,,map,0,0
CT97,Mud Supply Valve Body,simple,,Columbia Tools,Drywall Finishing Tools > Parts,34.50,,15.52,,map,0,0
CFB6,Mud Supply Valve Unit,simple,,Columbia Tools,Drywall Finishing Tools > Parts,29.00,,17.07,,map,0,0
HNS17A,Nail Spotter Handle Tightness Screw,simple,,Columbia Tools,Drywall Finishing Tools > Parts,5.00,,,,cogs|map,0,0
CT63,Needle,simple,,Columbia Tools,Drywall Finishing Tools > Parts,2.00,,,,cogs|map,0,0
CT62,Needle Holding Shaft,simple,,Columbia Tools,Drywall Finishing Tools > Parts,16.00,,,,cogs|map,0,0
MP13A,Piston Backing Washer - Small,variation,MP-PISTON-BACKING-WASHER,Columbia Tools,Drywall Finishing Tools > Parts,12.50,,,,cogs|map,0,0
MP13,Piston Backing Washer - Large,variation,MP-PISTON-BACKING-WASHER,Columbia Tools,Drywall Finishing Tools > Parts,14.25,,,,cogs|map,0,0
CT64,Needle Return Shaft,simple,,Columbia Tools,Drywall Finishing Tools > Parts,6.00,,3.09,,map,0,0
CT65,Needle Return Spring,simple,,Columbia Tools,Drywall Finishing Tools > Parts,4.00,,2.13,,map,0,0
HFFB4D,Nylatron Bushing,simple,,Columbia Tools,Drywall Finishing Tools > Parts,3.00,,,,cogs|map,0,0
MP36,Nylatron Bushing,simple,,Columbia Tools,Drywall Finishing Tools > Parts,11.50,,,,cogs|map,0,0
CT76,Nylatron Washer,simple,,Columbia Tools,Drywall Finishing Tools > Parts,6.25,,,,cogs|map,0,0
FFB38,Nyliner Bearing,simple,,Columbia Tools,Drywall Finishing Tools > Parts,2.00,,,,cogs|map,0,0
HP45,O Ring Enclosure,simple,,Columbia Tools,Drywall Finishing Tools > Parts,22.00,,,,cogs|map,0,0
CT121A,O-Ring,simple,,Columbia Tools,Drywall Finishing Tools > Parts,2.00,,,,cogs|map,0,0
MP23A,O-Ring,simple,,Columbia Tools,Drywall Finishing Tools > Parts,2.00,,,,cogs|map,0,0
MH10,Octagon,simple,,Columbia Tools,Drywall Finishing Tools > Parts,36.00,,,,cogs|map,0,0
CT19,Paper Feed Guide,simple,,Columbia Tools,Drywall Finishing Tools > Parts,24.95,,20.96,,map,0,0
MH17,Pinch Brake,simple,,Columbia Tools,Drywall Finishing Tools > Parts,24.50,,10.77,,map,0,0
MH15,Pinch Brake Activator,simple,,Columbia Tools,Drywall Finishing Tools > Parts,22.00,,,,cogs|map,0,0
MH24,Pinch Brake Bushing,simple,,Columbia Tools,Drywall Finishing Tools > Parts,12.75,,5.88,,map,0,0
MH18,Pinch Brake Housing,simple,,Columbia Tools,Drywall Finishing Tools > Parts,20.00,,,,cogs|map,0,0
MH19,Pinch Brake Sleeve,simple,,Columbia Tools,Drywall Finishing Tools > Parts,28.00,,,,cogs|map,0,0
MH25,Pinch Brake Stem,simple,,Columbia Tools,Drywall Finishing Tools > Parts,14.95,,6.36,,map,0,0
MH12,PinchBrake Spring,simple,,Columbia Tools,Drywall Finishing Tools > Parts,4.00,,,,cogs|map,0,0
CT107,Piston Body,simple,,Columbia Tools,Drywall Finishing Tools > Parts,27.00,,15.51,,map,0,0
CT111,Piston Cup,simple,,Columbia Tools,Drywall Finishing Tools > Parts,11.75,,9.31,,map,0,0
MP14,Piston Cup,simple,,Columbia Tools,Drywall Finishing Tools > Parts,11.75,,,,cogs|map,0,0
HH16,Piston Housing,simple,,Columbia Tools,Drywall Finishing Tools > Parts,27.00,,,,cogs|map,0,0
CT3,Insert Bushing - Right,variation,CT-INSERT-BUSHING,Columbia Tools,Drywall Finishing Tools > Parts,12.00,,,,cogs|map,0,0
CT3A,Insert Bushing - Left,variation,CT-INSERT-BUSHING,Columbia Tools,Drywall Finishing Tools > Parts,14.50,,,,cogs|map,0,0
CT29,Nylatron Chain Roller - Right (Small),variation,CT-NYLATRON-CHAIN-ROLLER,Columbia Tools,Drywall Finishing Tools > Parts,13.50,,1.93,,map,0,0
CT29A,Nylatron Chain Roller - Left (Large),variation,CT-NYLATRON-CHAIN-ROLLER,Columbia Tools,Drywall Finishing Tools > Parts,4.00,,1.93,,map,0,0
HH23,Piston O-Ring,simple,,Columbia Tools,Drywall Finishing Tools > Parts,2.00,,,,cogs|map,0,0
MP11,Piston Shaft,simple,,Columbia Tools,Drywall Finishing Tools > Parts,28.50,,,,cogs|map,0,0
HNS18,Pivot,simple,,Columbia Tools,Drywall Finishing Tools > Parts,4.00,,,,cogs|map,0,0
BH2,Plate,simple,,Columbia Tools,Drywall Finishing Tools > Parts,24.50,,22.92,,map,0,0
HP1,Pump Cylinder,simple,,Columbia Tools,Drywall Finishing Tools > Parts,52.00,,,,cogs|map,0,0
MP3,Pump Flapper Valve,simple,,Columbia Tools,Drywall Finishing Tools > Parts,4.00,,,,cogs|map,0,0
MP7,Pump Handle,simple,,Columbia Tools,Drywall Finishing Tools > Parts,87.00,,,,cogs|map,0,0
CT67,Ratchet Gear,simple,,Columbia Tools,Drywall Finishing Tools > Parts,34.50,,3.09,,map,0,0
CT15,Ratchet Rod for Adjustable Brake,simple,,Columbia Tools,Drywall Finishing Tools > Parts,6.00,,,,cogs|map,0,0
CT92,Release Clip Bushing,simple,,Columbia Tools,Drywall Finishing Tools > Parts,10.00,,6.21,,map,0,0
HH31,Release Clip Pin,simple,,Columbia Tools,Drywall Finishing Tools > Parts,12.95,,,,cogs|map,0,0
HH32,Release Clip Washer,simple,,Columbia Tools,Drywall Finishing Tools > Parts,22.00,,,,cogs|map,0,0
CT89,Release Rod Sleeve,simple,,Columbia Tools,Drywall Finishing Tools > Parts,12.95,,9.31,,map,0,0
AH1B,Return Spring,simple,,Columbia Tools,Drywall Finishing Tools > Parts,3.00,,,,cogs|map,0,0
CT101,Return Spring,simple,,Columbia Tools,Drywall Finishing Tools > Parts,9.25,,,,cogs|map,0,0
CT54,Return Spring,simple,,Columbia Tools,Drywall Finishing Tools > Parts,3.00,,,,cogs|map,0,0
CT40,Return Spring Ring,simple,,Columbia Tools,Drywall Finishing Tools > Parts,2.00,,,,cogs|map,0,0
CT36,Return Spring Tube,simple,,Columbia Tools,Drywall Finishing Tools > Parts,33.00,,20.16,,map,0,0
HH33,Rlease Trigger Spring,simple,,Columbia Tools,Drywall Finishing Tools > Parts,11.75,,,,cogs|map,0,0
FFB7,Shoe - Right,variation,FFB7-SHOE,Columbia Tools,Drywall Finishing Tools > Parts,42.95,,,,cogs|map,0,0
FFB7A,Shoe - Left,variation,FFB7-SHOE,Columbia Tools,Drywall Finishing Tools > Parts,42.95,,,,cogs|map,0,0
CFB3-7,"Side Plate - 7""",variation,CFB3,Columbia Tools,Drywall Finishing Tools > Parts,40.00,,,,cogs|map,0,0
CFB3-8,"Side Plate - 8""",variation,CFB3,Columbia Tools,Drywall Finishing Tools > Parts,40.00,,,,cogs|map,0,0
CT90,Rod Sleeve Housing,simple,,Columbia Tools,Drywall Finishing Tools > Parts,22.50,,,,cogs|map,0,0
HNS12A,Roll Pin,simple,,Columbia Tools,Drywall Finishing Tools > Parts,6.00,,,,cogs|map,0,0
HNS13,Roll Pin Bushing,simple,,Columbia Tools,Drywall Finishing Tools > Parts,9.95,,,,cogs|map,0,0
CR2,Roller,simple,,Columbia Tools,Drywall Finishing Tools > Parts,12.00,,,,cogs|map,0,0
CT28,Roller Bushing,simple,,Columbia Tools,Drywall Finishing Tools > Parts,10.75,,2.32,,map,0,0
CT125,Rollers,simple,,Columbia Tools,Drywall Finishing Tools > Parts,15.25,,1.93,,map,0,0
FFB37,Rubber for Box Wheel,simple,,Columbia Tools,Drywall Finishing Tools > Parts,2.00,,,,cogs|map,0,0
CT87-CS,Rubber Seal,simple,,Columbia Tools,Drywall Finishing Tools > Parts,9.75,,4.25,,map,0,0
AH4,Side Blade,simple,,Columbia Tools,Drywall Finishing Tools > Parts,29.50,,2.13,,map,0,0
CT7A,Side Plate Hub,simple,,Columbia Tools,Drywall Finishing Tools > Parts,24.50,,7.76,,map,0,0
MP39,Sleeve,simple,,Columbia Tools,Drywall Finishing Tools > Parts,14.75,,,,cogs|map,0,0
MH20,Small Nyliner Bushing,simple,,Columbia Tools,Drywall Finishing Tools > Parts,3.00,,,,cogs|map,0,0
AH18,Socket Wear Cap,simple,,Columbia Tools,Drywall Finishing Tools > Parts,9.00,,,,cogs|map,0,0
CT119,Spool Retaining Spring,simple,,Columbia Tools,Drywall Finishing Tools > Parts,7.25,,3.49,,map,0,0
AH1A,Spring Housing,simple,,Columbia Tools,Drywall Finishing Tools > Parts,8.00,,,,cogs|map,0,0
FFB4B,Stainless Steel Backing Washer,simple,,Columbia Tools,Drywall Finishing Tools > Parts,4.00,,,,cogs|map,0,0
CT6A,Stainless Steel Side Plate - Left,simple,,Columbia Tools,Drywall Finishing Tools > Parts,42.95,,22.32,,map,0,0
FFB4A,Stainless Steel Washer,simple,,Columbia Tools,Drywall Finishing Tools > Parts,5.00,,,,cogs|map,0,0
CT116A,Strap,simple,,Columbia Tools,Drywall Finishing Tools > Parts,28.50,,11.64,,map,0,0
AH8A,"Top Retainer Corner Clip - 3.5""",variation,AH8-CLIP,Columbia Tools,Drywall Finishing Tools > Parts,9.75,,,,cogs|map,0,0
AH8,Top Retainer Corner Clip - Standard,variation,AH8-CLIP,Columbia Tools,Drywall Finishing Tools > Parts,8.00,,3.84,,map,0,0
D14-22,Dura-III Adjustable - 14”-22”,variation,DS-DURA-III,Dura-Stilts,Stilts & Accessories > Stilts,400.00,,,,cogs|map,0,0
D18-30,Dura-III Adjustable - 18”-30”,variation,DS-DURA-III,Dura-Stilts,Stilts & Accessories > Stilts,415.00,,,,cogs|map,0,0
D24-40,Dura-III Adjustable - 24”-40”,variation,DS-DURA-III,Dura-Stilts,Stilts & Accessories > Stilts,435.00,,,,cogs|map,0,0
D38-64,Dura-III Adjustable - 38”-64”,variation,DS-DURA-III,Dura-Stilts,Stilts & Accessories > Stilts,584.00,,,,cogs|map,0,0
4-701,"LEVEL5 Corner Applicator - 7""",variation,LV5-CORNER-APPLICATOR,LEVEL5,Drywall Finishing Tools > Semi-Automatic Taping Tools > Compound Applicators,285.59,,,,cogs|map,0,0
4-702,"LEVEL5 Corner Applicator - 8""",variation,LV5-CORNER-APPLICATOR,LEVEL5,Drywall Finishing Tools > Semi-Automatic Taping Tools > Compound Applicators,294.52,,,,cogs|map,0,0
4-794,"LEVEL5 Corner Applicator Handle (Extendable) - 31""-50""",variation,LV5-CORNER-HANDLE-APPLICATOR-EXT,LEVEL5,Drywall Finishing Tools > Automatic Taping Tools > Extendable Handles,175.08,,,,cogs|map,0,0
4-798,"LEVEL5 Corner Applicator Handle (Extendable) - 43""-72""",variation,LV5-CORNER-HANDLE-APPLICATOR-EXT,LEVEL5,Drywall Finishing Tools > Automatic Taping Tools > Extendable Handles,193.78,,,,cogs|map,0,0
BH11,Strap Connecting Pin,simple,,Columbia Tools,Drywall Finishing Tools > Parts,7.95,,,,cogs|map,0,0
CR12,Swivel Coupling Pin,simple,,Columbia Tools,Drywall Finishing Tools > Parts,12.50,,2.40,,map,0,0
CT57,Tape Advance Carriage,simple,,Columbia Tools,Drywall Finishing Tools > Parts,82.00,,52.75,,map,0,0
CT120,Tape Spool,simple,,Columbia Tools,Drywall Finishing Tools > Parts,14.50,,15.51,,map,0,1
CT14A,Taper Adjustable Brake,simple,,Columbia Tools,Drywall Finishing Tools > Parts,22.50,,3.69,,map,0,0
FFB32A,Thumb Release Clip Screw,simple,,Columbia Tools,Drywall Finishing Tools > Parts,12.50,,,,cogs|map,0,0
CT53,Toe Kicker,simple,,Columbia Tools,Drywall Finishing Tools > Parts,28.50,,13.59,,map,0,0
CT92A,Toe Kicker Caple Retainer Clip,simple,,Columbia Tools,Drywall Finishing Tools > Parts,7.95,,1.56,,map,0,0
HH10A,Top Cap,simple,,Columbia Tools,Drywall Finishing Tools > Parts,2.00,,,,cogs|map,0,0
BH5,Upper Mounting Bracket,simple,,Columbia Tools,Drywall Finishing Tools > Parts,18.50,,5.43,,map,0,0
HH2,Upper Mounting Bracket,simple,,Columbia Tools,Drywall Finishing Tools > Parts,66.00,,,,cogs|map,0,0
HNS20,Wedge,simple,,Columbia Tools,Drywall Finishing Tools > Parts,22.50,,,,cogs|map,0,0
4-732,"LEVEL5 Corner Finisher - 2.5""",variation,LV5-CORNER-FINISHER,LEVEL5,Drywall Finishing Tools > Automatic Taping Tools > Angle Heads,397.37,,,,cogs|map,0,0
4-733,"LEVEL5 Corner Finisher - 3""",variation,LV5-CORNER-FINISHER,LEVEL5,Drywall Finishing Tools > Automatic Taping Tools > Angle Heads,406.72,,,,cogs|map,0,0
4-734,"LEVEL5 Corner Finisher - 3.5""",variation,LV5-CORNER-FINISHER,LEVEL5,Drywall Finishing Tools > Automatic Taping Tools > Angle Heads,416.07,,,,cogs|map,0,0
4-735,"LEVEL5 Corner Finisher - 4""",variation,LV5-CORNER-FINISHER,LEVEL5,Drywall Finishing Tools > Automatic Taping Tools > Angle Heads,425.42,,,,cogs|map,0,0
4-795,"LEVEL5 Corner Finisher Handle (Extendable) - 31""-50""",variation,LV5-CORNER-HANDLE-FINISHER-EXT,LEVEL5,Drywall Finishing Tools > Automatic Taping Tools > Extendable Handles,186.98,,,,cogs|map,0,0
4-799,"LEVEL5 Corner Finisher Handle (Extendable) - 43""-72""",variation,LV5-CORNER-HANDLE-FINISHER-EXT,LEVEL5,Drywall Finishing Tools > Automatic Taping Tools > Extendable Handles,205.68,,,,cogs|map,0,0
4-743,"LEVEL5 Corner Flusher - 3""",variation,LV5-CORNER-FLUSHER,LEVEL5,Drywall Finishing Tools > Semi-Automatic Taping Tools > Corner Flushers,128.69,,,,cogs|map,0,0
4-744,"LEVEL5 Corner Flusher - 3.5""",variation,LV5-CORNER-FLUSHER,LEVEL5,Drywall Finishing Tools > Semi-Automatic Taping Tools > Corner Flushers,132.74,,,,cogs|map,0,0
4-767,"LEVEL5 Flat Box (MEGA) - 7""",variation,LV5-FLAT-BOX-MEGA,LEVEL5,Drywall Finishing Tools > Automatic Taping Tools > Flat Boxes,398.64,,,,cogs|map,0,0
4-768,"LEVEL5 Flat Box (MEGA) - 10""",variation,LV5-FLAT-BOX-MEGA,LEVEL5,Drywall Finishing Tools > Automatic Taping Tools > Flat Boxes,407.99,,,,cogs|map,0,0
4-769,"LEVEL5 Flat Box (MEGA) - 12""",variation,LV5-FLAT-BOX-MEGA,LEVEL5,Drywall Finishing Tools > Automatic Taping Tools > Flat Boxes,422.02,,,,cogs|map,0,0
4-764,"LEVEL5 Flat Box (Standard) - 7""",variation,LV5-FLAT-BOX-STANDARD,LEVEL5,Drywall Finishing Tools > Automatic Taping Tools > Flat Boxes,379.52,,,,cogs|map,0,0
4-765,"LEVEL5 Flat Box (Standard) - 10""",variation,LV5-FLAT-BOX-STANDARD,LEVEL5,Drywall Finishing Tools > Automatic Taping Tools > Flat Boxes,388.87,,,,cogs|map,0,0
4-766,"LEVEL5 Flat Box (Standard) - 12""",variation,LV5-FLAT-BOX-STANDARD,LEVEL5,Drywall Finishing Tools > Automatic Taping Tools > Flat Boxes,398.64,,,,cogs|map,0,0
4-770,"LEVEL5 Flat Box (Standard) - 14""",variation,LV5-FLAT-BOX-STANDARD,LEVEL5,Drywall Finishing Tools > Automatic Taping Tools > Flat Boxes,412.67,,,,cogs|map,0,0
4-759,"LEVEL5 Flat Box Handle (Extendable) - 48""-78""",variation,LV5-FLAT-BOX-HANDLE-EXT,LEVEL5,Drywall Finishing Tools > Automatic Taping Tools > Flat Box Handles,313.22,,,,cogs|map,0,0
4-780,"LEVEL5 Flat Box Handle (Extendable) - 40""-62""",variation,LV5-FLAT-BOX-HANDLE-EXT,LEVEL5,Drywall Finishing Tools > Automatic Taping Tools > Flat Box Handles,303.87,,,,cogs|map,0,0
4-781,"LEVEL5 Flat Box Handle (Extendable) - 30""-42""",variation,LV5-FLAT-BOX-HANDLE-EXT,LEVEL5,Drywall Finishing Tools > Automatic Taping Tools > Flat Box Handles,294.52,,,,cogs|map,0,0
4-782,"LEVEL5 Flat Box Handle (Extendable) - 23""-32""",variation,LV5-FLAT-BOX-HANDLE-EXT,LEVEL5,Drywall Finishing Tools > Automatic Taping Tools > Flat Box Handles,276.24,,,,cogs|map,0,0
4-711,"LEVEL5 Flat Box Handle (Fixed Length) - 34""",variation,LV5-FLAT-BOX-HANDLE-FIXED,LEVEL5,Drywall Finishing Tools > Automatic Taping Tools > Flat Box Handles,175.09,,,,cogs|map,0,0
4-712,"LEVEL5 Flat Box Handle (Fixed Length) - 42""",variation,LV5-FLAT-BOX-HANDLE-FIXED,LEVEL5,Drywall Finishing Tools > Automatic Taping Tools > Flat Box Handles,184.02,,,,cogs|map,0,0
4-740,"LEVEL5 Flat Box Handle (Fixed Length) - 54""",variation,LV5-FLAT-BOX-HANDLE-FIXED,LEVEL5,Drywall Finishing Tools > Automatic Taping Tools > Flat Box Handles,202.72,,,,cogs|map,0,0
4-754,"LEVEL5 Nail Spotter - 2""",variation,LV5-NAIL-SPOTTER,LEVEL5,Drywall Finishing Tools > Automatic Taping Tools > Nail Spotters,271.14,,,,cogs|map,0,0
4-755,"LEVEL5 Nail Spotter - 3""",variation,LV5-NAIL-SPOTTER,LEVEL5,Drywall Finishing Tools > Automatic Taping Tools > Nail Spotters,289.84,,,,cogs|map,0,0
4-630,LEVEL5 The Starter Taping Set,simple,,LEVEL5,Drywall Finishing Tools > Automatic Taping Tools > Automatic Taping Tool Sets,2111.16,,,,cogs|map,0,0
4-602,LEVEL5 Entry to Automatic Finishing Set - Tools Only,variation,LV5-ENTRY-FINISHING-SET,LEVEL5,Drywall Finishing Tools > Automatic Taping Tools > Automatic Taping Tool Sets,2395.52,,,,cogs|map,0,0
4-600P,LEVEL5 Entry to Automatic Finishing Set - With Automatic Taper,variation,LV5-ENTRY-FINISHING-SET,LEVEL5,Drywall Finishing Tools > Automatic Taping Tools > Automatic Taping Tool Sets,3850.7,,,,cogs|map,0,0
4-677P,LEVEL5 The Ultimate Taping & Finishing Set,simple,,LEVEL5,Drywall Finishing Tools > Automatic Taping Tools > Automatic Taping Tool Sets,6342.64,,,,cogs|map,0,0
5-777,"LEVEL5 Corner Roller Handle - 50""",variation,LV5-CORNER-ROLLER-HANDLE,LEVEL5,Drywall Finishing Tools > Automatic Taping Tools > Fixed Handles,89.99,,,,cogs|map,0,0
4-777,"LEVEL5 Corner Roller Handle - 54""",variation,LV5-CORNER-ROLLER-HANDLE,LEVEL5,Drywall Finishing Tools > Automatic Taping Tools > Fixed Handles,92.22,,,,cogs|map,0,0
4-778,"LEVEL5 50"" Fixed Handle - Corner Applicator",variation,LV5-FIXED-HANDLE-50,LEVEL5,Drywall Finishing Tools > Automatic Taping Tools > Fixed Handles,92.22,,,,cogs|map,0,0
4-779,"LEVEL5 50"" Fixed Handle - Corner Finisher",variation,LV5-FIXED-HANDLE-50,LEVEL5,Drywall Finishing Tools > Automatic Taping Tools > Fixed Handles,92.22,,,,cogs|map,0,0
4-792,"LEVEL5 31""- 50"" Corner Roller/Nail Spotter Handle",simple,,LEVEL5,Drywall Finishing Tools > Automatic Taping Tools > Extendable Handles,179.33,,,,cogs|map,0,0
4-760,LEVEL5 Automatic Taper,simple,,LEVEL5,Drywall Finishing Tools > Automatic Taping Tools > Automatic Tapers,1444.99,,,,cogs|map,0,0
4-715,LEVEL5 Box Filler,simple,,LEVEL5,Drywall Finishing Tools > Automatic Taping Tools > Box Fillers,67.57,,,,cogs|map,0,0
4-771,LEVEL5 Compound Pump,simple,,LEVEL5,Drywall Finishing Tools > Automatic Taping Tools > Loading Pumps,452.62,,,,cogs|map,0,0
4-741,LEVEL5 Compound Tube,simple,,LEVEL5,Drywall Finishing Tools > Semi-Automatic Taping Tools > Compound Tubes,203.84,,,,cogs|map,0,0
4-707,LEVEL5 Corner Roller,simple,,LEVEL5,Drywall Finishing Tools > Automatic Taping Tools > Corner Rollers,152.14,,,,cogs|map,0,0
5-311,LEVEL5 Drywall Banjo,simple,,LEVEL5,Drywall Finishing Tools > Semi-Automatic Taping Tools > Semi-Automatic Tapers,150.29,,,,cogs|map,0,0
PT-CF2.5,"Platinum Angle Head Corner Finisher with Wheels - 2.5""",variation,PT-CF,Platinum Drywall Tools,Drywall Finishing Tools > Automatic Taping Tools > Angle Heads,239.00,,,,cogs|map,0,0
PT-3CF,"Platinum Angle Head Corner Finisher with Wheels - 3""",variation,PT-CF,Platinum Drywall Tools,Drywall Finishing Tools > Automatic Taping Tools > Angle Heads,249.00,,,,cogs|map,0,0
PT-CF3.5,"Platinum Angle Head Corner Finisher with Wheels - 3.5""",variation,PT-CF,Platinum Drywall Tools,Drywall Finishing Tools > Automatic Taping Tools > Angle Heads,259.00,,,,cogs|map,0,0
PT-CT24,"Platinum Compound Tube - 24""",variation,PT-CT,Platinum Drywall Tools,Drywall Finishing Tools > Semi-Automatic Taping Tools > Compound Tubes,150.00,,,,cogs|map,0,0
PT-CT36,"Platinum Compound Tube - 36""",variation,PT-CT,Platinum Drywall Tools,Drywall Finishing Tools > Semi-Automatic Taping Tools > Compound Tubes,155.00,,,,cogs|map,0,0
PT-CT42,"Platinum Compound Tube - 42""",variation,PT-CT,Platinum Drywall Tools,Drywall Finishing Tools > Semi-Automatic Taping Tools > Compound Tubes,160.00,,,,cogs|map,0,0
PT-BH34,"Platinum Flat Box Handle - 34""",variation,PT-BH,Platinum Drywall Tools,Drywall Finishing Tools > Automatic Taping Tools > Flat Box Handles,90.00,,,,cogs|map,0,0
PT-BH42,"Platinum Flat Box Handle - 42""",variation,PT-BH,Platinum Drywall Tools,Drywall Finishing Tools > Automatic Taping Tools > Flat Box Handles,95.00,,,,cogs|map,0,0
PT-BH54,"Platinum Flat Box Handle - 54""",variation,PT-BH,Platinum Drywall Tools,Drywall Finishing Tools > Automatic Taping Tools > Flat Box Handles,100.00,,,,cogs|map,0,0
PT-10FB,"Platinum Flat Finishing Box - 10""",variation,PT-FB,Platinum Drywall Tools,Drywall Finishing Tools > Automatic Taping Tools > Flat Boxes,195.00,,,,cogs|map,0,0
PT-12FB,"Platinum Flat Finishing Box - 12""",variation,PT-FB,Platinum Drywall Tools,Drywall Finishing Tools > Automatic Taping Tools > Flat Boxes,205.00,,,,cogs|map,0,0
PT-14FB,"Platinum Flat Finishing Box - 14""",variation,PT-FB,Platinum Drywall Tools,Drywall Finishing Tools > Automatic Taping Tools > Flat Boxes,215.00,,,,cogs|map,0,0
PT-8FB,"Platinum Flat Finishing Box - 8""",variation,PT-FB,Platinum Drywall Tools,Drywall Finishing Tools > Automatic Taping Tools > Flat Boxes,185.00,,,,cogs|map,0,0
4-714,LEVEL5 Gooseneck,simple,,LEVEL5,Drywall Finishing Tools > Automatic Taping Tools > Goosenecks,101.14,,,,cogs|map,0,0
4-772,LEVEL5 MiniShot,simple,,LEVEL5,Drywall Finishing Tools > Semi-Automatic Taping Tools > Compound Applicators,934.99,,,,cogs|map,0,0
4-773,LEVEL5 MiniShot Ext. Handle,simple,,LEVEL5,Drywall Finishing Tools > Automatic Taping Tools > Extendable Handles,73.94,,,,cogs|map,0,0
4-746,LEVEL5 Outside Corner Tool,simple,,LEVEL5,Drywall Finishing Tools > Automatic Taping Tools > Corner Rollers,73.94,,,,cogs|map,0,0
PT-2NS,"Platinum Nail Spotter - 2""",variation,PT-NS,Platinum Drywall Tools,Drywall Finishing Tools > Automatic Taping Tools > Nail Spotters,160.00,,,,cogs|map,0,0
PT-3NS,"Platinum Nail Spotter - 3""",variation,PT-NS,Platinum Drywall Tools,Drywall Finishing Tools > Automatic Taping Tools > Nail Spotters,160.00,,,,cogs|map,0,0
PT-3.5CF,"Platinum Stainless Steel Corner Flusher - 3.5""",variation,PT-SSCF,Platinum Drywall Tools,Drywall Finishing Tools > Semi-Automatic Taping Tools > Corner Flushers,80.00,,,,cogs|map,0,0
PT-2.5CF,"Platinum Stainless Steel Corner Flusher - 2.5""",variation,PT-SSCF,Platinum Drywall Tools,Drywall Finishing Tools > Semi-Automatic Taping Tools > Corner Flushers,75.00,,,,cogs|map,0,0
PT-CFH50,"Platinum 50"" Corner Tool Handle - Angle Head",variation,PT-CORNER-HANDLE-50,Platinum Drywall Tools,Drywall Finishing Tools > Automatic Taping Tools > Fixed Handles,49.00,,,,cogs|map,0,0
PT-CAH50,"Platinum 50"" Corner Tool Handle - Corner Box",variation,PT-CORNER-HANDLE-50,Platinum Drywall Tools,Drywall Finishing Tools > Automatic Taping Tools > Fixed Handles,49.00,,,,cogs|map,0,0
PT-CRH50,"Platinum 50"" Corner Tool Handle - Corner Roller",variation,PT-CORNER-HANDLE-50,Platinum Drywall Tools,Drywall Finishing Tools > Automatic Taping Tools > Fixed Handles,59.00,,,,cogs|map,0,0
PT-ICA,Platinum 90° Corner Applicator - Inside,variation,PT-90-APPLICATOR,Platinum Drywall Tools,Drywall Finishing Tools > Semi-Automatic Taping Tools > Compound Applicators,59.00,,,,cogs|map,0,0
PT-OCA,Platinum 90° Corner Applicator - Outside,variation,PT-90-APPLICATOR,Platinum Drywall Tools,Drywall Finishing Tools > Semi-Automatic Taping Tools > Compound Applicators,59.00,,,,cogs|map,0,0
PT-CRE,Platinum Corner Roller - ECO Inside,variation,PT-CORNER-ROLLER,Platinum Drywall Tools,Drywall Finishing Tools > Automatic Taping Tools > Corner Rollers,59.00,,,,cogs|map,0,0
PT-CR,Platinum Corner Roller - Inside,variation,PT-CORNER-ROLLER,Platinum Drywall Tools,Drywall Finishing Tools > Automatic Taping Tools > Corner Rollers,79.99,,,,cogs|map,0,0
PT-OCR,Platinum Corner Roller - Outside 90°,variation,PT-CORNER-ROLLER,Platinum Drywall Tools,Drywall Finishing Tools > Automatic Taping Tools > Corner Rollers,69.99,,,,cogs|map,0,0
PT-FA,"Platinum 4"" Flat Applicator",simple,,Platinum Drywall Tools,Drywall Finishing Tools > Semi-Automatic Taping Tools > Compound Applicators,59.00,,,,cogs|map,0,0
PT-CA8,"Platinum 8"" Corner Applicator",simple,,Platinum Drywall Tools,Drywall Finishing Tools > Semi-Automatic Taping Tools > Compound Applicators,159.00,,,,cogs|map,0,0
PT-BF,Platinum Box Filler Attachment,simple,,Platinum Drywall Tools,Drywall Finishing Tools > Automatic Taping Tools > Box Fillers,49.00,,,,cogs|map,0,0
PT-CP,Platinum Drywall Pump w/Filler,simple,,Platinum Drywall Tools,Drywall Finishing Tools > Automatic Taping Tools > Loading Pumps,269.0,,,,cogs|map,0,0
PT-FIN,Platinum Drywall Starter Finishing Set,simple,,Platinum Drywall Tools,Drywall Finishing Tools > Automatic Taping Tools > Automatic Taping Tool Sets,1399.00,,,,cogs|map,0,0
PT-EXT3IN1-1,Platinum Extendable Angle Head Handle,simple,,Platinum Drywall Tools,Drywall Finishing Tools > Automatic Taping Tools > Extendable Handles,75.00,,,,cogs|map,0,0
PT-EBH,"Platinum Extendable Flat Box Handle 40"" – 64""",simple,,Platinum Drywall Tools,Drywall Finishing Tools > Automatic Taping Tools > Flat Box Handles,169.00,,,,cogs|map,0,0
S1-A-1624,"SurPro S1 Aluminum Drywall Stilts - 16""-24""",variation,SP-S1-A,SurPro,Drywall Finishing Tools > Stilts,322.00,,,,cogs|map,0,0
S1-A-2030,"SurPro S1 Aluminum Drywall Stilts - 20""-30""",variation,SP-S1-A,SurPro,Drywall Finishing Tools > Stilts,331.00,,,,cogs|map,0,0
S1-A-2640,"SurPro S1 Aluminum Drywall Stilts - 26""-40""",variation,SP-S1-A,SurPro,Drywall Finishing Tools > Stilts,340.00,,,,cogs|map,0,0
S1-M-1624,"SurPro S1 Magnesium Drywall Stilts - 16""-24""",variation,SP-S1-M,SurPro,Drywall Finishing Tools > Stilts,368.00,,,,cogs|map,0,0
S1-M-2030,"SurPro S1 Magnesium Drywall Stilts - 20""-30""",variation,SP-S1-M,SurPro,Drywall Finishing Tools > Stilts,376.50,,,,cogs|map,0,0
S1-M-2640,"SurPro S1 Magnesium Drywall Stilts - 26""-40""",variation,SP-S1-M,SurPro,Drywall Finishing Tools > Stilts,385.00,,,,cogs|map,0,0
S1X-A-2131,"SurPro S1X Aluminum Drywall Stilts - 21""-31""",variation,SP-S1X-A,SurPro,Drywall Finishing Tools > Stilts,407.00,,,,cogs|map,0,0
S1X-A-2640,"SurPro S1X Aluminum Drywall Stilts - 26""-40""",variation,SP-S1X-A,SurPro,Drywall Finishing Tools > Stilts,407.00,,,,cogs|map,0,0
S1X-M-2131,"SurPro S1X Magnesium Drywall Stilts - 21""-31""",variation,SP-S1X-M,SurPro,Drywall Finishing Tools > Stilts,430.00,,,,cogs|map,0,0
S1X-M-2640,"SurPro S1X Magnesium Drywall Stilts - 26""-40""",variation,SP-S1X-M,SurPro,Drywall Finishing Tools > Stilts,441.00,,,,cogs|map,0,0
S2-A-1624,"SurPro S2 Aluminum Drywall Stilts - 16""-24""",variation,SP-S2-A,SurPro,Drywall Finishing Tools > Stilts,356.00,,,,cogs|map,0,0
S2-A-2030,"SurPro S2 Aluminum Drywall Stilts - 20""-30""",variation,SP-S2-A,SurPro,Drywall Finishing Tools > Stilts,365.00,,,,cogs|map,0,0
S2-A-2640,"SurPro S2 Aluminum Drywall Stilts - 26""-40""",variation,SP-S2-A,SurPro,Drywall Finishing Tools > Stilts,374.00,,,,cogs|map,0,0
S2-M-1624,"SurPro S2 Magnesium Drywall Stilts - 16""-24""",variation,SP-S2-M,SurPro,Drywall Finishing Tools > Stilts,395.00,,,,cogs|map,0,0
S2-M-2030,"SurPro S2 Magnesium Drywall Stilts - 20""-30""",variation,SP-S2-M,SurPro,Drywall Finishing Tools > Stilts,403.50,,,,cogs|map,0,0
S2-M-2640,"SurPro S2 Magnesium Drywall Stilts - 26""-40""",variation,SP-S2-M,SurPro,Drywall Finishing Tools > Stilts,412.00,,,,cogs|map,0,0
PT-MNBH,Platinum Mini Box Handle,simple,,Platinum Drywall Tools,Drywall Finishing Tools > Automatic Taping Tools > Flat Box Handles,62.00,,,,cogs|map,0,0
PT-AICA,Platinum 4 Wheel Inside Angle / Corner Applicator,simple,,Platinum Drywall Tools,Drywall Finishing Tools > Semi-Automatic Taping Tools > Compound Applicators,89.00,,,,cogs|map,0,0
PT-TP,Platinum Semi Automatic Drywall Taper,simple,,Platinum Drywall Tools,Drywall Finishing Tools > Semi-Automatic Taping Tools > Semi-Automatic Tapers,145.00,,,,cogs|map,0,0
PT-GN,Platinum Gooseneck,simple,,Platinum Drywall Tools,Drywall Finishing Tools > Automatic Taping Tools > Goosenecks,59.00,,,,cogs|map,0,0
S2X-A-3852,"SurPro S2X Aluminum Drywall Stilts - 38""-52""",variation,SP-S2X-A,SurPro,Drywall Finishing Tools > Stilts,486.00,,,,cogs|map,0,0
S2X-A-2640,"SurPro S2X Aluminum Drywall Stilts - 26""-40""",variation,SP-S2X-A,SurPro,Drywall Finishing Tools > Stilts,457.00,,,,cogs|map,0,0
S2X-M-2131,"SurPro S2X Magnesium Drywall Stilts - 21""-31""",variation,SP-S2X-M,SurPro,Drywall Finishing Tools > Stilts,479.00,,,,cogs|map,0,0
S2X-M-2640,"SurPro S2X Magnesium Drywall Stilts - 26""-40""",variation,SP-S2X-M,SurPro,Drywall Finishing Tools > Stilts,490.00,,,,cogs|map,0,0
BHE-SW,"TapeTech Brakeless Box Handle - Rotational Extendable 34""-60""",variation,TT-BRAKELESS-BOX-HANDLE,TapeTech,Drywall Finishing Tools > Automatic Taping Tools > Flat Box Handles,329.00,,238.55,,map,0,0
TTPFB,TapeTech Paper Faced Bead Pro Set,simple,,TapeTech,Drywall Finishing Tools > Automatic Taping Tools > Automatic Taping Tool Sets,1949.00,,,,cogs|map,0,0
TTBTS,TapeTech Basic Taping Set,simple,,TapeTech,Drywall Finishing Tools > Automatic Taping Tools > Automatic Taping Tool Sets,2829.00,,,,cogs|map,0,0
TTPPS-EF,TapeTech Pro Performance Easy Finish Set,simple,,TapeTech,Drywall Finishing Tools > Automatic Taping Tools > Automatic Taping Tool Sets,7295.00,,,,cogs|map,0,0
TTSFS-2,TapeTech Standard Full Set - With 2 Pumps,simple,,TapeTech,Drywall Finishing Tools > Automatic Taping Tools > Automatic Taping Tool Sets,5357.00,,,,cogs|map,0,0
TTCFS,TapeTech Corner Finishing Set,simple,,TapeTech,Drywall Finishing Tools > Automatic Taping Tools > Automatic Taping Tool Sets,1416.00,,,,cogs|map,0,0
TTSFS,TapeTech Standard Full Set - Standard,simple,,TapeTech,Drywall Finishing Tools > Automatic Taping Tools > Automatic Taping Tool Sets,4958.00,,,,cogs|map,0,0
TTPPS,TapeTech Pro Performance Set,simple,,TapeTech,Drywall Finishing Tools > Automatic Taping Tools > Automatic Taping Tool Sets,6625.00,,,,cogs|map,0,0
TTPSS,TapeTech Professional Starter Set,simple,,TapeTech,Drywall Finishing Tools > Automatic Taping Tools > Automatic Taping Tool Sets,4559.00,,,,cogs|map,0,0
TTBBS,TapeTech Basic Box Set,simple,,TapeTech,Drywall Finishing Tools > Automatic Taping Tools > Automatic Taping Tool Sets,1644.00,,,,cogs|map,0,0
TTCFS-M,TapeTech MudRunner Corner Finishing Set,simple,,TapeTech,Drywall Finishing Tools > Automatic Taping Tools > Automatic Taping Tool Sets,1928.00,,,,cogs|map,0,0
CF25COMBO,"TapeTech Combo Corner Flusher - 2.5""",variation,TT-COMBO-CORNER-FLUSHER,TapeTech,Drywall Finishing Tools > Semi-Automatic Taping Tools > Corner Flushers,179.00,,,,cogs|map,0,0
CF30COMBO,"TapeTech Combo Corner Flusher - 3""",variation,TT-COMBO-CORNER-FLUSHER,TapeTech,Drywall Finishing Tools > Semi-Automatic Taping Tools > Corner Flushers,184.00,,,,cogs|map,0,0
CF35COMBO,"TapeTech Combo Corner Flusher - 3.5""",variation,TT-COMBO-CORNER-FLUSHER,TapeTech,Drywall Finishing Tools > Semi-Automatic Taping Tools > Corner Flushers,189.00,,,,cogs|map,0,0
CF40COMBO,"TapeTech Combo Corner Flusher - 4""",variation,TT-COMBO-CORNER-FLUSHER,TapeTech,Drywall Finishing Tools > Semi-Automatic Taping Tools > Corner Flushers,194.00,,,,cogs|map,0,0
15TTE,TapeTech Corner Roller - Inside Corner,variation,TT-CORNER-ROLLER,TapeTech,Drywall Finishing Tools > Automatic Taping Tools > Corner Rollers,189.00,,,189.00,cogs,0,0
CH55TT,TapeTech Cove Applicator Head - 55 mm,variation,TT-COVE-APPLICATOR-HEAD,TapeTech,Drywall Finishing Tools > Semi-Automatic Taping Tools > Compound Applicators,99.00,,,99.00,cogs,0,0
CH75TT,TapeTech Cove Applicator Head - 75 mm,variation,TT-COVE-APPLICATOR-HEAD,TapeTech,Drywall Finishing Tools > Semi-Automatic Taping Tools > Compound Applicators,99.00,,,99.00,cogs,0,0
CH83TT,TapeTech Cove Applicator Head - 83 mm,variation,TT-COVE-APPLICATOR-HEAD,TapeTech,Drywall Finishing Tools > Semi-Automatic Taping Tools > Compound Applicators,99.00,,,99.00,cogs,0,0
CH90TT,TapeTech Cove Applicator Head - 90 mm,variation,TT-COVE-APPLICATOR-HEAD,TapeTech,Drywall Finishing Tools > Semi-Automatic Taping Tools > Compound Applicators,99.00,,,99.00,cogs,0,0
03TT,"TapeTech EasyClean® Automatic Taper - Mini-Taper 40.5""",variation,TT-EASYCLEAN-AUTOMATIC-TAPER,TapeTech,Drywall Finishing Tools > Automatic Taping Tools > Automatic Tapers,1775.00,,,1775.00,cogs,0,0
EZ15TT,"TapeTech EasyClean® Finishing Box - 15""",variation,TT-EASYCLEAN-FINISHING-BOX,TapeTech,Drywall Finishing Tools > Automatic Taping Tools > Flat Boxes,429.00,,,429.00,cogs,0,0
76TT,TapeTech EasyClean® Pump - Standard,variation,TT-EASYCLEAN-PUMP,TapeTech,Drywall Finishing Tools > Automatic Taping Tools > Loading Pumps,399.00,,,,cogs|map,0,0
76TT-CA,TapeTech EasyClean® Pump - Canada,variation,TT-EASYCLEAN-PUMP,TapeTech,Drywall Finishing Tools > Automatic Taping Tools > Loading Pumps,409.00,,,409.00,cogs,0,0
85T,TapeTech Gooseneck - Standard,variation,TT-GOOSENECK,TapeTech,Drywall Finishing Tools > Automatic Taping Tools > Goosenecks,105.00,,,105.00,cogs,0,0
85XLTT,TapeTech Gooseneck - Extra Long,variation,TT-GOOSENECK,TapeTech,Drywall Finishing Tools > Automatic Taping Tools > Goosenecks,199.00,,136.64,,map,0,0
EHC07,"TapeTech MaxxBox® High Capacity Finishing Box - 7""",variation,TT-MAXXBOX-HIGH-CAPACITY-FINISHING-BOX,TapeTech,Drywall Finishing Tools > Automatic Taping Tools > Flat Boxes,419.00,,,419.00,cogs,0,0
EHC10,"TapeTech MaxxBox® High Capacity Finishing Box - 10""",variation,TT-MAXXBOX-HIGH-CAPACITY-FINISHING-BOX,TapeTech,Drywall Finishing Tools > Automatic Taping Tools > Flat Boxes,419.00,,,419.00,cogs,0,0
EHC12,"TapeTech MaxxBox® High Capacity Finishing Box - 12""",variation,TT-MAXXBOX-HIGH-CAPACITY-FINISHING-BOX,TapeTech,Drywall Finishing Tools > Automatic Taping Tools > Flat Boxes,444.00,,,444.00,cogs,0,0
NSA-TT,TapeTech Support Handle Adapter - Nail Spotter,variation,TT-SUPPORT-HANDLE-ADAPTER,TapeTech,Drywall Finishing Tools > Semi-Automatic Taping Tools > Semi-Automatic Taping Tool Accessories,40.00,,29.90,,map,0,0
8000TT,TapeTech Wizard® Compact Finishing Box Handle - Standard,variation,TT-WIZARD-COMPACT-FINISHING-BOX-HANDLE,TapeTech,Drywall Finishing Tools > Automatic Taping Tools > Flat Box Handles,109.00,,,,cogs|map,0,0
14TT,TapeTech MudRunner® Compound Applicator - Standard,variation,TT-MUDRUNNER,TapeTech,Drywall Finishing Tools > Semi-Automatic Taping Tools > Compound Applicators,900.00,,,,cogs|map,0,0
MRX01TT,TapeTech Extension,simple,,TapeTech,Drywall Finishing Tools > Semi-Automatic Taping Tools > Semi-Automatic Taping Tool Accessories,179.00,,,179.00,cogs,0,0
GSR-TT,TapeTech Gooseneck Riser,simple,,TapeTech,Drywall Finishing Tools > Automatic Taping Tools > Goosenecks,13.99,,6.56,,map,0,0
804003F,TapeTech Grip Assembly For Box Handle,simple,,TapeTech,Drywall Finishing Tools > Parts,73.91,,36.28,,map,0,0
