old_filename,new_filename
columbia_tools_bh_02.webp,columbia_tools_bh_01.webp
columbia_tools_bh_03.webp,columbia_tools_bh_02.webp
columbia_tools_bh_04.webp,columbia_tools_bh_03.webp
columbia_tools_bh_05.webp,columbia_tools_bh_04.webp
columbia_tools_ptaper_02.webp,columbia_tools_ptaper_04.webp
columbia_tools_ptaper_03.webp,columbia_tools_ptaper_05.webp
columbia_tools_ptaper_04.webp,columbia_tools_ptaper_02.webp
columbia_tools_ptaper_05.webp,columbia_tools_ptaper_03.webp
columbia_tools_staper_01.webp,columbia_tools_staper_04.webp
columbia_tools_staper_03.webp,columbia_tools_staper_01.webp
columbia_tools_staper_04.webp,columbia_tools_staper_03.webp
columbia_tools_taper_01.webp,columbia_tools_taper_05.webp
columbia_tools_taper_02.webp,columbia_tools_taper_04.webp
columbia_tools_taper_04.webp,columbia_tools_taper_01.webp
columbia_tools_taper_05.webp,columbia_tools_taper_02.webp
columbia_tools_tbbf_03.webp,columbia_tools_tbbf_02.webp
columbia_tools_tbbf_04.webp,columbia_tools_tbbf_03.webp
columbia_tools_tbbf_05.webp,columbia_tools_tbbf_08.webp
columbia_tools_tbbf_06.webp,columbia_tools_tbbf_04.webp
columbia_tools_tbbf_07.webp,columbia_tools_tbbf_09.webp
columbia_tools_tbbf_08.webp,columbia_tools_tbbf_05.webp
columbia_tools_tbbf_09.webp,columbia_tools_tbbf_06.webp
columbia_tools_tbbf_11.webp,columbia_tools_tbbf_07.webp
level5_4_755_03.webp,level5_4_755_02.webp
level5_4_760_01.webp,level5_4_760_07.webp
level5_4_760_02.webp,level5_4_760_08.webp
level5_4_760_03.webp,level5_4_760_06.webp
level5_4_760_04.webp,level5_4_760_02.webp
level5_4_760_05.webp,level5_4_760_03.webp
level5_4_760_06.webp,level5_4_760_01.webp
level5_4_760_07.webp,level5_4_760_04.webp
level5_4_760_08.webp,level5_4_760_05.webp
platinum_pt_10fb_05.webp,platinum_pt_10fb_04.webp
platinum_pt_2ns_03.webp,platinum_pt_2ns_04.webp
platinum_pt_2ns_04.webp,platinum_pt_2ns_03.webp
platinum_pt_3_0cf_01.webp,platinum_pt_3_0cf_02.webp
platinum_pt_3_0cf_02.webp,platinum_pt_3_0cf_03.webp
platinum_pt_3_0cf_03.webp,platinum_pt_3_0cf_01.webp
platinum_pt_bh54_02.webp,platinum_pt_bh54_03.webp
platinum_pt_bh54_03.webp,platinum_pt_bh54_02.webp
platinum_pt_ca8_02.webp,platinum_pt_ca8_04.webp
platinum_pt_ca8_03.webp,platinum_pt_ca8_02.webp
platinum_pt_ca8_04.webp,platinum_pt_ca8_03.webp
platinum_pt_cf2_5_01.webp,platinum_pt_cf2_5_03.webp
platinum_pt_cf2_5_02.webp,platinum_pt_cf2_5_01.webp
platinum_pt_cf2_5_03.webp,platinum_pt_cf2_5_04.webp
platinum_pt_cf2_5_04.webp,platinum_pt_cf2_5_05.webp
platinum_pt_cf2_5_05.webp,platinum_pt_cf2_5_02.webp
platinum_pt_cf3_5_01.webp,platinum_pt_cf3_5_03.webp
platinum_pt_cf3_5_02.webp,platinum_pt_cf3_5_04.webp
platinum_pt_cf3_5_03.webp,platinum_pt_cf3_5_01.webp
platinum_pt_cf3_5_04.webp,platinum_pt_cf3_5_05.webp
platinum_pt_cf3_5_05.webp,platinum_pt_cf3_5_02.webp
platinum_pt_cr_01.webp,platinum_pt_cr_02.webp
platinum_pt_cr_02.webp,platinum_pt_cr_03.webp
platinum_pt_cr_03.webp,platinum_pt_cr_01.webp
platinum_pt_ct24_01.webp,platinum_pt_ct24_02.webp
platinum_pt_ct24_02.webp,platinum_pt_ct24_01.webp
platinum_pt_ct36_01.webp,platinum_pt_ct36_03.webp
platinum_pt_ct36_02.webp,platinum_pt_ct36_01.webp
platinum_pt_ct36_03.webp,platinum_pt_ct36_02.webp
platinum_pt_ct42_02.webp,platinum_pt_ct42_01.webp
platinum_pt_fb12_03.webp,platinum_pt_fb12_02.webp
platinum_pt_fb12_04.webp,platinum_pt_fb12_03.webp
tapetech_03tt_01.webp,tapetech_03tt_03.webp
tapetech_03tt_03.webp,tapetech_03tt_01.webp
tapetech_07tt_02.webp,tapetech_07tt_07.webp
tapetech_07tt_04.webp,tapetech_07tt_02.webp
tapetech_07tt_05.webp,tapetech_07tt_04.webp
tapetech_07tt_06.webp,tapetech_07tt_05.webp
tapetech_07tt_07.webp,tapetech_07tt_08.webp
tapetech_07tt_08.webp,tapetech_07tt_06.webp
tapetech_07ttc_01.webp,tapetech_07ttc_02.webp
tapetech_07ttc_02.webp,tapetech_07ttc_01.webp
tapetech_8000ttpa_02.webp,tapetech_8000ttpa_04.webp
tapetech_8000ttpa_03.webp,tapetech_8000ttpa_02.webp
tapetech_8000ttpa_04.webp,tapetech_8000ttpa_03.webp
tapetech_8034tt_02.webp,tapetech_8034tt_01.webp
tapetech_8034tt_03.webp,tapetech_8034tt_02.webp
tapetech_8042tt_01.webp,tapetech_8042tt_03.webp
tapetech_8042tt_03.webp,tapetech_8042tt_01.webp
tapetech_8054tt_01.webp,tapetech_8054tt_02.webp
tapetech_8054tt_02.webp,tapetech_8054tt_01.webp
tapetech_8134tt_01.webp,tapetech_8134tt_06.webp
tapetech_8134tt_06.webp,tapetech_8134tt_01.webp
tapetech_8142tt_01.webp,tapetech_8142tt_03.webp
tapetech_8142tt_02.webp,tapetech_8142tt_01.webp
tapetech_8142tt_03.webp,tapetech_8142tt_02.webp
tapetech_8154tt_01.webp,tapetech_8154tt_03.webp
tapetech_8154tt_02.webp,tapetech_8154tt_01.webp
tapetech_8154tt_03.webp,tapetech_8154tt_02.webp
tapetech_8172tt_01.webp,tapetech_8172tt_02.webp
tapetech_8172tt_02.webp,tapetech_8172tt_01.webp
tapetech_fhtt_03.webp,tapetech_fhtt_09.webp
tapetech_fhtt_04.webp,tapetech_fhtt_03.webp
tapetech_fhtt_05.webp,tapetech_fhtt_04.webp
tapetech_fhtt_06.webp,tapetech_fhtt_05.webp
tapetech_fhtt_07.webp,tapetech_fhtt_06.webp
tapetech_fhtt_08.webp,tapetech_fhtt_07.webp
tapetech_fhtt_09.webp,tapetech_fhtt_08.webp
tapetech_fhttcc_02.webp,tapetech_fhttcc_06.webp
tapetech_fhttcc_03.webp,tapetech_fhttcc_07.webp
tapetech_fhttcc_04.webp,tapetech_fhttcc_02.webp
tapetech_fhttcc_05.webp,tapetech_fhttcc_03.webp
tapetech_fhttcc_06.webp,tapetech_fhttcc_04.webp
tapetech_fhttcc_07.webp,tapetech_fhttcc_05.webp
tapetech_gsrtt_01.webp,tapetech_gsrtt_04.webp
tapetech_gsrtt_02.webp,tapetech_gsrtt_01.webp
tapetech_gsrtt_03.webp,tapetech_gsrtt_02.webp
tapetech_gsrtt_04.webp,tapetech_gsrtt_03.webp
tapetech_ns02tt_02.webp,tapetech_ns02tt_05.webp
tapetech_ns02tt_03.webp,tapetech_ns02tt_02.webp
tapetech_ns02tt_04.webp,tapetech_ns02tt_03.webp
tapetech_ns02tt_05.webp,tapetech_ns02tt_04.webp
tapetech_xhtt_03.webp,tapetech_xhtt_10.webp
tapetech_xhtt_04.webp,tapetech_xhtt_03.webp
tapetech_xhtt_05.webp,tapetech_xhtt_04.webp
tapetech_xhtt_06.webp,tapetech_xhtt_05.webp
tapetech_xhtt_07.webp,tapetech_xhtt_06.webp
tapetech_xhtt_08.webp,tapetech_xhtt_07.webp
tapetech_xhtt_09.webp,tapetech_xhtt_08.webp
tapetech_xhtt_10.webp,tapetech_xhtt_09.webp
