disposition,issue_code,issue_label,brand,part_ref,source_sku,source_display_id,part_name,relationship_count,hotspot_occurrences,schematics,candidate_evidence,required_action
manual_review_required,operator_review_candidate,"Review evidence available",level5,10,9916,10,"AT Wing Nut",8,1,level5-9333-cutter-chain-assembly|level5-compound-pump-4-771|level5-7-inch-mega-flat-box-4-767|level5-7-inch-flat-box-4-764|level5-12-inch-mega-box-4-769|level5-12-inch-flat-box-4-766|level5-10-inch-mega-flat-box-4-768|level5-10-inch-flat-box-4-765,"23900:PT-TP:Platinum Drywall Tools:Platinum Semi Automatic Drywall Taper|23610:MP28:Columbia Tools:Filler Nut|23548:CMH:Columbia Tools:Columbia Closet Monster Handle","Review the same-brand product evidence and protected identifiers. Create an explicit relationship only after product identity is verified; do not infer from title similarity alone."
manual_review_required,operator_review_candidate,"Review evidence available",columbia,cf5-35,CF5-3.5in,"CF 5-3.5""","Tension Spring 3.5"" - Flusher (CF5-3.5)",3,3,columbia-direct-corner-flusher|columbia-combo-flusher|columbia-standard-corner-flusher,"23929:TT-CORNER-FINISHER:TapeTech:TapeTech Corner Finisher|23607:AH7-3.5:Columbia Tools:Frame Tension Spring - 3.5""|23597:AH7:Columbia Tools:Frame Tension Spring","Review the same-brand product evidence and protected identifiers. Create an explicit relationship only after product identity is verified; do not infer from title similarity alone."
manual_review_required,operator_review_candidate,"Review evidence available",tape-tech,210058f,210058F,210058F,Latch,2,2,tapetech-maxxbox-ehc|tapetech-quickbox-qsx,"24008:CTA01TT:TapeTech:TapeTech Compound Tube Filler Adapter|23825:4-771:LEVEL5:LEVEL5 Compound Pump|23826:4-741:LEVEL5:LEVEL5 Compound Tube","Review the same-brand product evidence and protected identifiers. Create an explicit relationship only after product identity is verified; do not infer from title similarity alone."
manual_review_required,operator_review_candidate,"Review evidence available",tape-tech,219064,219064,219064,"Spring Washer",2,2,tapetech-maxxbox-ehc|tapetech-quickbox-qsx,"23375:FA280:Columbia Tools:#10 Belleville Washer","Review the same-brand product evidence and protected identifiers. Create an explicit relationship only after product identity is verified; do not infer from title similarity alone."
manual_review_required,operator_review_candidate,"Review evidence available",tape-tech,209046,209046,209046,Washer,2,2,tapetech-quickbox-qsx|tapetech-power-assist-maxxbox,"23752:FFB4A:Columbia Tools:Stainless Steel Washer|23750:FFB4B:Columbia Tools:Stainless Steel Backing Washer|23720:HH32:Columbia Tools:Release Clip Washer","Review the same-brand product evidence and protected identifiers. Create an explicit relationship only after product identity is verified; do not infer from title similarity alone."
manual_review_required,operator_review_candidate,"Review evidence available",tape-tech,qb0008,QB0008,QB0008,Wheel,1,2,tapetech-quickbox-qsx,"23929:TT-CORNER-FINISHER:TapeTech:TapeTech Corner Finisher|23917:TT-COMBO-CORNER-FLUSHER:TapeTech:TapeTech Combo Corner Flusher|23923:TTCFS-M:TapeTech:TapeTech MudRunner Corner Finishing Set","Review the same-brand product evidence and protected identifiers. Create an explicit relationship only after product identity is verified; do not infer from title similarity alone."
manual_review_required,operator_review_candidate,"Review evidence available",tape-tech,qb0006,QB0006,QB0006,Axle,1,2,tapetech-quickbox-qsx,"23957:TT-EASYCLEAN-FINISHING-BOX:TapeTech:TapeTech EasyClean® Finishing Box|23485:FFB5-14:Columbia Tools:Axle - 14""|23481:FFB5-7:Columbia Tools:Axle - 7""","Review the same-brand product evidence and protected identifiers. Create an explicit relationship only after product identity is verified; do not infer from title similarity alone."
manual_review_required,operator_review_candidate,"Review evidence available",columbia,cf53s,CF-5.3.S,"CF 5.3.S","Tension Spring 3.5"" - Flusher (CF5-3.5)",1,1,columbia-direct-corner-flusher,"23929:TT-CORNER-FINISHER:TapeTech:TapeTech Corner Finisher|23607:AH7-3.5:Columbia Tools:Frame Tension Spring - 3.5""|23597:AH7:Columbia Tools:Frame Tension Spring","Review the same-brand product evidence and protected identifiers. Create an explicit relationship only after product identity is verified; do not infer from title similarity alone."
manual_review_required,operator_review_candidate,"Review evidence available",columbia,cfts-35,CF-TS-3.5in,"CF TS-3.5""","Tension Spring 3.5"" - Flusher (CF5-3.5)",1,1,columbia-combo-flusher,"23929:TT-CORNER-FINISHER:TapeTech:TapeTech Corner Finisher|23607:AH7-3.5:Columbia Tools:Frame Tension Spring - 3.5""|23597:AH7:Columbia Tools:Frame Tension Spring","Review the same-brand product evidence and protected identifiers. Create an explicit relationship only after product identity is verified; do not infer from title similarity alone."
manual_review_required,operator_review_candidate,"Review evidence available",tape-tech,702031f,702031F,702031F,"Handle Ball",1,1,tapetech-80xxtt,"23968:TT-FLAT-BOX-HANDLE:TapeTech:TapeTech Flat Box Handle|23848:PT-SSCF:Platinum Drywall Tools:Platinum Stainless Steel Corner Flusher|23787:LV5-CORNER-FLUSHER:LEVEL5:LEVEL5 Corner Flusher","Review the same-brand product evidence and protected identifiers. Create an explicit relationship only after product identity is verified; do not infer from title similarity alone."
manual_review_required,operator_review_candidate,"Review evidence available",tape-tech,409010,409010,409010,Spring,1,1,tapetech-42tt,"23979:TT-NAIL-SPOTTER:TapeTech:TapeTech Nail Spotter|23937:TT-CORNER-ROLLER:TapeTech:TapeTech Corner Roller|23929:TT-CORNER-FINISHER:TapeTech:TapeTech Corner Finisher","Review the same-brand product evidence and protected identifiers. Create an explicit relationship only after product identity is verified; do not infer from title similarity alone."
manual_review_required,operator_review_candidate,"Review evidence available",tape-tech,409011,409011,409011,Skid,1,1,tapetech-42tt,"23947:TT-DIRECT-CORNER-FLUSHER:TapeTech:TapeTech Direct Corner Flusher|23917:TT-COMBO-CORNER-FLUSHER:TapeTech:TapeTech Combo Corner Flusher|23878:SP-S1X-A:SurPro:SurPro S1X Aluminum Drywall Stilts","Review the same-brand product evidence and protected identifiers. Create an explicit relationship only after product identity is verified; do not infer from title similarity alone."
manual_review_required,operator_review_candidate,"Review evidence available",tape-tech,480021,480021,480021,"Inside Tension Spring",1,1,tapetech-42tt,"23937:TT-CORNER-ROLLER:TapeTech:TapeTech Corner Roller|23929:TT-CORNER-FINISHER:TapeTech:TapeTech Corner Finisher|23923:TTCFS-M:TapeTech:TapeTech MudRunner Corner Finishing Set","Review the same-brand product evidence and protected identifiers. Create an explicit relationship only after product identity is verified; do not infer from title similarity alone."
manual_review_required,operator_review_candidate,"Review evidence available",tape-tech,480002f,480002F,480002F,"Wear Pad",1,1,tapetech-42tt,"23878:SP-S1X-A:SurPro:SurPro S1X Aluminum Drywall Stilts","Review the same-brand product evidence and protected identifiers. Create an explicit relationship only after product identity is verified; do not infer from title similarity alone."
manual_review_required,operator_review_candidate,"Review evidence available",tape-tech,qb6010,QB6010,QB6010,Wiper,1,1,tapetech-quickbox-qsx,"23757:LV5-CORNER-APPLICATOR:LEVEL5:LEVEL5 Corner Applicator","Review the same-brand product evidence and protected identifiers. Create an explicit relationship only after product identity is verified; do not infer from title similarity alone."
manual_review_required,operator_review_candidate,"Review evidence available",tape-tech,qb6002,QB6002,QB6002,"Pressure Plate",1,1,tapetech-quickbox-qsx,"23987:TT-POWER-ASSIST-MAXXBOX-FINISHING-BOX:TapeTech:TapeTech Power Assist® MaxxBox® Finishing Box|23968:TT-FLAT-BOX-HANDLE:TapeTech:TapeTech Flat Box Handle|23957:TT-EASYCLEAN-FINISHING-BOX:TapeTech:TapeTech EasyClean® Finishing Box","Review the same-brand product evidence and protected identifiers. Create an explicit relationship only after product identity is verified; do not infer from title similarity alone."
manual_review_required,operator_review_candidate,"Review evidence available",tape-tech,qb6011,QB6011,QB6011,Seal,1,1,tapetech-quickbox-qsx,"24010:90T:TapeTech:TapeTech Filler Adapter|23999:TT-MUDRUNNER:TapeTech:TapeTech MudRunner® Compound Applicator|23977:TT-GOOSENECK:TapeTech:TapeTech Gooseneck","Review the same-brand product evidence and protected identifiers. Create an explicit relationship only after product identity is verified; do not infer from title similarity alone."
manual_review_required,operator_review_candidate,"Review evidence available",tape-tech,qb6001,QB6001,QB6001,Shell,1,1,tapetech-quickbox-qsx,"23358:COL-TOOL-CASE:Columbia Tools:Columbia Tool Case","Review the same-brand product evidence and protected identifiers. Create an explicit relationship only after product identity is verified; do not infer from title similarity alone."
manual_review_required,operator_review_candidate,"Review evidence available",tape-tech,qb6004,QB6004,QB6004,"Blade Holder",1,1,tapetech-quickbox-qsx,"23957:TT-EASYCLEAN-FINISHING-BOX:TapeTech:TapeTech EasyClean® Finishing Box|23788:LV5-FLAT-BOX-MEGA:LEVEL5:LEVEL5 Flat Box (MEGA)|23789:LV5-FLAT-BOX-STANDARD:LEVEL5:LEVEL5 Flat Box (Standard)","Review the same-brand product evidence and protected identifiers. Create an explicit relationship only after product identity is verified; do not infer from title similarity alone."
manual_review_required,operator_review_candidate,"Review evidence available",tape-tech,170002,170002,170002,Block,1,1,tapetech-17tt,"23645:CT20:Columbia Tools:Hinge Block|23317:COL-GOOSENECK:Columbia Tools:Columbia Gooseneck","Review the same-brand product evidence and protected identifiers. Create an explicit relationship only after product identity is verified; do not infer from title similarity alone."
manual_review_required,operator_review_candidate,"Review evidence available",tape-tech,150004f,150004F,150004F,"Pin, Swivel Coupling",1,1,tapetech-17tt,"23768:CR12:Columbia Tools:Swivel Coupling Pin","Review the same-brand product evidence and protected identifiers. Create an explicit relationship only after product identity is verified; do not infer from title similarity alone."
manual_review_required,operator_review_candidate,"Review evidence available",tape-tech,150003f,150003F,150003F,Coupling,1,1,tapetech-17tt,"23768:CR12:Columbia Tools:Swivel Coupling Pin|23288:COL-CAM-LOCK-TUBE:Columbia Tools:Columbia Cam Lock Tube","Review the same-brand product evidence and protected identifiers. Create an explicit relationship only after product identity is verified; do not infer from title similarity alone."
manual_review_required,operator_review_candidate,"Review evidence available",tape-tech,171005,171005,171005,"Universal Roller",1,1,tapetech-17tt,"23937:TT-CORNER-ROLLER:TapeTech:TapeTech Corner Roller|23858:PT-CORNER-ROLLER:Platinum Drywall Tools:Platinum Corner Roller|23847:PT-NS:Platinum Drywall Tools:Platinum Nail Spotter","Review the same-brand product evidence and protected identifiers. Create an explicit relationship only after product identity is verified; do not infer from title similarity alone."
manual_review_required,operator_review_candidate,"Review evidence available",tape-tech,170003,170003,170003,Axle,1,1,tapetech-17tt,"23957:TT-EASYCLEAN-FINISHING-BOX:TapeTech:TapeTech EasyClean® Finishing Box|23485:FFB5-14:Columbia Tools:Axle - 14""|23481:FFB5-7:Columbia Tools:Axle - 7""","Review the same-brand product evidence and protected identifiers. Create an explicit relationship only after product identity is verified; do not infer from title similarity alone."
manual_review_required,operator_review_candidate,"Review evidence available",level5,3,7225,3,"Roller Wheel",1,1,level5-corner-roller-4-707,"23872:PT-FIN:Platinum Drywall Tools:Platinum Drywall Starter Finishing Set|23858:PT-CORNER-ROLLER:Platinum Drywall Tools:Platinum Corner Roller|23847:PT-NS:Platinum Drywall Tools:Platinum Nail Spotter","Review the same-brand product evidence and protected identifiers. Create an explicit relationship only after product identity is verified; do not infer from title similarity alone."
manual_review_required,operator_review_candidate,"Review evidence available",level5,5,7202,5,"Roller Bushing",1,1,level5-corner-roller-4-707,"23738:CT28:Columbia Tools:Roller Bushing","Review the same-brand product evidence and protected identifiers. Create an explicit relationship only after product identity is verified; do not infer from title similarity alone."
manual_review_required,operator_review_candidate,"Review evidence available",level5,6,7221,6,Washer,1,1,level5-corner-roller-4-707,"23752:FFB4A:Columbia Tools:Stainless Steel Washer|23750:FFB4B:Columbia Tools:Stainless Steel Backing Washer|23720:HH32:Columbia Tools:Release Clip Washer","Review the same-brand product evidence and protected identifiers. Create an explicit relationship only after product identity is verified; do not infer from title similarity alone."
manual_review_required,operator_review_candidate,"Review evidence available",level5,9,7421,9,"Corner Roller Body",1,1,level5-corner-roller-4-707,"23937:TT-CORNER-ROLLER:TapeTech:TapeTech Corner Roller|23847:PT-NS:Platinum Drywall Tools:Platinum Nail Spotter|23829:4-707:LEVEL5:LEVEL5 Corner Roller","Review the same-brand product evidence and protected identifiers. Create an explicit relationship only after product identity is verified; do not infer from title similarity alone."
manual_review_required,operator_review_candidate,"Review evidence available",level5,10,7199,10,"Swivel Coupling Pin",1,1,level5-corner-roller-4-707,"23768:CR12:Columbia Tools:Swivel Coupling Pin","Review the same-brand product evidence and protected identifiers. Create an explicit relationship only after product identity is verified; do not infer from title similarity alone."
manual_review_required,operator_review_candidate,"Review evidence available",level5,12,7204,12,"Swivel Assembly",1,1,level5-corner-roller-4-707,"23639:CR6:Columbia Tools:Handle Mounting Swivel","Review the same-brand product evidence and protected identifiers. Create an explicit relationship only after product identity is verified; do not infer from title similarity alone."
manual_review_required,operator_review_candidate,"Review evidence available",level5,13,7205,13,Coupling,1,1,level5-corner-roller-4-707,"23768:CR12:Columbia Tools:Swivel Coupling Pin|23288:COL-CAM-LOCK-TUBE:Columbia Tools:Columbia Cam Lock Tube","Review the same-brand product evidence and protected identifiers. Create an explicit relationship only after product identity is verified; do not infer from title similarity alone."
manual_review_required,operator_review_candidate,"Review evidence available",level5,7,7054,7,"Key Ring",1,1,level5-9333-cutter-chain-assembly,"23987:TT-POWER-ASSIST-MAXXBOX-FINISHING-BOX:TapeTech:TapeTech Power Assist® MaxxBox® Finishing Box|23968:TT-FLAT-BOX-HANDLE:TapeTech:TapeTech Flat Box Handle|23837:PT-BH:Platinum Drywall Tools:Platinum Flat Box Handle","Review the same-brand product evidence and protected identifiers. Create an explicit relationship only after product identity is verified; do not infer from title similarity alone."
manual_review_required,operator_review_candidate,"Review evidence available",level5,6,7045,6,"Cover Plate",1,1,level5-7377-cover-plate-assembly-old-style,"23987:TT-POWER-ASSIST-MAXXBOX-FINISHING-BOX:TapeTech:TapeTech Power Assist® MaxxBox® Finishing Box|23957:TT-EASYCLEAN-FINISHING-BOX:TapeTech:TapeTech EasyClean® Finishing Box|23948:TT-EASYCLEAN-AUTOMATIC-TAPER:TapeTech:TapeTech EasyClean® Automatic Taper","Review the same-brand product evidence and protected identifiers. Create an explicit relationship only after product identity is verified; do not infer from title similarity alone."
manual_review_required,operator_review_candidate,"Review evidence available",level5,9,7029,9,"Bracket Base",1,1,level5-7377-cover-plate-assembly-old-style,"23576:CT13:Columbia Tools:Dog Base Bracket","Review the same-brand product evidence and protected identifiers. Create an explicit relationship only after product identity is verified; do not infer from title similarity alone."
manual_review_required,operator_review_candidate,"Review evidence available",level5,14,7248,14,"4-40 Lock Nut",1,1,level5-7377-cover-plate-assembly-old-style,"23431:FA207:Columbia Tools:4-40 Nyloc Nut","Review the same-brand product evidence and protected identifiers. Create an explicit relationship only after product identity is verified; do not infer from title similarity alone."
manual_review_required,operator_review_candidate,"Review evidence available",level5,4,7019,4,"Needle Spring",1,1,level5-7293-gooser-assembly,"23682:CT65:Columbia Tools:Needle Return Spring","Review the same-brand product evidence and protected identifiers. Create an explicit relationship only after product identity is verified; do not infer from title similarity alone."
manual_review_required,operator_review_candidate,"Review evidence available",level5,6,7030,6,"4-40 x 1/4 Bind Head Screw",1,1,level5-7293-gooser-assembly,"23433:FA213:Columbia Tools:4-40 x 1/4"" Binder Slot","Review the same-brand product evidence and protected identifiers. Create an explicit relationship only after product identity is verified; do not infer from title similarity alone."
manual_review_required,operator_review_candidate,"Review evidence available",level5,2,7077,2,"Taper Wheel",1,1,level5-7218-taper-wheel-assembly,"23815:4-677P:LEVEL5:LEVEL5 The Ultimate Taping & Finishing Set|23572:CT47:Columbia Tools:Crimping Wheel|23573:CT50:Columbia Tools:Crimping Wheel Bushing","Review the same-brand product evidence and protected identifiers. Create an explicit relationship only after product identity is verified; do not infer from title similarity alone."
manual_review_required,operator_review_candidate,"Review evidence available",level5,5,9514,5,"Finisher Wheels",1,1,level5-4-734-3-5-corner-finisher,"23929:TT-CORNER-FINISHER:TapeTech:TapeTech Corner Finisher|23923:TTCFS-M:TapeTech:TapeTech MudRunner Corner Finishing Set|23872:PT-FIN:Platinum Drywall Tools:Platinum Drywall Starter Finishing Set","Review the same-brand product evidence and protected identifiers. Create an explicit relationship only after product identity is verified; do not infer from title similarity alone."
manual_review_required,operator_review_candidate,"Review evidence available",level5,16,9501,16,"Spring Tension Pin -CF",1,1,level5-4-734-3-5-corner-finisher,"23723:CT101:Columbia Tools:Return Spring|23725:CT40:Columbia Tools:Return Spring Ring|23726:CT36:Columbia Tools:Return Spring Tube","Review the same-brand product evidence and protected identifiers. Create an explicit relationship only after product identity is verified; do not infer from title similarity alone."
manual_review_required,operator_review_candidate,"Review evidence available",level5,8,9613,8,"FB Washer",6,0,level5-7-inch-mega-flat-box-4-767|level5-7-inch-flat-box-4-764|level5-12-inch-mega-box-4-769|level5-12-inch-flat-box-4-766|level5-10-inch-mega-flat-box-4-768|level5-10-inch-flat-box-4-765,"23750:FFB4B:Columbia Tools:Stainless Steel Backing Washer|23752:FFB4A:Columbia Tools:Stainless Steel Washer","Review the same-brand product evidence and protected identifiers. Create an explicit relationship only after product identity is verified; do not infer from title similarity alone."
manual_review_required,operator_review_candidate,"Review evidence available",level5,9,7792,9,Latch,6,0,level5-7-inch-mega-flat-box-4-767|level5-7-inch-flat-box-4-764|level5-12-inch-mega-box-4-769|level5-12-inch-flat-box-4-766|level5-10-inch-mega-flat-box-4-768|level5-10-inch-flat-box-4-765,"24008:CTA01TT:TapeTech:TapeTech Compound Tube Filler Adapter|23825:4-771:LEVEL5:LEVEL5 Compound Pump|23826:4-741:LEVEL5:LEVEL5 Compound Tube","Review the same-brand product evidence and protected identifiers. Create an explicit relationship only after product identity is verified; do not infer from title similarity alone."
manual_review_required,operator_review_candidate,"Review evidence available",level5,10,7798,10,"Spring Washer",6,0,level5-7-inch-mega-flat-box-4-767|level5-7-inch-flat-box-4-764|level5-12-inch-mega-box-4-769|level5-12-inch-flat-box-4-766|level5-10-inch-mega-flat-box-4-768|level5-10-inch-flat-box-4-765,"23375:FA280:Columbia Tools:#10 Belleville Washer","Review the same-brand product evidence and protected identifiers. Create an explicit relationship only after product identity is verified; do not infer from title similarity alone."
manual_review_required,operator_review_candidate,"Review evidence available",level5,13,7224,13,"Repair Clip",6,0,level5-7-inch-mega-flat-box-4-767|level5-7-inch-flat-box-4-764|level5-12-inch-mega-box-4-769|level5-12-inch-flat-box-4-766|level5-10-inch-mega-flat-box-4-768|level5-10-inch-flat-box-4-765,"23772:FFB32A:Columbia Tools:Thumb Release Clip Screw|23747:AH8-CLIP:Columbia Tools:Top Retainer Corner Clip|23719:HH31:Columbia Tools:Release Clip Pin","Review the same-brand product evidence and protected identifiers. Create an explicit relationship only after product identity is verified; do not infer from title similarity alone."
manual_review_required,operator_review_candidate,"Review evidence available",level5,19,9245,19,"FB Screw",6,0,level5-7-inch-mega-flat-box-4-767|level5-7-inch-flat-box-4-764|level5-12-inch-mega-box-4-769|level5-12-inch-flat-box-4-766|level5-10-inch-mega-flat-box-4-768|level5-10-inch-flat-box-4-765,"23772:FFB32A:Columbia Tools:Thumb Release Clip Screw","Review the same-brand product evidence and protected identifiers. Create an explicit relationship only after product identity is verified; do not infer from title similarity alone."
manual_review_required,operator_review_candidate,"Review evidence available",level5,22,7063,22,"Bearing Nyliner",6,0,level5-7-inch-mega-flat-box-4-767|level5-7-inch-flat-box-4-764|level5-12-inch-mega-box-4-769|level5-12-inch-flat-box-4-766|level5-10-inch-mega-flat-box-4-768|level5-10-inch-flat-box-4-765,"23686:FFB38:Columbia Tools:Nyliner Bearing|23653:MH13:Columbia Tools:Large Nyliner Bushing","Review the same-brand product evidence and protected identifiers. Create an explicit relationship only after product identity is verified; do not infer from title similarity alone."
manual_review_required,operator_review_candidate,"Review evidence available",level5,34,9799,34,"FB Screw",6,0,level5-7-inch-mega-flat-box-4-767|level5-7-inch-flat-box-4-764|level5-12-inch-mega-box-4-769|level5-12-inch-flat-box-4-766|level5-10-inch-mega-flat-box-4-768|level5-10-inch-flat-box-4-765,"23772:FFB32A:Columbia Tools:Thumb Release Clip Screw","Review the same-brand product evidence and protected identifiers. Create an explicit relationship only after product identity is verified; do not infer from title similarity alone."
manual_review_required,operator_review_candidate,"Review evidence available",level5,41,8305,41,"Spring Anchor",6,0,level5-7-inch-mega-flat-box-4-767|level5-7-inch-flat-box-4-764|level5-12-inch-mega-box-4-769|level5-12-inch-flat-box-4-766|level5-10-inch-mega-flat-box-4-768|level5-10-inch-flat-box-4-765,"23725:CT40:Columbia Tools:Return Spring Ring","Review the same-brand product evidence and protected identifiers. Create an explicit relationship only after product identity is verified; do not infer from title similarity alone."
manual_review_required,operator_review_candidate,"Review evidence available",level5,46,7223,46,"Dial Adjustment Nut",6,0,level5-7-inch-mega-flat-box-4-767|level5-7-inch-flat-box-4-764|level5-12-inch-mega-box-4-769|level5-12-inch-flat-box-4-766|level5-10-inch-mega-flat-box-4-768|level5-10-inch-flat-box-4-765,"23900:PT-TP:Platinum Drywall Tools:Platinum Semi Automatic Drywall Taper","Review the same-brand product evidence and protected identifiers. Create an explicit relationship only after product identity is verified; do not infer from title similarity alone."
manual_review_required,operator_review_candidate,"Review evidence available",level5,12,9550,12,"Left Side Plate",3,0,level5-7-inch-flat-box-4-764|level5-12-inch-flat-box-4-766|level5-10-inch-flat-box-4-765,"23751:CT6A:Columbia Tools:Stainless Steel Side Plate - Left|23628:HFFB3-PLATE:Columbia Tools:Hinge Box End Plate|23635:HFFB3A:Columbia Tools:Hinge Box End Plate - Left","Review the same-brand product evidence and protected identifiers. Create an explicit relationship only after product identity is verified; do not infer from title similarity alone."
manual_review_required,operator_review_candidate,"Review evidence available",level5,31,9551,31,"Right Side Plate",3,0,level5-7-inch-flat-box-4-764|level5-12-inch-flat-box-4-766|level5-10-inch-flat-box-4-765,"23628:HFFB3-PLATE:Columbia Tools:Hinge Box End Plate|23634:HFFB3:Columbia Tools:Hinge Box End Plate - Right","Review the same-brand product evidence and protected identifiers. Create an explicit relationship only after product identity is verified; do not infer from title similarity alone."
manual_review_required,operator_review_candidate,"Review evidence available",tape-tech,260096,260096,260096,"Seal, 10""",2,0,tapetech-maxxbox-ehc|tapetech-power-assist-maxxbox,"23775:HH10A:Columbia Tools:Top Cap|23670:HFFB1A-10:Columbia Tools:Mud Seal Strip - 10""|23407:FFB25:Columbia Tools:Rubber Gasket Retainer","Review the same-brand product evidence and protected identifiers. Create an explicit relationship only after product identity is verified; do not infer from title similarity alone."
manual_review_required,operator_review_candidate,"Review evidence available",tape-tech,202021,202021,202021,"Nut, Special",2,0,tapetech-maxxbox-ehc|tapetech-power-assist-maxxbox,"23548:CMH:Columbia Tools:Columbia Closet Monster Handle|23443:FA307:Columbia Tools:5-16 x 24 Jam Nut|23451:FA233:Columbia Tools:6-32 Nyloc Nut","Review the same-brand product evidence and protected identifiers. Create an explicit relationship only after product identity is verified; do not infer from title similarity alone."
manual_review_required,operator_review_candidate,"Review evidence available",tape-tech,209039,209039,209039,"Skid Cover",2,0,tapetech-maxxbox-ehc|tapetech-power-assist-maxxbox,"23947:TT-DIRECT-CORNER-FLUSHER:TapeTech:TapeTech Direct Corner Flusher|23917:TT-COMBO-CORNER-FLUSHER:TapeTech:TapeTech Combo Corner Flusher|23328:COL-NAIL-SPOTTER:Columbia Tools:Columbia Nail Spotter","Review the same-brand product evidence and protected identifiers. Create an explicit relationship only after product identity is verified; do not infer from title similarity alone."
manual_review_required,operator_review_candidate,"Review evidence available",tape-tech,310096,310096,310096,"Seal, 12""",2,0,tapetech-maxxbox-ehc|tapetech-power-assist-maxxbox,"23688:CT121A:Columbia Tools:O-Ring|23407:FFB25:Columbia Tools:Rubber Gasket Retainer|23397:HFFB14:Columbia Tools:Flat Box Hinged Door Gasket","Review the same-brand product evidence and protected identifiers. Create an explicit relationship only after product identity is verified; do not infer from title similarity alone."
manual_review_required,operator_review_candidate,"Review evidence available",level5,28,9282,28,"12 Axle",2,0,level5-12-inch-mega-box-4-769|level5-12-inch-flat-box-4-766,"23957:TT-EASYCLEAN-FINISHING-BOX:TapeTech:TapeTech EasyClean® Finishing Box|23484:FFB5-12:Columbia Tools:Axle - 12""|23477:FFB5:Columbia Tools:Axle","Review the same-brand product evidence and protected identifiers. Create an explicit relationship only after product identity is verified; do not infer from title similarity alone."
manual_review_required,operator_review_candidate,"Review evidence available",tape-tech,310033g,310033G,310033G,"12"" Support",1,0,tapetech-maxxbox-ehc,"23815:4-677P:LEVEL5:LEVEL5 The Ultimate Taping & Finishing Set|23477:FFB5:Columbia Tools:Axle","Review the same-brand product evidence and protected identifiers. Create an explicit relationship only after product identity is verified; do not infer from title similarity alone."
manual_review_required,operator_review_candidate,"Review evidence available",tape-tech,210024f,210024F,210024F,"7"" Wiper",1,0,tapetech-power-assist-maxxbox,"23757:LV5-CORNER-APPLICATOR:LEVEL5:LEVEL5 Corner Applicator","Review the same-brand product evidence and protected identifiers. Create an explicit relationship only after product identity is verified; do not infer from title similarity alone."
manual_review_required,operator_review_candidate,"Review evidence available",tape-tech,202020,202020,202020,"Spring Anchor",1,0,tapetech-power-assist-maxxbox,"23725:CT40:Columbia Tools:Return Spring Ring","Review the same-brand product evidence and protected identifiers. Create an explicit relationship only after product identity is verified; do not infer from title similarity alone."
manual_review_required,operator_review_candidate,"Review evidence available",tape-tech,202022,202022,202022,"Repair Clip",1,0,tapetech-power-assist-maxxbox,"23772:FFB32A:Columbia Tools:Thumb Release Clip Screw|23747:AH8-CLIP:Columbia Tools:Top Retainer Corner Clip|23719:HH31:Columbia Tools:Release Clip Pin","Review the same-brand product evidence and protected identifiers. Create an explicit relationship only after product identity is verified; do not infer from title similarity alone."
manual_review_required,operator_review_candidate,"Review evidence available",tape-tech,219091,219091,219091,Spring,1,0,tapetech-power-assist-maxxbox,"23979:TT-NAIL-SPOTTER:TapeTech:TapeTech Nail Spotter|23937:TT-CORNER-ROLLER:TapeTech:TapeTech Corner Roller|23929:TT-CORNER-FINISHER:TapeTech:TapeTech Corner Finisher","Review the same-brand product evidence and protected identifiers. Create an explicit relationship only after product identity is verified; do not infer from title similarity alone."
manual_review_required,operator_review_candidate,"Review evidence available",tape-tech,219095,219095,219095,Washer,1,0,tapetech-power-assist-maxxbox,"23752:FFB4A:Columbia Tools:Stainless Steel Washer|23750:FFB4B:Columbia Tools:Stainless Steel Backing Washer|23720:HH32:Columbia Tools:Release Clip Washer","Review the same-brand product evidence and protected identifiers. Create an explicit relationship only after product identity is verified; do not infer from title similarity alone."
manual_review_required,operator_review_candidate,"Review evidence available",tape-tech,209047,209047,209047,"Bearing Nyliner",1,0,tapetech-power-assist-maxxbox,"23686:FFB38:Columbia Tools:Nyliner Bearing|23653:MH13:Columbia Tools:Large Nyliner Bushing","Review the same-brand product evidence and protected identifiers. Create an explicit relationship only after product identity is verified; do not infer from title similarity alone."
manual_review_required,operator_review_candidate,"Review evidence available",tape-tech,210096,210096,210096,"Seal, 7""",1,0,tapetech-power-assist-maxxbox,"24010:90T:TapeTech:TapeTech Filler Adapter|23757:LV5-CORNER-APPLICATOR:LEVEL5:LEVEL5 Corner Applicator|23741:CT87-CS:Columbia Tools:Rubber Seal","Review the same-brand product evidence and protected identifiers. Create an explicit relationship only after product identity is verified; do not infer from title similarity alone."
manual_review_required,operator_review_candidate,"Review evidence available",tape-tech,210097,210097,210097,"Seal Plate, 7""",1,0,tapetech-power-assist-maxxbox,"23757:LV5-CORNER-APPLICATOR:LEVEL5:LEVEL5 Corner Applicator","Review the same-brand product evidence and protected identifiers. Create an explicit relationship only after product identity is verified; do not infer from title similarity alone."
manual_review_required,operator_review_candidate,"Review evidence available",tape-tech,209148,209148,209148,"Bearing Nyliner",1,0,tapetech-power-assist-maxxbox,"23686:FFB38:Columbia Tools:Nyliner Bearing|23653:MH13:Columbia Tools:Large Nyliner Bushing","Review the same-brand product evidence and protected identifiers. Create an explicit relationship only after product identity is verified; do not infer from title similarity alone."
manual_review_required,operator_review_candidate,"Review evidence available",tape-tech,240027g,240027G,240027G,"7"" Pressure Plate",1,0,tapetech-power-assist-maxxbox,"23987:TT-POWER-ASSIST-MAXXBOX-FINISHING-BOX:TapeTech:TapeTech Power Assist® MaxxBox® Finishing Box|23957:TT-EASYCLEAN-FINISHING-BOX:TapeTech:TapeTech EasyClean® Finishing Box|23922:TTBBS:TapeTech:TapeTech Basic Box Set","Review the same-brand product evidence and protected identifiers. Create an explicit relationship only after product identity is verified; do not infer from title similarity alone."
manual_review_required,operator_review_candidate,"Review evidence available",tape-tech,209006,209006,209006,"Skid Cover",1,0,tapetech-power-assist-maxxbox,"23947:TT-DIRECT-CORNER-FLUSHER:TapeTech:TapeTech Direct Corner Flusher|23917:TT-COMBO-CORNER-FLUSHER:TapeTech:TapeTech Combo Corner Flusher|23328:COL-NAIL-SPOTTER:Columbia Tools:Columbia Nail Spotter","Review the same-brand product evidence and protected identifiers. Create an explicit relationship only after product identity is verified; do not infer from title similarity alone."
manual_review_required,operator_review_candidate,"Review evidence available",tape-tech,280027g,280027G,280027G,"10"" Pressure Plate",1,0,tapetech-power-assist-maxxbox,"23987:TT-POWER-ASSIST-MAXXBOX-FINISHING-BOX:TapeTech:TapeTech Power Assist® MaxxBox® Finishing Box|23957:TT-EASYCLEAN-FINISHING-BOX:TapeTech:TapeTech EasyClean® Finishing Box|23922:TTBBS:TapeTech:TapeTech Basic Box Set","Review the same-brand product evidence and protected identifiers. Create an explicit relationship only after product identity is verified; do not infer from title similarity alone."
manual_review_required,operator_review_candidate,"Review evidence available",tape-tech,280023g,280023G,280023G,"Side Plate, Right",1,0,tapetech-power-assist-maxxbox,"23628:HFFB3-PLATE:Columbia Tools:Hinge Box End Plate|23634:HFFB3:Columbia Tools:Hinge Box End Plate - Right","Review the same-brand product evidence and protected identifiers. Create an explicit relationship only after product identity is verified; do not infer from title similarity alone."
manual_review_required,operator_review_candidate,"Review evidence available",tape-tech,330027g,330027G,330027G,"12"" Pressure Plate",1,0,tapetech-power-assist-maxxbox,"23987:TT-POWER-ASSIST-MAXXBOX-FINISHING-BOX:TapeTech:TapeTech Power Assist® MaxxBox® Finishing Box|23957:TT-EASYCLEAN-FINISHING-BOX:TapeTech:TapeTech EasyClean® Finishing Box|23922:TTBBS:TapeTech:TapeTech Basic Box Set","Review the same-brand product evidence and protected identifiers. Create an explicit relationship only after product identity is verified; do not infer from title similarity alone."
manual_review_required,operator_review_candidate,"Review evidence available",tape-tech,280025g,280025G,280025G,"Side Plate, Left",1,0,tapetech-power-assist-maxxbox,"23751:CT6A:Columbia Tools:Stainless Steel Side Plate - Left|23628:HFFB3-PLATE:Columbia Tools:Hinge Box End Plate|23635:HFFB3A:Columbia Tools:Hinge Box End Plate - Left","Review the same-brand product evidence and protected identifiers. Create an explicit relationship only after product identity is verified; do not infer from title similarity alone."
manual_review_required,operator_review_candidate,"Review evidence available",level5,2,7550,2,Wrench,1,0,level5-compound-pump-4-771,"23958:TT-EASYCLEAN-PUMP:TapeTech:TapeTech EasyClean® Pump","Review the same-brand product evidence and protected identifiers. Create an explicit relationship only after product identity is verified; do not infer from title similarity alone."
manual_review_required,operator_review_candidate,"Review evidence available",level5,3,7551,3,Screw,1,0,level5-compound-pump-4-771,"23847:PT-NS:Platinum Drywall Tools:Platinum Nail Spotter|23823:4-760:LEVEL5:LEVEL5 Automatic Taper|23807:LV5-NAIL-SPOTTER:LEVEL5:LEVEL5 Nail Spotter","Review the same-brand product evidence and protected identifiers. Create an explicit relationship only after product identity is verified; do not infer from title similarity alone."
manual_review_required,operator_review_candidate,"Review evidence available",level5,5,7364,5,"1/4-20 Lock Nut",1,0,level5-compound-pump-4-771,"23553:FA292:Columbia Tools:FA292 1/4-20 Nyloc Jam Nut|23393:FA291:Columbia Tools:1/4-20 Hex Nut","Review the same-brand product evidence and protected identifiers. Create an explicit relationship only after product identity is verified; do not infer from title similarity alone."
manual_review_required,operator_review_candidate,"Review evidence available",level5,6,9334,6,"Pump Link",1,0,level5-compound-pump-4-771,"24010:90T:TapeTech:TapeTech Filler Adapter|23901:PT-GN:Platinum Drywall Tools:Platinum Gooseneck|23642:MP5:Columbia Tools:Head Bushing","Review the same-brand product evidence and protected identifiers. Create an explicit relationship only after product identity is verified; do not infer from title similarity alone."
manual_review_required,operator_review_candidate,"Review evidence available",level5,12,7347,12,"Handle Ball",1,0,level5-compound-pump-4-771,"23968:TT-FLAT-BOX-HANDLE:TapeTech:TapeTech Flat Box Handle|23848:PT-SSCF:Platinum Drywall Tools:Platinum Stainless Steel Corner Flusher|23787:LV5-CORNER-FLUSHER:LEVEL5:LEVEL5 Corner Flusher","Review the same-brand product evidence and protected identifiers. Create an explicit relationship only after product identity is verified; do not infer from title similarity alone."
manual_review_required,operator_review_candidate,"Review evidence available",level5,14,7738,14,"Pump Handle",1,0,level5-compound-pump-4-771,"24011:GSR-TT:TapeTech:TapeTech Gooseneck Riser|23987:TT-POWER-ASSIST-MAXXBOX-FINISHING-BOX:TapeTech:TapeTech Power Assist® MaxxBox® Finishing Box|23978:TT-MAXXBOX-HIGH-CAPACITY-FINISHING-BOX:TapeTech:TapeTech MaxxBox® High Capacity Finishing Box","Review the same-brand product evidence and protected identifiers. Create an explicit relationship only after product identity is verified; do not infer from title similarity alone."
manual_review_required,operator_review_candidate,"Review evidence available",level5,17,7633,17,"Pump O-Ring",1,0,level5-compound-pump-4-771,"23689:MP23A:Columbia Tools:O-Ring|23545:HP44:Columbia Tools:Collar O-Ring","Review the same-brand product evidence and protected identifiers. Create an explicit relationship only after product identity is verified; do not infer from title similarity alone."
manual_review_required,operator_review_candidate,"Review evidence available",level5,18,9635,18,"Pump Head",1,0,level5-compound-pump-4-771,"23938:TT-COVE-APPLICATOR-HEAD:TapeTech:TapeTech Cove Applicator Head|23921:TTPSS:TapeTech:TapeTech Professional Starter Set|23913:TTPFB:TapeTech:TapeTech Paper Faced Bead Pro Set","Review the same-brand product evidence and protected identifiers. Create an explicit relationship only after product identity is verified; do not infer from title similarity alone."
manual_review_required,operator_review_candidate,"Review evidence available",level5,21,7345,21,"Bushing Liner",1,0,level5-compound-pump-4-771,"23745:MH20:Columbia Tools:Small Nyliner Bushing|23653:MH13:Columbia Tools:Large Nyliner Bushing","Review the same-brand product evidence and protected identifiers. Create an explicit relationship only after product identity is verified; do not infer from title similarity alone."
manual_review_required,operator_review_candidate,"Review evidence available",level5,25,7362,25,Gasket,1,0,level5-compound-pump-4-771,"23671:CT96:Columbia Tools:Mud Shut-Off Gasket|23609:MP33:Columbia Tools:Filler Gasket|23578:HNS15:Columbia Tools:Door Gasket","Review the same-brand product evidence and protected identifiers. Create an explicit relationship only after product identity is verified; do not infer from title similarity alone."
manual_review_required,operator_review_candidate,"Review evidence available",level5,26,7355,26,"Filler Body",1,0,level5-compound-pump-4-771,"23871:PT-CP:Platinum Drywall Tools:Platinum Drywall Pump w/Filler|23326:COL-HOT-MUD-PUMP:Columbia Tools:Columbia Hot Mud Pump","Review the same-brand product evidence and protected identifiers. Create an explicit relationship only after product identity is verified; do not infer from title similarity alone."
manual_review_required,operator_review_candidate,"Review evidence available",level5,27,7353,27,"Special Nut",1,0,level5-compound-pump-4-771,"23548:CMH:Columbia Tools:Columbia Closet Monster Handle|23443:FA307:Columbia Tools:5-16 x 24 Jam Nut|23451:FA233:Columbia Tools:6-32 Nyloc Nut","Review the same-brand product evidence and protected identifiers. Create an explicit relationship only after product identity is verified; do not infer from title similarity alone."
manual_review_required,operator_review_candidate,"Review evidence available",level5,32,7321,32,"Piston Rod",1,0,level5-compound-pump-4-771,"23999:TT-MUDRUNNER:TapeTech:TapeTech MudRunner® Compound Applicator|23987:TT-POWER-ASSIST-MAXXBOX-FINISHING-BOX:TapeTech:TapeTech Power Assist® MaxxBox® Finishing Box","Review the same-brand product evidence and protected identifiers. Create an explicit relationship only after product identity is verified; do not infer from title similarity alone."
manual_review_required,operator_review_candidate,"Review evidence available",level5,34,7359,34,Retainer,1,0,level5-compound-pump-4-771,"23774:CT92A:Columbia Tools:Toe Kicker Caple Retainer Clip|23754:AH8A:Columbia Tools:Top Retainer Corner Clip - 3.5""|23747:AH8-CLIP:Columbia Tools:Top Retainer Corner Clip","Review the same-brand product evidence and protected identifiers. Create an explicit relationship only after product identity is verified; do not infer from title similarity alone."
manual_review_required,operator_review_candidate,"Review evidence available",level5,35,7328,35,"Piston Cups",1,0,level5-compound-pump-4-771,"23702:MP14:Columbia Tools:Piston Cup","Review the same-brand product evidence and protected identifiers. Create an explicit relationship only after product identity is verified; do not infer from title similarity alone."
manual_review_required,operator_review_candidate,"Review evidence available",level5,37,7360,37,"Lock Clip",1,0,level5-compound-pump-4-771,"23719:HH31:Columbia Tools:Release Clip Pin|23720:HH32:Columbia Tools:Release Clip Washer|23614:AH6A:Columbia Tools:Funnel Retainer Clip","Review the same-brand product evidence and protected identifiers. Create an explicit relationship only after product identity is verified; do not infer from title similarity alone."
manual_review_required,operator_review_candidate,"Review evidence available",level5,41,9624,41,"Pump Tube",1,0,level5-compound-pump-4-771,"24008:CTA01TT:TapeTech:TapeTech Compound Tube Filler Adapter|23825:4-771:LEVEL5:LEVEL5 Compound Pump|23824:4-715:LEVEL5:LEVEL5 Box Filler","Review the same-brand product evidence and protected identifiers. Create an explicit relationship only after product identity is verified; do not infer from title similarity alone."
manual_review_required,operator_review_candidate,"Review evidence available",level5,43,7556,43,"Metal Washer",1,0,level5-compound-pump-4-771,"23646:CFB15A:Columbia Tools:Hinge Bushing (Plastic Washer)","Review the same-brand product evidence and protected identifiers. Create an explicit relationship only after product identity is verified; do not infer from title similarity alone."
manual_review_required,operator_review_candidate,"Review evidence available",level5,47,7558,47,Screw,1,0,level5-compound-pump-4-771,"23847:PT-NS:Platinum Drywall Tools:Platinum Nail Spotter|23823:4-760:LEVEL5:LEVEL5 Automatic Taper|23807:LV5-NAIL-SPOTTER:LEVEL5:LEVEL5 Nail Spotter","Review the same-brand product evidence and protected identifiers. Create an explicit relationship only after product identity is verified; do not infer from title similarity alone."
