match_status,match_basis,confidence,supplier_brand,supplier_sku,supplier_name,supplier_cost,catalog_type,catalog_sku,catalog_name,catalog_brand,matched_identifier,candidate_count,name_score,review_notes
approved_manual_match,explicit reviewed mapping,confirmed,TapeTech,90TT,TapeTech Filler Adapter,54.28,simple,90T,TapeTech Filler Adapter,TapeTech,90T,1,1.0000,User-approved exact product-name match; supplier and catalog identifiers intentionally differ.
matched_identifier,SKU,confirmed,Columbia Tools,10FBB,"Columbia 10"" Fat Boy Flat Box",294.51,variation,10FBB,"Columbia Fat Boy Flat Box - 10""",Columbia Tools,10FBB,1,1.0000,
matched_identifier,SKU,confirmed,Columbia Tools,10FBBA,"Columbia 10"" Fat Boy Automatic Assist Drywall Flat Box",317.93,variation,10FBBA,"Columbia Automatic Fat Boy Box - 10""",Columbia Tools,10FBBA,1,0.7059,
matched_identifier,SKU,confirmed,Columbia Tools,10FFB,"Columbia 10"" Flat Finishing Box",257.82,variation,10FFB,"Columbia Flat Finisher Box - 10""",Columbia Tools,10FFB,1,0.8780,
matched_identifier,SKU,confirmed,Columbia Tools,10FFBA,"Columbia 10"" Automatic Flat Box",283.00,variation,10FFBA,"Columbia Automatic Flat Box - 10""",Columbia Tools,10FFBA,1,1.0000,
matched_identifier,SKU,confirmed,Columbia Tools,12FBB,"Columbia 12"" Fat Boy Flat Box",303.46,variation,12FBB,"Columbia Fat Boy Flat Box - 12""",Columbia Tools,12FBB,1,1.0000,
matched_identifier,SKU,confirmed,Columbia Tools,12FBBA,"Columbia 12"" Fat Boy Automatic Assist Drywall Flat Box",324.25,variation,12FBBA,"Columbia Automatic Fat Boy Box - 12""",Columbia Tools,12FBBA,1,0.7059,
matched_identifier,SKU,confirmed,Columbia Tools,12FFB,"Columbia 12"" Flat Finishing Box",262.08,variation,12FFB,"Columbia Flat Finisher Box - 12""",Columbia Tools,12FFB,1,0.8780,
matched_identifier,SKU,confirmed,Columbia Tools,12FFBA,"Columbia 12"" Automatic Flat Box",287.07,variation,12FFBA,"Columbia Automatic Flat Box - 12""",Columbia Tools,12FFBA,1,1.0000,
matched_identifier,SKU,confirmed,Columbia Tools,14FFB,"Columbia 14"" Flat Box",264.05,variation,14FFB,"Columbia Flat Finisher Box - 14""",Columbia Tools,14FFB,1,0.7097,
matched_identifier,SKU,confirmed,Columbia Tools,14FFBA,"Columbia 14"" Automatic Flat Box",289.14,variation,14FFBA,"Columbia Automatic Flat Box - 14""",Columbia Tools,14FFBA,1,1.0000,
matched_identifier,SKU,confirmed,Columbia Tools,25AH,Columbia 2.5′′ Anglehead,277.45,variation,2.5AH,"Columbia Angle Head - 2.5""",Columbia Tools,25AH,1,0.9630,
matched_identifier,SKU,confirmed,Columbia Tools,25CSF,"Columbia 2.5"" Combo Flusher",117.01,variation,2.5CSF,"Columbia Combo Flusher - 2.5""",Columbia Tools,25CSF,1,1.0000,
matched_identifier,SKU,confirmed,Columbia Tools,25DF,"Columbia 2.5"" Direct Corner Flusher",76.37,variation,2.5DF,"Columbia Direct Flusher - 2.5""",Columbia Tools,25DF,1,0.8372,
matched_identifier,SKU,confirmed,Columbia Tools,25SF,"Columbia 2.5"" Standard Corner Flusher",70.20,variation,2.5SF,"Columbia Standard Flusher - 2.5""",Columbia Tools,25SF,1,0.8511,
matched_identifier,SKU,confirmed,Columbia Tools,2AH,Columbia 2′′ Anglehead,268.93,variation,2AH,"Columbia Angle Head - 2""",Columbia Tools,2AH,1,0.9565,
matched_identifier,SKU,confirmed,Columbia Tools,2NS,Columbia 2′′ Nailspotter,189.80,variation,2NS,"Columbia Nail Spotter - 2""",Columbia Tools,2NS,1,0.9630,
matched_identifier,SKU,confirmed,Columbia Tools,35AH,Columbia 3.5′′ Anglehead,320.14,variation,3.5AH,"Columbia Angle Head - 3.5""",Columbia Tools,35AH,1,0.9630,
matched_identifier,SKU,confirmed,Columbia Tools,35CSF,"Columbia 3.5"" Combo Flusher",124.38,variation,3.5CSF,"Columbia Combo Flusher - 3.5""",Columbia Tools,35CSF,1,1.0000,
matched_identifier,SKU,confirmed,Columbia Tools,35DF,"Columbia 3.5"" Direct Corner Flusher",83.75,variation,3.5DF,"Columbia Direct Flusher - 3.5""",Columbia Tools,35DF,1,0.8372,
matched_identifier,SKU,confirmed,Columbia Tools,35SF,"Columbia 3.5"" Standard Corner Flusher",77.59,variation,3.5SF,"Columbia Standard Flusher - 3.5""",Columbia Tools,35SF,1,0.8511,
matched_identifier,SKU,confirmed,Columbia Tools,3AH,Columbia 3′′ Anglehead,285.99,variation,3AH,"Columbia Angle Head - 3""",Columbia Tools,3AH,1,0.9565,
matched_identifier,SKU,confirmed,Columbia Tools,3BH,"Columbia 36"" 180-Grip Flat Box Handle",127.21,variation,3BH,Columbia 180° Grip Flat Box Handle - 3',Columbia Tools,3BH,1,0.6377,
matched_identifier,SKU,confirmed,Columbia Tools,3CSF,"Columbia 3"" Combo Flusher",120.69,variation,3CSF,"Columbia Combo Flusher - 3""",Columbia Tools,3CSF,1,1.0000,
matched_identifier,SKU,confirmed,Columbia Tools,3DF,"Columbia 3"" Direct Corner Flusher",78.82,variation,3DF,"Columbia Direct Flusher - 3""",Columbia Tools,3DF,1,0.8205,
matched_identifier,SKU,confirmed,Columbia Tools,3NS,Columbia 3′′ Nailspotter,198.35,variation,3NS,"Columbia Nail Spotter - 3""",Columbia Tools,3NS,1,0.9630,
matched_identifier,SKU,confirmed,Columbia Tools,3SF,"Columbia 3"" Standard Corner Flusher",73.91,variation,3SF,"Columbia Standard Flusher - 3""",Columbia Tools,3SF,1,0.8372,
matched_identifier,SKU,confirmed,Columbia Tools,3WTDF,"Columbia 3"" Widetrack Direct Corner Flusher",81.28,variation,3WTDF,"Columbia Direct Flusher - 3"" Widetrack",Columbia Tools,3WTDF,1,0.8814,
matched_identifier,SKU,confirmed,Columbia Tools,3WTSF,"Columbia 3"" Standard Corner Flusher",75.12,variation,3WTSF,"Columbia Standard Flusher - 3"" Widetrack",Columbia Tools,3WTSF,1,0.6792,
matched_identifier,SKU,confirmed,Columbia Tools,42BH,"Columbia 42"" 180-Grip Flat Box Handle",128.92,variation,42BH,"Columbia 180° Grip Flat Box Handle - 42""",Columbia Tools,42BH,1,0.6500,
matched_identifier,SKU,confirmed,Columbia Tools,4BH,"Columbia 48"" 180-Grip Flat Box Handle",130.59,variation,4BH,Columbia 180° Grip Flat Box Handle - 4',Columbia Tools,4BH,1,0.6377,
matched_identifier,SKU,confirmed,Columbia Tools,55FBB,"Columbia 5.5"" Fat Boy Flat Box",269.07,variation,5.5FBB,"Columbia Fat Boy Flat Box - 5.5""",Columbia Tools,55FBB,1,1.0000,
matched_identifier,SKU,confirmed,Columbia Tools,55FFB,"Columbia 5.5"" Flat Finishing Box",252.99,variation,5.5FFB,"Columbia Flat Finisher Box - 5.5""",Columbia Tools,55FFB,1,0.8837,
matched_identifier,SKU,confirmed,Columbia Tools,5BH,"Columbia 60"" 180-Grip Flat Box Handle",132.32,variation,5BH,Columbia 180° Grip Flat Box Handle - 5',Columbia Tools,5BH,1,0.6132,
matched_identifier,SKU,confirmed,Columbia Tools,6BH,"Columbia 72"" 180-Grip Featherweight Flat Box Handle",134.04,variation,6BH,Columbia 180° Grip Flat Box Handle - 6',Columbia Tools,6BH,1,0.4851,
matched_identifier,SKU,confirmed,Columbia Tools,7CFB,Columbia 7′′ Throttle Box,210.29,variation,7CFB,"Columbia Throttle Corner Flusher Box - 7""",Columbia Tools,7CFB,1,0.6512,
matched_identifier,SKU,confirmed,Columbia Tools,7FFB,"Columbia 7"" Flat Finishing Box",255.24,variation,7FFB,"Columbia Flat Finisher Box - 7""",Columbia Tools,7FFB,1,0.8718,
matched_identifier,SKU,confirmed,Columbia Tools,8CFB,Columbia 8′′ Throttle Box,227.37,variation,8CFB,"Columbia Throttle Corner Flusher Box - 8""",Columbia Tools,8CFB,1,0.6512,
matched_identifier,SKU,confirmed,Columbia Tools,8FBB,"Columbia 8"" Fat Boy Flat Box",285.99,variation,8FBB,"Columbia Fat Boy Flat Box - 8""",Columbia Tools,8FBB,1,1.0000,
matched_identifier,SKU,confirmed,Columbia Tools,8FBBA,"Columbia 8"" Fat Boy Automatic Assist Drywall Flat Box",313.52,variation,8FBBA,"Columbia Automatic Fat Boy Box - 8""",Columbia Tools,8FBBA,1,0.6970,
matched_identifier,SKU,confirmed,Columbia Tools,8FFB,"Columbia 8"" Flat Finishing Box",256.12,variation,8FFB,"Columbia Flat Finisher Box - 8""",Columbia Tools,8FFB,1,0.8718,
matched_identifier,SKU,confirmed,Columbia Tools,8FFBA,"Columbia 8"" Automatic Assist Drywall Flat Box",281.39,variation,8FFBA,"Columbia Automatic Flat Box - 8""",Columbia Tools,8FFBA,1,0.7273,
matched_identifier,SKU,confirmed,Columbia Tools,AH32,"Columbia 2"" Angle Head Carbide Blade",18.72,variation,AH3-2,"Top Blade - 2""",Columbia Tools,AH32,1,0.4324,
matched_identifier,SKU,confirmed,Columbia Tools,AH325,"Columbia 2.5"" Angle Head Carbide Blade",18.72,variation,AH3-2.5,"Top Blade - 2.5""",Columbia Tools,AH325,1,0.4878,
matched_identifier,SKU,confirmed,Columbia Tools,AH33,"Columbia 3"" Angle Head Carbide Blade",18.72,variation,AH3-3,"Top Blade - 3""",Columbia Tools,AH33,1,0.4324,
matched_identifier,SKU,confirmed,Columbia Tools,AH335,"Columbia 3.5"" Angle Head Carbide Blade",18.72,variation,AH3-3.5,"Top Blade - 3.5""",Columbia Tools,AH335,1,0.4878,
matched_identifier,SKU,confirmed,Columbia Tools,AH4,Columbia Angle Head Side Blade,2.13,simple,AH4,Side Blade,Columbia Tools,AH4,1,0.6452,
matched_identifier,SKU,confirmed,Columbia Tools,AH6A,Columbia Angle Head Ball Holder Release Clip,12.03,simple,AH6A,Funnel Retainer Clip,Columbia Tools,AH6A,1,0.4000,
matched_identifier,SKU,confirmed,Columbia Tools,AH72,"Columbia 2"" Angle Head Frame Tension Spring",0.79,variation,AH7-2,"Frame Tension Spring - 2""",Columbia Tools,AH72,1,0.8000,
matched_identifier,SKU,confirmed,Columbia Tools,AH725,"Columbia 2.5"" Angle Head Frame Tension Spring",0.79,variation,AH7-2.5,"Frame Tension Spring - 2.5""",Columbia Tools,AH725,1,0.8136,
matched_identifier,SKU,confirmed,Columbia Tools,AH73,"Columbia 3"" Angle Head Tension Spring",0.79,variation,AH7-3,"Frame Tension Spring - 3""",Columbia Tools,AH73,1,0.7755,
matched_identifier,SKU,confirmed,Columbia Tools,AH735,"Columbia 3.5"" Angle Head Frame Tension Spring",0.79,variation,AH7-3.5,"Frame Tension Spring - 3.5""",Columbia Tools,AH735,1,0.8136,
matched_identifier,SKU,confirmed,Columbia Tools,AH8,Columbia Angle Head Retainer Clip,3.84,variation,AH8,Top Retainer Corner Clip - Standard,Columbia Tools,AH8,1,0.5263,
matched_identifier,SKU,confirmed,Columbia Tools,AH9,Columbia Angle Head Retainer Clip,5.07,variation,AH9,Bottom Retainer Corner Clip - Standard,Columbia Tools,AH9,1,0.5333,
matched_identifier,SKU,confirmed,Columbia Tools,AHA,Columbia Anglehead Adaptor,14.56,simple,AHA,Angle Head Adapter,Columbia Tools,AHA,1,0.9143,
matched_identifier,SKU,confirmed,Columbia Tools,BF,Columbia Box Filler,41.82,variation,BF,Columbia Box Filler - Standard,Columbia Tools,BF,1,0.6897,
matched_identifier,SKU,confirmed,Columbia Tools,BH1,Columbia Mounting Plate (180 Grip),37.15,simple,BH1,Mounting Plate,Columbia Tools,BH1,1,0.7568,
matched_identifier,SKU,confirmed,Columbia Tools,BH2,Columbia Box Handle Plate (180 Grip),22.92,simple,BH2,Plate,Columbia Tools,BH2,1,0.3333,
matched_identifier,SKU,confirmed,Columbia Tools,BH4,Columbia Lower Brake Lever,15.32,simple,BH4,Lower Brake Lever,Columbia Tools,BH4,1,1.0000,
matched_identifier,SKU,confirmed,Columbia Tools,BH5,Columbia Upper Mounting Bracket (180 Grip),5.43,simple,BH5,Upper Mounting Bracket,Columbia Tools,BH5,1,0.8302,
matched_identifier,SKU,confirmed,Columbia Tools,C1H,Columbia 4' Extendable One Handle,27.90,variation,C1H,Columbia One Handle - Fixed,Columbia Tools,C1H,1,0.6667,
matched_identifier,SKU,confirmed,Columbia Tools,C1HEXT,Columbia 3'-5' Extendable One Handle,92.10,variation,C1HEXT,Columbia One Handle - Extendable 3'-5',Columbia Tools,C1HEXT,1,1.0000,
matched_identifier,SKU,confirmed,Columbia Tools,CBNCR,Columbia Outside Bullnose Corner Roller,55.12,variation,CBNCR,Columbia Outside Corner Roller - Bullnose,Columbia Tools,CBNCR,1,1.0000,
matched_identifier,SKU,confirmed,Columbia Tools,CC,Columbia Corner Cobra Adjustable Roller,245.62,simple,CC,Columbia Corner Cobra,Columbia Tools,CC,1,0.5714,
matched_identifier,SKU,confirmed,Columbia Tools,CEXT90,Columbia External 90 Mud Applicator,78.82,variation,CEXT90,Columbia Billet Mud Applicator - External 90,Columbia Tools,CEXT90,1,0.8814,
matched_identifier,SKU,confirmed,Columbia Tools,CFB15,Columbia Door Hinge,15.51,simple,CFB15,Door Hinge,Columbia Tools,CFB15,1,1.0000,
matched_identifier,SKU,confirmed,Columbia Tools,CFB16,Columbia Nylatron Bushing,3.09,simple,CFB16,Bearing Sleeve,Columbia Tools,CFB16,1,0.4000,
matched_identifier,SKU,confirmed,Columbia Tools,CFB47,"Columbia 7"" Pressure Door",7.76,variation,CFB4-7,"Door - 7""",Columbia Tools,CFB47,1,0.5714,
matched_identifier,SKU,confirmed,Columbia Tools,CFB48,"Columbia 8"" Pressure Door",7.76,variation,CFB4-8,"Door - 8""",Columbia Tools,CFB48,1,0.5714,
matched_identifier,SKU,confirmed,Columbia Tools,CFB6,Columbia Mud Supply Valve Unit,17.07,simple,CFB6,Mud Supply Valve Unit,Columbia Tools,CFB6,1,1.0000,
matched_identifier,SKU,confirmed,Columbia Tools,CFB77,"Columbia 7"" Angle Box Door Gasket",23.27,variation,CFB7-7,"Door Gasket - 7""",Columbia Tools,CFB77,1,0.7222,
matched_identifier,SKU,confirmed,Columbia Tools,CFB78,"Columbia 8"" Door Gasket for Angle Box",23.27,variation,CFB7-8,"Door Gasket - 8""",Columbia Tools,CFB78,1,0.6500,
matched_identifier,SKU,confirmed,Columbia Tools,CFB8,Columbia Handle Mount Casting,27.15,simple,CFB8,Box Mount,Columbia Tools,CFB8,1,0.4138,
matched_identifier,SKU,confirmed,Columbia Tools,CFLT,Columbia Flat Applicator,48.04,variation,CFLT,Columbia Billet Mud Applicator - Flat,Columbia Tools,CFLT,1,0.7317,
matched_identifier,SKU,confirmed,Columbia Tools,CHXL,Columbia 4-8' Long Extendible Handle,118.65,variation,CHXL,Columbia One Handle - Long Extendable 4'-8',Columbia Tools,CHXL,1,0.8929,
matched_identifier,SKU,confirmed,Columbia Tools,CLT24,"Columbia 24"" Cam Lock Tube",189.66,variation,CLT24,"Columbia Cam Lock Tube - 24""",Columbia Tools,CLT24,1,1.0000,
matched_identifier,SKU,confirmed,Columbia Tools,CLT32,"Columbia 32"" Cam Lock Tube",195.80,variation,CLT32,"Columbia Cam Lock Tube - 32""",Columbia Tools,CLT32,1,1.0000,
matched_identifier,SKU,confirmed,Columbia Tools,CLT42,"Columbia 42"" Cam Lock Tube",208.13,variation,CLT42,"Columbia Cam Lock Tube - 42""",Columbia Tools,CLT42,1,1.0000,
matched_identifier,SKU,confirmed,Columbia Tools,CLT55,"Columbia 55"" Cam Lock Tube",215.52,variation,CLT55,"Columbia Cam Lock Tube - 55""",Columbia Tools,CLT55,1,1.0000,
matched_identifier,SKU,confirmed,Columbia Tools,CMH,"Columbia 18"" Closet Monster Flat Box Handle",83.83,simple,CMH,Columbia Closet Monster Handle,Columbia Tools,CMH,1,0.7778,
matched_identifier,SKU,confirmed,Columbia Tools,CMT24,"Columbia 24"" Compound Mud Tube",128.07,variation,CMT24,"Columbia Compound Tube - 24""",Columbia Tools,CMT24,1,0.8889,
matched_identifier,SKU,confirmed,Columbia Tools,CMT32,"Columbia 32"" Compound Mud Tube",134.24,variation,CMT32,"Columbia Compound Tube - 32""",Columbia Tools,CMT32,1,0.8889,
matched_identifier,SKU,confirmed,Columbia Tools,CMT42,"Columbia 42"" Compound Mud Tube",146.56,variation,CMT42,"Columbia Compound Tube - 42""",Columbia Tools,CMT42,1,0.8889,
matched_identifier,SKU,confirmed,Columbia Tools,CMT55,"Columbia 55"" Compound Mud Tube",153.95,variation,CMT55,"Columbia Compound Tube - 55""",Columbia Tools,CMT55,1,0.8889,
matched_identifier,SKU,confirmed,Columbia Tools,COBCR,Columbia Outside Corner Roller,52.97,variation,COBCR,Columbia Outside Corner Roller - Standard,Columbia Tools,COBCR,1,0.8235,
matched_identifier,SKU,confirmed,Columbia Tools,COBCRW,Columbia Wide Outside Corner Roller,55.12,variation,COBCRW,Columbia Outside Corner Roller - Wide,Columbia Tools,COBCRW,1,1.0000,
matched_identifier,SKU,confirmed,Columbia Tools,CPFGN,Columbia Graco Powerfill Gooseneck,160.99,simple,CPFGN,Columbia Powerfill 5 Gallon Taper Gooseneck Fill Tube,Columbia Tools,CPFGN,1,0.5507,
matched_identifier,SKU,confirmed,Columbia Tools,CPFP,Columbia X Graco PowerFill 3.5 Loading Pump,990.71,simple,CPFP,Columbia PowerFill 3.5 Pro Series Cordless Loading Pump,Columbia Tools,CPFP,1,0.7500,
matched_identifier,SKU,confirmed,Columbia Tools,CR,Columbia Inside Corner Roller,104.43,simple,CR,Columbia Corner Roller,Columbia Tools,CR,1,0.7879,
matched_identifier,SKU,confirmed,Columbia Tools,CR12,Columbia Swivel Coupling Pin,2.40,simple,CR12,Swivel Coupling Pin,Columbia Tools,CR12,1,1.0000,
matched_identifier,SKU,confirmed,Columbia Tools,CR6,Columbia Handle Mounting Swivel,9.11,simple,CR6,Handle Mounting Swivel,Columbia Tools,CR6,1,1.0000,
matched_identifier,SKU,confirmed,Columbia Tools,CT103,Columbia Taper Barrel Main Body,77.59,simple,CT103,Barrel- Main Body,Columbia Tools,CT103,1,0.8421,
matched_identifier,SKU,confirmed,Columbia Tools,CT105,Columbia Taper Crimper Lever,17.83,simple,CT105,Crimper Lever,Columbia Tools,CT105,1,0.8125,
matched_identifier,SKU,confirmed,Columbia Tools,CT107,Columbia Taper Piston Body,15.51,simple,CT107,Piston Body,Columbia Tools,CT107,1,0.7857,
matched_identifier,SKU,confirmed,Columbia Tools,CT109,Columbia Taper Cable Retaining Nut,2.72,simple,CT109,1/4 - 20 Hex Nut,Columbia Tools,CT109,1,0.2564,
matched_identifier,SKU,confirmed,Columbia Tools,CT10A,Columbia Taper Crimping Arm Bushing Left,2.91,simple,CT10A,Crimping Arm Shaft Bushing - L,Columbia Tools,CT10A,1,0.8136,
matched_identifier,SKU,confirmed,Columbia Tools,CT111,Columbia Taper Piston Cup,9.31,simple,CT111,Piston Cup,Columbia Tools,CT111,1,0.7692,
matched_identifier,SKU,confirmed,Columbia Tools,CT112,Columbia Taper Connecting Stud,6.51,simple,CT112,Connecting Stud,Columbia Tools,CT112,1,0.8333,
matched_identifier,SKU,confirmed,Columbia Tools,CT115,Columbia Taper Guard Ring,11.64,simple,CT115,Guard Ring,Columbia Tools,CT115,1,0.7692,
matched_identifier,SKU,confirmed,Columbia Tools,CT116A,Columbia Taper Strap,11.64,simple,CT116A,Strap,Columbia Tools,CT116A,1,0.6250,
matched_identifier,SKU,confirmed,Columbia Tools,CT119,Columbia Spool Retaining Spring,3.49,simple,CT119,Spool Retaining Spring,Columbia Tools,CT119,1,1.0000,
matched_identifier,SKU,confirmed,Columbia Tools,CT120,Columbia Taper Tape Spool w/ Tension Adjuster,15.51,simple,CT120,Tape Spool,Columbia Tools,CT120,1,0.4444,
matched_identifier,SKU,confirmed,Columbia Tools,CT125,Columbia Taper Roller,1.93,simple,CT125,Rollers,Columbia Tools,CT125,1,0.6316,
matched_identifier,SKU,confirmed,Columbia Tools,CT125A,Columbia Taper Bearing,1.93,simple,CT125A,Bearing,Columbia Tools,CT125A,1,0.7000,
matched_identifier,SKU,confirmed,Columbia Tools,CT127,Columbia Taper Extension Shaft Bracket,19.39,simple,CT127,Extension Shaft Bracket,Columbia Tools,CT127,1,0.8846,
matched_identifier,SKU,confirmed,Columbia Tools,CT130,Columbia Taper Extension Shaft,13.97,simple,CT130,Extension Shaft,Columbia Tools,CT130,1,0.8333,
matched_identifier,SKU,confirmed,Columbia Tools,CT14A,Columbia Taper Adjustable Brake,3.69,simple,CT14A,Taper Adjustable Brake,Columbia Tools,CT14A,1,1.0000,
matched_identifier,SKU,confirmed,Columbia Tools,CT19,Columbia Taper Paper Feed Guide,20.96,simple,CT19,Paper Feed Guide,Columbia Tools,CT19,1,0.8421,
matched_identifier,SKU,confirmed,Columbia Tools,CT2,Columbia Taper Insert Bushing,2.32,simple,CT2,Insert Bushing for CT#7A,Columbia Tools,CT2,1,0.6364,
matched_identifier,SKU,confirmed,Columbia Tools,CT20,Columbia Taper Hinge Block,6.21,simple,CT20,Hinge Block,Columbia Tools,CT20,1,0.7857,
matched_identifier,SKU,confirmed,Columbia Tools,CT28,Columbia Taper Roller Bushing,2.32,simple,CT28,Roller Bushing,Columbia Tools,CT28,1,0.8235,
matched_identifier,SKU,confirmed,Columbia Tools,CT29,Columbia Taper Nylatron Chain Roller,1.93,variation,CT29,Nylatron Chain Roller - Right (Small),Columbia Tools,CT29,1,0.7667,
matched_identifier,SKU,confirmed,Columbia Tools,CT29A,Columbia Taper Nylatron Chain Roller (Left),1.93,variation,CT29A,Nylatron Chain Roller - Left (Large),Columbia Tools,CT29A,1,0.8125,
matched_identifier,SKU,confirmed,Columbia Tools,CT31,Columbia Taper Chain Tension & Guide Bracket,3.49,simple,CT31,Chain Tension & Guide Bracket,Columbia Tools,CT31,1,0.9000,
matched_identifier,SKU,confirmed,Columbia Tools,CT35,Columbia Taper Cap Reinforcing Tab,1.93,simple,CT35,Cap Reinforcing Tab,Columbia Tools,CT35,1,0.8636,
matched_identifier,SKU,confirmed,Columbia Tools,CT36,Columbia Taper Return Spring Tube,20.16,simple,CT36,Return Spring Tube,Columbia Tools,CT36,1,0.8571,
matched_identifier,SKU,confirmed,Columbia Tools,CT43,Columbia Taper Micro Chain,19.39,simple,CT43,Micro Chain,Columbia Tools,CT43,1,0.7857,
matched_identifier,SKU,confirmed,Columbia Tools,CT45,Columbia Taper Connecting Rod (Includes CT46 Stop),10.48,simple,CT45,Connecting Rod,Columbia Tools,CT45,1,0.5283,
matched_identifier,SKU,confirmed,Columbia Tools,CT47,Columbia Taper Crimping Wheel,7.76,simple,CT47,Crimping Wheel,Columbia Tools,CT47,1,0.8235,
matched_identifier,SKU,confirmed,Columbia Tools,CT5,Columbia Taper Right Wafer Bushing,0.77,variation,CT5,Wafer Bushing - Right,Columbia Tools,CT5,1,0.8636,
matched_identifier,SKU,confirmed,Columbia Tools,CT50,Columbia Taper Crimping Wheel Bushing,3.49,simple,CT50,Crimping Wheel Bushing,Columbia Tools,CT50,1,0.8800,
matched_identifier,SKU,confirmed,Columbia Tools,CT53,Columbia Taper Toe Kicker,13.59,simple,CT53,Toe Kicker,Columbia Tools,CT53,1,0.7692,
matched_identifier,SKU,confirmed,Columbia Tools,CT57,Columbia Taper Tape Advance Carriage,52.75,simple,CT57,Tape Advance Carriage,Columbia Tools,CT57,1,0.8750,
matched_identifier,SKU,confirmed,Columbia Tools,CT58,Columbia Taper Guide Rod Bushing,4.67,simple,CT58,Guide Rod Bushing,Columbia Tools,CT58,1,0.8500,
matched_identifier,SKU,confirmed,Columbia Tools,CT64,Columbia Taper Needle Return Shaft,3.09,simple,CT64,Needle Return Shaft,Columbia Tools,CT64,1,0.8636,
matched_identifier,SKU,confirmed,Columbia Tools,CT65,Columbia Taper Needle Return Spring,2.13,simple,CT65,Needle Return Spring,Columbia Tools,CT65,1,0.8696,
matched_identifier,SKU,confirmed,Columbia Tools,CT67,Columbia Taper Ratchet Gear,3.09,simple,CT67,Ratchet Gear,Columbia Tools,CT67,1,0.8000,
matched_identifier,SKU,confirmed,Columbia Tools,CT68,Columbia Taper Hub,9.31,simple,CT68,Hub,Columbia Tools,CT68,1,0.5000,
matched_identifier,SKU,confirmed,Columbia Tools,CT6A,Columbia Taper Side Plate Left,22.32,simple,CT6A,Stainless Steel Side Plate - Left,Columbia Tools,CT6A,1,0.7308,
matched_identifier,SKU,confirmed,Columbia Tools,CT73,Columbia Taper Cable Drum,23.27,simple,CT73,Cable Drum,Columbia Tools,CT73,1,0.7692,
matched_identifier,SKU,confirmed,Columbia Tools,CT77,Columbia Taper Drive Sprocket Large,38.77,variation,CT77,Drive Sprocket - Large,Columbia Tools,CT77,1,0.8696,
matched_identifier,SKU,confirmed,Columbia Tools,CT78,Columbia Taper Drive Chain,51.20,simple,CT78,Drive Chain,Columbia Tools,CT78,1,0.7857,
matched_identifier,SKU,confirmed,Columbia Tools,CT79,Columbia Taper Hollow Shaft,23.27,simple,CT79,Hollow Shaft,Columbia Tools,CT79,1,0.8000,
matched_identifier,SKU,confirmed,Columbia Tools,CT7A,Columbia Taper Side Plate Hub,7.76,simple,CT7A,Side Plate Hub,Columbia Tools,CT7A,1,0.8235,
matched_identifier,SKU,confirmed,Columbia Tools,CT81,Columbia Taper Clutch Return Spring,1.56,simple,CT81,Clutch Return Spring,Columbia Tools,CT81,1,0.8696,
matched_identifier,SKU,confirmed,Columbia Tools,CT85,Columbia Taper Clutch Release Shaft,23.27,simple,CT85,Clutch Release Shaft,Columbia Tools,CT85,1,0.8696,
matched_identifier,SKU,confirmed,Columbia Tools,CT86,Columbia Taper Toe Kicker Cable,11.64,simple,CT86,CT86 – Toe Kicker Cable,Columbia Tools,CT86,1,0.8372,
matched_identifier,SKU,confirmed,Columbia Tools,CT87A,Columbia Taper Bracket Base,4.67,simple,CT87A,Bracket Brace,Columbia Tools,CT87A,1,0.7097,
matched_identifier,SKU,confirmed,Columbia Tools,CT87CS,Columbia Cover Plate Cork Seal,4.25,simple,CT87-CS,Rubber Seal,Columbia Tools,CT87CS,1,0.5000,
matched_identifier,SKU,confirmed,Columbia Tools,CT88,Columbia Taper Clutch Release Rod,9.31,simple,CT88,Clutch Release Rod,Columbia Tools,CT88,1,0.8571,
matched_identifier,SKU,confirmed,Columbia Tools,CT89,Columbia Taper Release Rod Sleeve,9.31,simple,CT89,Release Rod Sleeve,Columbia Tools,CT89,1,0.8571,
matched_identifier,SKU,confirmed,Columbia Tools,CT92,Columbia Taper Release Clip,6.21,simple,CT92,Release Clip Bushing,Columbia Tools,CT92,1,0.6316,
matched_identifier,SKU,confirmed,Columbia Tools,CT92A,Columbia Taper L Clip,1.56,simple,CT92A,Toe Kicker Caple Retainer Clip,Columbia Tools,CT92A,1,0.4762,
matched_identifier,SKU,confirmed,Columbia Tools,CT96,Columbia Taper Mud Shut Off Gasket,1.36,simple,CT96,Mud Shut-Off Gasket,Columbia Tools,CT96,1,0.8636,
matched_identifier,SKU,confirmed,Columbia Tools,CT97,Columbia Taper Mud Supply Valve Body,15.52,simple,CT97,Mud Supply Valve Body,Columbia Tools,CT97,1,0.8750,
matched_identifier,SKU,confirmed,Columbia Tools,CT98,Columbia Taper Mud Supply Seal Plate,3.09,simple,CT98,Mud Supply Seal Plate & Shaft,Columbia Tools,CT98,1,0.7778,
matched_identifier,Meta: schema_mpn,confirmed,Columbia Tools,FA208,"Columbia 4-40 x 1/8"" Binder Slot",0.32,simple,FA2,"4-40 x 1/8"" Binder Slot",Columbia Tools,FA208,1,1.0000,
matched_identifier,SKU,confirmed,Columbia Tools,FA215,Columbia 4-40 x 5/16 Binder Slot,0.32,simple,FA215,"4-40 x 5/16"" Binder Slot",Columbia Tools,FA215,1,1.0000,
matched_identifier,SKU,confirmed,Columbia Tools,FA220,"Columbia 4-40 X 3/4"" Bind Head Screw",0.32,simple,FA220,"4-40 x 3/4"" Hex Bolt",Columbia Tools,FA220,1,0.6667,
matched_identifier,SKU,confirmed,Columbia Tools,FA224,"Columbia 1/8"" X 3/8"" Split Pin",0.48,simple,FA224,"1/8"" x 3/8"" Split Pin",Columbia Tools,FA224,1,1.0000,
matched_identifier,SKU,confirmed,Columbia Tools,FA225,"Columbia 1/8"" X 3/8"" Special Washer",0.89,simple,FA225,"1/8"" x 3/8"" Rivet Shoulder Washer",Columbia Tools,FA225,1,0.6909,
matched_identifier,SKU,confirmed,Columbia Tools,FA231,"Columbia #6 X 3/8"" Hex Bolt",0.64,simple,FA231,"6-32 x 3/8"" Hex Bolt",Columbia Tools,FA231,1,0.5943,
matched_identifier,SKU,confirmed,Columbia Tools,FA232,Columbia 6-32 Hex Nut,0.89,simple,FA232,6-32 Hex Nut,Columbia Tools,FA232,1,1.0000,
matched_identifier,SKU,confirmed,Columbia Tools,FA234,Columbia 6-32 Nyloc Jam Nut,0.79,simple,FA234,6-32 Nyloc Jam Nut,Columbia Tools,FA234,1,1.0000,
matched_identifier,SKU,confirmed,Columbia Tools,FA245,"Columbia 6-32 X 1/2"" Fill. Head Screw",0.41,simple,FA245,"6-32 x 1/2"" Fillister Slot",Columbia Tools,FA245,1,0.7059,
matched_identifier,SKU,confirmed,Columbia Tools,FA247,"Columbia 6-32 X 5/8"" Hex Bolt",0.80,simple,FA247,"6-32 X 5/8"" Hex Bolt",Columbia Tools,FA247,1,1.0000,
matched_identifier,SKU,confirmed,Columbia Tools,FA252,Columbia #8 Star Washer,0.32,simple,FA252,#8 Star Washer,Columbia Tools,FA252,1,1.0000,
matched_identifier,SKU,confirmed,Columbia Tools,FA253,Columbia #8 Flat Washer,0.32,simple,FA253,#8 Flat Washer,Columbia Tools,FA253,1,1.0000,
matched_identifier,SKU,confirmed,Columbia Tools,FA256,"Columbia 8-32 x 3/16"" Pan Slot SS Screw",0.32,simple,FA256,"8-32 X 3/16"" Pan Slot",Columbia Tools,FA256,1,0.8163,
matched_identifier,SKU,confirmed,Columbia Tools,FA261,"Columbia 8-32 X 3/8"" Socket Hd Screw",0.43,simple,FA261,"8-32 X 3/8"" Socket Screw",Columbia Tools,FA261,1,0.9388,
matched_identifier,SKU,confirmed,Columbia Tools,FA262,"Columbia 8-32 X 1/2"" Socket Hd. Screw",1.11,simple,FA262,"8-32 x 1/2"" Socket",Columbia Tools,FA262,1,0.7907,
matched_identifier,SKU,confirmed,Columbia Tools,FA267,"Columbia 8-32 X 1/2"" Pan Head Screw",0.41,simple,FA267,"8-32 x 1 1/2"" Pan Slot",Columbia Tools,FA267,1,0.4522,
matched_identifier,SKU,confirmed,Columbia Tools,FA268,Columbia #10 Flat Washer,0.32,simple,FA268,#10 Flat Washer,Columbia Tools,FA268,1,1.0000,
matched_identifier,SKU,confirmed,Columbia Tools,FA270,"Columbia #10 X 3/4"" Fender Washer",0.89,simple,FA270,"#10 x 3/4"" Fender Washer",Columbia Tools,FA270,1,1.0000,
matched_identifier,SKU,confirmed,Columbia Tools,FA273,"Columbia 10-24 X 1"" Hex Bolt",0.89,simple,FA273,"10-24 x 1"" Hex Bolt",Columbia Tools,FA273,1,1.0000,
matched_identifier,SKU,confirmed,Columbia Tools,FA274,"Columbia 10-24 X 3/8"" Socket Hd Screw",1.21,simple,FA274,"10-24 x 3/8"" Socket",Columbia Tools,FA274,1,0.8000,
matched_identifier,SKU,confirmed,Columbia Tools,FA275,"Columbia 10-24 X 3/4"" Hex Bolt",0.89,simple,FA275,"10-24 x 7/8"" Hex Bolt",Columbia Tools,FA275,1,0.5850,
matched_identifier,SKU,confirmed,Columbia Tools,FA276,Columbia 10-24 X 7/8 Pan Head Screw,0.32,simple,FA276,"10-24 x 7/8"" Pan Slot",Columbia Tools,FA276,1,0.7391,
matched_identifier,SKU,confirmed,Columbia Tools,FA280,Columbia #10 Belleville Washer,0.32,simple,FA280,#10 Belleville Washer,Columbia Tools,FA280,1,1.0000,
matched_identifier,SKU,confirmed,Columbia Tools,FA292,Columbia 1/4-20 Nyloc Jam Nut,0.81,simple,FA292,FA292 1/4-20 Nyloc Jam Nut,Columbia Tools,FA292,1,0.8696,
matched_identifier,SKU,confirmed,Columbia Tools,FA294,"Columbia 1/4-20 X 3/8"" Socket Hd Screw",1.21,simple,FA294,"1/4-20 x 38"" Socket",Columbia Tools,FA294,1,0.5087,
matched_identifier,SKU,confirmed,Columbia Tools,FA295,"Columbia 1/4-20 X 1/2"" Flat Socket",0.32,simple,FA295,"1/4 x 1/2"" Flathead Socket",Columbia Tools,FA295,1,0.5571,
matched_identifier,SKU,confirmed,Columbia Tools,FA296,"Columbia 1/4-20 X 1/2"" Hex Bolt",0.41,simple,FA296,"1/4 -20 x 1/2"" Hex Bolt",Columbia Tools,FA296,1,1.0000,
matched_identifier,SKU,confirmed,Columbia Tools,FA298,"Columbia 1/4-20 X 7/8"" Flat Socket",0.32,simple,FA298,"1/4-20 x 7/8"" Flat Socket",Columbia Tools,FA298,1,1.0000,
matched_identifier,SKU,confirmed,Columbia Tools,FA300,"Columbia 1/4-20 X 2"" Hex Bolt",1.63,simple,FA300,"1/4-20 x 2"" Hex Bolt",Columbia Tools,FA300,1,1.0000,
matched_identifier,SKU,confirmed,Columbia Tools,FA302,"Columbia 1/4-28 X 1/4"" Set Screw",0.89,simple,FA302,"1/4-28 x 1/4"" Set Screw",Columbia Tools,FA302,1,1.0000,
matched_identifier,SKU,confirmed,Columbia Tools,FA305,"Columbia 5/16-18 X 3/4"" Hex Bolt",1.63,simple,FA305,"5/16 -18 x 3/4"" Hex Bolt",Columbia Tools,FA305,1,1.0000,
matched_identifier,SKU,confirmed,Columbia Tools,FA306,"Columbia 5/16-18 X 1-1/4"" Hex Bolt",1.63,simple,FA306,"5/16-18 x 1 1/4"" Hex Bolt",Columbia Tools,FA306,1,1.0000,
matched_identifier,Meta: schema_mpn,confirmed,Columbia Tools,FA308,"Columbia 33/64 X 7/8"" Flat Washer",0.89,simple,FA3,"1/2"" x 7/8"" Flat Washer",Columbia Tools,FA308,1,0.5614,
matched_identifier,SKU,confirmed,Columbia Tools,FA312,"Columbia 10-24 X 1/4"" Set Screw",0.89,simple,FA312,"10-24 X 1/4"" Socket Hand Set",Columbia Tools,FA312,1,0.7500,
matched_identifier,SKU,confirmed,Columbia Tools,FA379,"Columbia 1/4"" E-Clip for Matrix Handle",1.71,simple,FA379,"1/4"" SS E-Clip",Columbia Tools,FA379,1,0.5366,
matched_identifier,SKU,confirmed,Columbia Tools,FA380,"Columbia 1/8"" E-Clip for Matrix Handle",1.71,simple,FA380,"1/8"" SS E-Clip",Columbia Tools,FA380,1,0.5366,
matched_identifier,SKU,confirmed,Columbia Tools,FFB17,Columbia Door Spring,2.72,simple,FFB17,Door Spring,Columbia Tools,FFB17,1,1.0000,
matched_identifier,SKU,confirmed,Columbia Tools,FMH,Columbia L-Trim Mud Applicator Head,60.09,variation,FMH,Columbia UHMW Mud Applicator - L-Trim,Columbia Tools,FMH,1,0.8077,
matched_identifier,SKU,confirmed,Columbia Tools,GN,Columbia Gooseneck,68.28,variation,GN,Columbia Gooseneck - Standard,Columbia Tools,GN,1,0.6667,
matched_identifier,SKU,confirmed,Columbia Tools,HMP,Columbia Mud Pump (Top Disconnect),277.45,variation,HMP,Columbia Hot Mud Pump - Standard,Columbia Tools,HMP,1,0.5909,
matched_identifier,SKU,confirmed,Columbia Tools,IA90,Columbia 90 Inside Plastic Applicator,60.09,variation,IA90,Columbia UHMW Mud Applicator - Inside 90°,Columbia Tools,IA90,1,0.7368,
matched_identifier,SKU,confirmed,Columbia Tools,ICA21,Columbia 2 Wheel Inside Corner Applicator,39.41,variation,ICA2-1,"Columbia Billet Mud Applicator - Inside Corner - 2 Wheels - 1""",Columbia Tools,ICA21,1,0.5333,
matched_identifier,SKU,confirmed,Columbia Tools,ICA41,Columbia 4 Wheel Inside Corner Applicator,50.51,variation,ICA4-1,"Columbia Billet Mud Applicator - Inside Corner - 4 Wheels - 1""",Columbia Tools,ICA41,1,0.5333,
matched_identifier,SKU,confirmed,Columbia Tools,ICATW,Columbia Two Way Internal Corner Applicator,66.51,variation,ICATW,Columbia Billet Mud Applicator - Two-Way Internal Corner - 4 Wheels,Columbia Tools,ICATW,1,0.7727,
matched_identifier,SKU,confirmed,Columbia Tools,MH,Columbia Matrix Extendable Flat Box Handle,232.76,variation,MH,"Columbia Matrix Flat Box Handle - 40""-60""",Columbia Tools,MH,1,0.7213,
matched_identifier,SKU,confirmed,Columbia Tools,MH17,Columbia Matrix Pinch Brake,10.77,simple,MH17,Pinch Brake,Columbia Tools,MH17,1,0.7586,
matched_identifier,SKU,confirmed,Columbia Tools,MH21,Columbia Matrix Grip Adjuster Housing,4.40,simple,MH21,Grip Adjuster Housing,Columbia Tools,MH21,1,0.8571,
matched_identifier,SKU,confirmed,Columbia Tools,MH24,Columbia Matrix Pinch Brake Bushing,5.88,simple,MH24,Pinch Brake Bushing,Columbia Tools,MH24,1,0.8444,
matched_identifier,SKU,confirmed,Columbia Tools,MH25,Columbia Matrix Pinch Brake Stem,6.36,simple,MH25,Pinch Brake Stem,Columbia Tools,MH25,1,0.8205,
matched_identifier,SKU,confirmed,Columbia Tools,MHL,Columbia Matrix XL Extendable Flat Box Handle,256.15,variation,MHL,"Columbia Matrix Flat Box Handle - 56""-76""",Columbia Tools,MHL,1,0.6875,
matched_identifier,SKU,confirmed,Columbia Tools,MHS,"Columbia Matrix 29-39"" Extendable Flat Box Handle",221.07,variation,MHS,"Columbia Matrix Flat Box Handle - 29""-39""",Columbia Tools,MHS,1,0.8358,
matched_identifier,SKU,confirmed,Columbia Tools,OA90,Columbia Outside 90 Mud Head,60.09,variation,OA90,Columbia UHMW Mud Applicator - Outside 90°,Columbia Tools,OA90,1,0.6531,
matched_identifier,SKU,confirmed,Columbia Tools,PC1H,Columbia Predator One Handle,57.33,variation,PC1H,Columbia Predator One Handle - 4' Fixed,Columbia Tools,PC1H,1,0.8261,
matched_identifier,SKU,confirmed,Columbia Tools,PC1HEXT,Columbia 3-5' Predator One Extendable Handle,115.39,variation,PC1HEXT,Columbia Predator One Handle - Extendable 3'-5',Columbia Tools,PC1HEXT,1,1.0000,
matched_identifier,SKU,confirmed,Columbia Tools,PCHXL,Columbia 4-8' Predator Long Extendable Handle,142.51,variation,PCHXL,Columbia Predator One Handle - Long Extendable 4'-8',Columbia Tools,PCHXL,1,0.9459,
matched_identifier,SKU,confirmed,Columbia Tools,PCLT42,"Columbia 42"" Predator Cam Lock Tube",242.69,simple,PCLT42,Columbia Predator Camlock Tube,Columbia Tools,PCLT42,1,0.9130,
matched_identifier,SKU,confirmed,Columbia Tools,PCMT42,"Columbia 42"" Predator Compound Tube",181.28,simple,PCMT42,"Columbia Predator Compound Tube 42""",Columbia Tools,PCMT42,1,1.0000,
matched_identifier,SKU,confirmed,Columbia Tools,PHMP,Columbia Predator Hot Mud Pump,327.49,simple,PHMP,Columbia Predator Mud Pump,Columbia Tools,PHMP,1,0.8947,
matched_identifier,SKU,confirmed,Columbia Tools,PMH,"Columbia 40""-58"" Predator Matrix Box Handle",256.05,variation,PMH,"Columbia Predator Matrix Handle - 40""-60""",Columbia Tools,PMH,1,0.5633,
matched_identifier,SKU,confirmed,Columbia Tools,PMHL,"Columbia 56""-76"" Predator Matrix Box Handle",285.59,variation,PMHL,"Columbia Predator Matrix Handle - Long 56""-76""",Columbia Tools,PMHL,1,0.8615,
matched_identifier,SKU,confirmed,Columbia Tools,PMHS,"Columbia 29""-39"" Predator Matrix Box Handle",250.07,variation,PMHS,"Columbia Predator Matrix Handle - Short 29""-39""",Columbia Tools,PMHS,1,0.8485,
matched_identifier,SKU,confirmed,Columbia Tools,PTAPER,Columbia Predator Carbon Fiber Automatic Taper,1458.91,simple,PTAPER,Columbia One Predator Taper,Columbia Tools,PTAPER,1,0.6545,
matched_identifier,SKU,confirmed,Columbia Tools,PTS,Columbia Predator Tactical Set,4052.14,simple,PTS,Columbia Predator Tactical Set,Columbia Tools,PTS,1,1.0000,
matched_identifier,SKU,confirmed,Columbia Tools,RC,Columbia Road Case,658.08,variation,RC,Columbia Tool Case - Road Case,Columbia Tools,RC,1,0.6429,
matched_identifier,SKU,confirmed,Columbia Tools,SACS,Columbia Semi Automatic Commando Set,718.35,simple,SACS,Columbia Commando Set,Columbia Tools,SACS,1,0.6154,
matched_identifier,SKU,confirmed,Columbia Tools,SAT,Columbia Semi Automatic Taper,166.26,simple,SAT,Columbia Semi Automatic Taper,Columbia Tools,SAT,1,1.0000,
matched_identifier,SKU,confirmed,Columbia Tools,STAPER,Columbia Sawed Off Mini Automatic Taper,1166.49,variation,STAPER,Columbia Automatic Taper - Sawed Off 39 in.,Columbia Tools,STAPER,1,0.9180,
matched_identifier,SKU,confirmed,Columbia Tools,TAPER,Columbia Automatic Taper,1166.49,variation,TAPER,Columbia Automatic Taper - Standard 53 in.,Columbia Tools,TAPER,1,0.6667,
matched_identifier,SKU,confirmed,Columbia Tools,TBBF,Columbia Tall Boy Box Filler,41.82,variation,TBBF,Columbia Box Filler - Tall Boy,Columbia Tools,TBBF,1,1.0000,
matched_identifier,SKU,confirmed,Columbia Tools,TBGN,Columbia Tall Boy Gooseneck,99.00,variation,TBGN,Columbia Gooseneck - Tall Boy,Columbia Tools,TBGN,1,1.0000,
matched_identifier,SKU,confirmed,Columbia Tools,TBMP,Columbia Tall Boy Mud Pump,367.22,variation,TBMP,Columbia Hot Mud Pump - Tall Boy,Columbia Tools,TBMP,1,0.8947,
matched_identifier,SKU,confirmed,Columbia Tools,TCS,Columbia Semi Automatic Tool Case,138.38,variation,TCS,Columbia Tool Case - Gun Case,Columbia Tools,TCS,1,0.5714,
matched_identifier,SKU,confirmed,Columbia Tools,TS,Columbia Tactical Set,3759.73,simple,TS,Columbia Tactical Set,Columbia Tools,TS,1,1.0000,
matched_identifier,SKU,confirmed,Columbia Tools,TWS,Columbia Tomahawk Warrior Set,432.16,simple,TWS,Columbia Warrior Set,Columbia Tools,TWS,1,0.7097,
matched_identifier,SKU,confirmed,TapeTech,07TT,TapeTech EasyClean Automatic Taper,1170.48,variation,07TT,TapeTech EasyClean® Automatic Taper - Standard,TapeTech,07TT,1,0.8475,
matched_identifier,SKU,confirmed,TapeTech,07TTC,CARBON FIBER EasyClean Automatic Taper,1271.32,variation,07TT-C,TapeTech EasyClean® Automatic Taper - Carbon Fiber,TapeTech,07TTC,1,1.0000,
matched_identifier,SKU,confirmed,TapeTech,16TT,16TT Mud Head,59.80,variation,16TT,TapeTech Applicator Head - Outside Corner,TapeTech,16TT,1,0.4186,
matched_identifier,SKU,confirmed,TapeTech,16TT90,Mud Head 90 Degree Inside Corner Finisher,59.80,variation,16TT90,TapeTech Applicator Head - Inside Corner,TapeTech,16TT90,1,0.5429,
matched_identifier,SKU,confirmed,TapeTech,17TT,TapeTech Outside Corner Roller,113.32,variation,17TT,TapeTech Corner Roller - Outside Corner,TapeTech,17TT,1,0.8571,
matched_identifier,SKU,confirmed,TapeTech,17TTE,TapeTech 17TTE Outside Corner Roller,128.84,variation,17TTE,TapeTech Corner Roller - Flex Tape Outside Corner,TapeTech,17TTE,1,0.7077,
matched_identifier,SKU,confirmed,TapeTech,40XTT,"TapeTech 2"" Angle Head Drywall Corner Finisher - 40XTT",262.50,variation,40XTT,"TapeTech Corner Finisher - 2""",TapeTech,40XTT,1,0.5763,
matched_identifier,SKU,confirmed,TapeTech,42TT,2 1/2 in TapeTech 42TT Corner Finisher,271.00,variation,42TT,"TapeTech Corner Finisher - 2.5""",TapeTech,42TT,1,0.4875,
matched_identifier,SKU,confirmed,TapeTech,48TT,3 in TapeTech EasyRoll Adjustable Corner Finisher,278.50,variation,48TT,"TapeTech Corner Finisher - 3"" EasyRoll® Adjustable",TapeTech,48TT,1,0.9610,
matched_identifier,SKU,confirmed,TapeTech,48XTT,3 1/2 in TapeTech EasyRoll Adjustable Corner Finisher,313.75,variation,48XTT,"TapeTech Corner Finisher - 3.5"" EasyRoll® Adjustable",TapeTech,48XTT,1,0.5795,
matched_identifier,SKU,confirmed,TapeTech,76XLTT,Extra Long EasyClean Loading Pump,455.91,variation,76XLTT,TapeTech EasyClean® Pump - Extra Long,TapeTech,76XLTT,1,0.8621,
matched_identifier,SKU,confirmed,TapeTech,8000TTPA,Wizard Handle for Power Assist,55.47,variation,8000TT-PA,TapeTech Wizard® Compact Finishing Box Handle - Power Assist,TapeTech,8000TTPA,1,0.7179,
matched_identifier,SKU,confirmed,TapeTech,8034TT,34 in TapeTech Finishing Box Handle,146.00,variation,8034TT,"TapeTech Flat Box Handle - 34""",TapeTech,8034TT,1,0.6818,
matched_identifier,SKU,confirmed,TapeTech,804003F,Grip Assembly For Box Handle,36.28,simple,804003F,TapeTech Grip Assembly For Box Handle,TapeTech,804003F,1,1.0000,
matched_identifier,SKU,confirmed,TapeTech,8042TT,42 in TapeTech Finishing Box Handle,162.14,variation,8042TT,"TapeTech Flat Box Handle - 42""",TapeTech,8042TT,1,0.6818,
matched_identifier,SKU,confirmed,TapeTech,8054TT,54 in TapeTech Finishing Box Handle,164.00,variation,8054TT,"TapeTech Flat Box Handle - 54""",TapeTech,8054TT,1,0.6818,
matched_identifier,SKU,confirmed,TapeTech,8072TT,72 in TapeTech Finishing Box Handle,167.00,variation,8072TT,"TapeTech Flat Box Handle - 72""",TapeTech,8072TT,1,0.6818,
matched_identifier,SKU,confirmed,TapeTech,8134TT,"34"" EasyFinish Box Handle",181.83,variation,8134TT,"TapeTech EasyFinishTM Box Handle - 34""",TapeTech,8134TT,1,0.9600,
matched_identifier,SKU,confirmed,TapeTech,8142TT,42 in TapeTech EasyFinish Box Handle,187.11,variation,8142TT,"TapeTech EasyFinishTM Box Handle - 42""",TapeTech,8142TT,1,0.9057,
matched_identifier,SKU,confirmed,TapeTech,8154TT,"54"" EasyFinish Box Handle",191.29,variation,8154TT,"TapeTech EasyFinishTM Box Handle - 54""",TapeTech,8154TT,1,0.9600,
matched_identifier,SKU,confirmed,TapeTech,8172TT,"72"" Easyfinish Bent Box Handle",203.89,variation,8172TT,"TapeTech EasyFinishTM Box Handle - 72""",TapeTech,8172TT,1,0.8727,
matched_identifier,SKU,confirmed,TapeTech,85XLTT,Extra Long Gooseneck Adapter,136.64,variation,85XLTT,TapeTech Gooseneck - Extra Long,TapeTech,85XLTT,1,0.8333,
matched_identifier,SKU,confirmed,TapeTech,BH,TapeTech Brakeless Finishing Box Handle,99.12,variation,BH,"TapeTech Brakeless Box Handle - Fixed 34""",TapeTech,BH,1,0.7797,
matched_identifier,SKU,confirmed,TapeTech,BHE,TapeTech Brakeless Extendable Finishing Box Handle,214.00,variation,BHE,"TapeTech Brakeless Box Handle - Extendable 34""-60""",TapeTech,BHE,1,0.7949,
matched_identifier,SKU,confirmed,TapeTech,BHESW,TapeTech SideWinder Extendable Brakeless Box Handle,238.55,variation,BHE-SW,"TapeTech Brakeless Box Handle - Rotational Extendable 34""-60""",TapeTech,BHESW,1,0.7556,
matched_identifier,SKU,confirmed,TapeTech,CA07TT,7 in TapeTech Corner Applicator,206.89,variation,CA07TT,"TapeTech Corner Applicator - 7""",TapeTech,CA07TT,1,0.9268,
matched_identifier,SKU,confirmed,TapeTech,CA08TT,"8"" Corner Applicator",218.63,variation,CA08TT,"TapeTech Corner Applicator - 8""",TapeTech,CA08TT,1,1.0000,
matched_identifier,SKU,confirmed,TapeTech,CAATT,TapeTech Corner Applicator Adapter,29.80,variation,CAA-TT,TapeTech Support Handle Adapter - Corner Applicator,TapeTech,CAATT,1,0.7692,
matched_identifier,SKU,confirmed,TapeTech,CF25TT,"2.5"" Corner Flusher - Semi-Automatic",70.88,variation,CF25TT,"TapeTech Direct Corner Flusher - 2.5""",TapeTech,CF25TT,1,0.6207,
matched_identifier,SKU,confirmed,TapeTech,CF30TT,"3"" Corner Flusher - Semi-Automatic",69.08,variation,CF30TT,"TapeTech Direct Corner Flusher - 3""",TapeTech,CF30TT,1,0.5926,
matched_identifier,SKU,confirmed,TapeTech,CF35TT,"3.5"" Corner Flusher - Semi-Automatic",69.35,variation,CF35TT,"TapeTech Direct Corner Flusher - 3.5""",TapeTech,CF35TT,1,0.6207,
matched_identifier,SKU,confirmed,TapeTech,CF40TT,"4"" Corner Flusher - Semi-Automatic",72.86,variation,CF40TT,"TapeTech Direct Corner Flusher - 4""",TapeTech,CF40TT,1,0.5926,
matched_identifier,SKU,confirmed,TapeTech,CFATT,TapeTech Corner Finisher Adapter,34.04,variation,CFA-TT,TapeTech Support Handle Adapter - Corner Finisher,TapeTech,CFATT,1,0.7541,
matched_identifier,SKU,confirmed,TapeTech,CT24TT,"24"" Compound Tube - Semi-Automatic",129.64,variation,CT24TT,"TapeTech Compound Tube - 24""",TapeTech,CT24TT,1,0.6809,
matched_identifier,SKU,confirmed,TapeTech,CT36TT,"36"" Compound Tube - Semi-Automatic",137.96,variation,CT36TT,"TapeTech Compound Tube - 36""",TapeTech,CT36TT,1,0.6809,
matched_identifier,SKU,confirmed,TapeTech,CT42TT,"42"" Compound Tube - Semi-Automatic",147.76,variation,CT42TT,"TapeTech Compound Tube - 42""",TapeTech,CT42TT,1,0.6809,
matched_identifier,SKU,confirmed,TapeTech,CTA01TT,Compound Tube Filler Adapter,12.57,simple,CTA01TT,TapeTech Compound Tube Filler Adapter,TapeTech,CTA01TT,1,1.0000,
matched_identifier,SKU,confirmed,TapeTech,EZ07TT,"7"" EasyClean Finishing Box",264.31,variation,EZ07TT,"TapeTech EasyClean® Finishing Box - 7""",TapeTech,EZ07TT,1,1.0000,
matched_identifier,SKU,confirmed,TapeTech,EZ10TT,"10"" EasyClean Finishing Box",274.18,variation,EZ10TT,"TapeTech EasyClean® Finishing Box - 10""",TapeTech,EZ10TT,1,1.0000,
matched_identifier,SKU,confirmed,TapeTech,EZ12TT,12 in TapeTech EasyClean Finishing Box,284.00,variation,EZ12TT,"TapeTech EasyClean® Finishing Box - 12""",TapeTech,EZ12TT,1,0.9455,
matched_identifier,SKU,confirmed,TapeTech,FHTT,TapeTech Fiberglass Handle,39.19,variation,FHTT,TapeTech Support Handle - Fiberglass,TapeTech,FHTT,1,0.8095,
matched_identifier,SKU,confirmed,TapeTech,FHTTCC,"TapeTech Closet Crusher 18"" Support Handle",34.64,variation,FHTT-CC,TapeTech Support Handle - Closet Crusher Fiberglass,TapeTech,FHTTCC,1,0.8056,
matched_identifier,SKU,confirmed,TapeTech,GSRTT,TapeTech Gooseneck Riser,6.56,simple,GSR-TT,TapeTech Gooseneck Riser,TapeTech,GSRTT,1,1.0000,
matched_identifier,SKU,confirmed,TapeTech,MR01TT,TapeTech MudRunner Pro,762.08,variation,MR01TT,TapeTech MudRunner® Compound Applicator - Pro,TapeTech,MR01TT,1,0.5652,
matched_identifier,SKU,confirmed,TapeTech,NS02TT,2 in TapeTech EasyClean Nail Spotter,212.56,variation,NS02TT,"TapeTech Nail Spotter - 2""",TapeTech,NS02TT,1,0.6829,
matched_identifier,SKU,confirmed,TapeTech,NS03TT,3 in TapeTech EasyClean Nail Spotter,219.17,variation,NS03TT,"TapeTech Nail Spotter - 3""",TapeTech,NS03TT,1,0.6829,
matched_identifier,SKU,confirmed,TapeTech,NSATT,TapeTech Nail Spotter Adapter,29.90,variation,NSA-TT,TapeTech Support Handle Adapter - Nail Spotter,TapeTech,NSATT,1,0.7273,
matched_identifier,SKU,confirmed,TapeTech,PAHC07,"7"" Power Assist MAXXBOX Finishing Box",343.88,variation,PAHC07,"TapeTech Power Assist® MaxxBox® Finishing Box - 7""",TapeTech,PAHC07,1,1.0000,
matched_identifier,SKU,confirmed,TapeTech,PAHC10,"10"" Power Assist MAXXBOX Finishing Box",346.45,variation,PAHC10,"TapeTech Power Assist® MaxxBox® Finishing Box - 10""",TapeTech,PAHC10,1,1.0000,
matched_identifier,SKU,confirmed,TapeTech,PAHC12,"12"" Power Assist MAXXBOX Finishing Box",364.11,variation,PAHC12,"TapeTech Power Assist® MaxxBox® Finishing Box - 12""",TapeTech,PAHC12,1,1.0000,
matched_identifier,SKU,confirmed,TapeTech,QB06QSX,"QuickBox QSX - 6.5""",97.23,variation,QB06-QSX,"TapeTech QuickBox® QSX Finishing Box - 6.5""",TapeTech,QB06QSX,1,0.6957,
matched_identifier,SKU,confirmed,TapeTech,QB08QSX,"QuickBox QSX - 8.5""",126.13,variation,QB08-QSX,"TapeTech QuickBox® QSX Finishing Box - 8.5""",TapeTech,QB08QSX,1,0.6957,
matched_identifier,SKU,confirmed,TapeTech,XHTT,TapeTech Extension Handle,122.22,variation,XHTT,TapeTech Support Handle - Extension,TapeTech,XHTT,1,0.8000,
