brand,name,sku,category,weight,length,width,height
TapeTech,BUCKET BRUSH TAPETECH,010249,Parts,0.6,,,
TapeTech,TAPETECH EZ CLEAN MINI TAPER BAZOOKA,03TT,Parts,9.58,55,7,7
TapeTech,CONTROL VALVE WIPER,0500036,Parts,0.0035,0.1,0.9,2.5
TapeTech,WIPER RETAINER,050004,Parts,0.015,2,0.6,0.1
TapeTech,AUTOMATIC TAPER COLLAR BUSHING,050017,Parts,0.01,,,
TapeTech,DISENGAGING CAM,050019,Parts,0.015,0.75,1.5,0.25
TapeTech,SPACER BAR,050023F,Parts,0.0025,2.5,0.2,0.2
TapeTech,NEEDLE HOLDER LOCK,050027,Parts,0.01,0.8,0.1,0.1
TapeTech,MAGNET MAGNET,050030,Parts,0.025,2,0.25,0.25
TapeTech,GOOSER BUSHING (REPAIR ONLY),050031,Parts,0.01,1,0.2,0.2
TapeTech,DISENGAGING ROD,050034F,Parts,0.01,2.5,0.2,0.2
TapeTech,DISENGAGING ROD BEARING,050041F,Parts,0.01,,,
TapeTech,ANVIL,050043F,Parts,0.01,0.1,0.75,0.1
TapeTech,SUPPORT RIGHT CHAIN ROLLER TAPETECH,050046,Parts,0.0285,1,1.2,1.25
TapeTech,NEEDLE HOLDER,050050F,Parts,0.0045,0.2,0.2,0.8
TapeTech,GOOSER RELEASE CAM FOR 07TT TAPETECH,050053,Parts,0.01,1.5,0.5,0.2
TapeTech,CONTROL VALVE,050058,Parts,0.0175,2.25,1,0.01
TapeTech,CUT OFF COVER,050063,Parts,0.0915,9,1,1
TapeTech,AUTOMATIC TAPER VALVE,050064F,Parts,0.01,1.5,1,1
TapeTech,AUTOMATIC TAPER GOOSER & CUTTER CHAIN STOP,0500686,Parts,0.01,,,
TapeTech,AXLE CREASER WHEEL,050070F,Parts,0.007,0.25,0.25,1
TapeTech,FRONT SUPPORT,050071F,Parts,0.03,0.3,1,0.3
TapeTech,REAR SUPPORT,050072F,Parts,0.005,1,0.25,0.25
TapeTech,AUTOMATIC TAPER CREASER WHEEL,050073,Parts,0.0185,2,2,1
TapeTech,CREASER CRANK TAPETECH,050079,Parts,0.075,0.25,0.5,1.5
TapeTech,SCREW BLOCK,050080F,Parts,0.01,0.2,0.3,0.2
TapeTech,AUTOMATIC TAPER CREASER RETURN SPRING,050081F6,Parts,0.004,3,4,1
TapeTech,CABLE DRUM,050083F,Parts,0.0335,2,1,1
TapeTech,BUSHING HEAD,050086F,Parts,0.01,,,
TapeTech,SPACER BAR,050090F,Parts,0.001,2,0.2,0.2
TapeTech,TAPER WHEEL,050093F6,Parts,0.04,3,3,0.5
TapeTech,TAPER WHEEL SPOOL,050094F,Parts,0.094,2.28,2.28,1.5
TapeTech,BUSHING HEAD,050099F,Parts,0.0035,0.25,0.75,0.75
TapeTech,AUTOMATIC TAPER DRIVE HUB,050109F,Parts,0.03,,,
TapeTech,DRIVER SHAFT CHROME PLATED,050110F,Parts,0.0355,2.5,0.3,0.3
TapeTech,CUTTER BLOCK TUBE,050113F,Parts,0.022,0.25,0.25,3.75
TapeTech,AUTOMATIC TAPER DRIVE DOG SPRING,050115F6,Parts,0.002,0.15,1,1.5
TapeTech,CAM,050123,Parts,1,,,
TapeTech,CHAIN ROLLER BUSHING,050128F,Parts,0.0015,0.2,0.25,0.2
TapeTech,CUT-OFF SPRING,050132F,Parts,0.0585,5.5,0.5,0.5
TapeTech,AUTOMATIC TAPER PYRAMID BLADE,0501336,Parts,0.02,1,1,0.1
TapeTech,CHAIN ROLLER,0501346,Parts,0.002,0.5,0.5,0.5
TapeTech,CUTTER BLOCK CLAMP,050137F,Parts,0.01,,,
TapeTech,SCREW 6.52X5.09 TAPETECH,050140F,Parts,0.004,0.2,0.2,2.55
TapeTech,CHAIN ROLLER SUPPORT (LEFT),050141,Parts,0.01,0.3,1,1
TapeTech,AUTOMATIC TAPER CUTTER CHAIN TUBE LINK,050144F,Parts,0.012,0.25,0.25,6.75
TapeTech,CREASER CHAIN,050145,Parts,0.01,6,0.2,0.1
TapeTech,HUB,050150F,Parts,0.005,0.25,0.5,0.75
TapeTech,SPACER ROD,050152F,Parts,0.053,0.75,0.75,1.75
TapeTech,Bearing Bracket,050154,Parts,0.001,0.05,1.2,1.4
TapeTech,MAIN CHAIN GUARD,050163,Parts,0.013,0.75,1.75,0.25
TapeTech,PLASTIC PLUNGER,050200,Parts,0.01,1,2,1
TapeTech,PLUNGER CUP,0502036,Parts,0.0475,2,2,1
TapeTech,PLUNGER CUP WASHER,050204,Parts,0.01,2,2,0.01
TapeTech,HED HD CUP BOLT 1/4-20X3 /4,050205,Parts,0.01,0.75,0.5,0.5
TapeTech,NUT TAPETECH,050212F,Parts,0.0085,1,0.2,0.2
TapeTech,ROLLER BUSHING,050214F,Parts,0.01,,,
TapeTech,TAPE SPOOL,050244,Parts,0.134,3,3,2.5
TapeTech,CREASER CONNECTOR,050249,Parts,0.0125,44,0.5,0.5
TapeTech,BAND CLAMP BLACK TAPETECH,050402B,Parts,0.0335,1,2,3.5
TapeTech,KEEPER AXLE BLACK,050405B,Parts,0.009,0.96,0.48,0.48
TapeTech,CONTROL TUBE FLANGE BLACK,050410B,Parts,0.01,,,
TapeTech,WHEEL KEEPER WIREFORM,050412,Parts,0.001,0.15,0.25,0.75
TapeTech,CONTROL TUBE WHEEL,050413,Parts,0.001,0.5,0.5,0.5
TapeTech,ROLLER AXLES,0504186,Parts,0.002,0.1,0.1,0.75
TapeTech,BRAKE ROLLER - 07TT/07TT-C TAPETECH,050500,Parts,0.01,0.1,0.1,0.1
TapeTech,BRAKE TORTION SPRING,050577,Parts,0.002,1,0.1,0.1
TapeTech,MAIN SHAFT WASHER TAPETECH,050599,Parts,1,,,
TapeTech,OUTLET VALVE HANDLE REPLACED 050001,051001,Parts,0.0425,4,3,1
TapeTech,SIDE PLATE STAINLESS STEEL,051089,Parts,0.1325,0.1,3.25,7.75
TapeTech,TAPER SIDE PLATE SPROCKET SIDE,051105,Parts,0.13,,,
TapeTech,CUTTER BLOCK,051135,Parts,0.01,0.2,0.2,1
TapeTech,STUB SHAFT,051243,Parts,0.01,0.3,0.3,0.5
TapeTech,BUSHING TRIGGER TAPETECH,051262,Parts,0.1,,,
TapeTech,DRIP GUARD TAPE TECH,052011,Parts,0.0115,1,2,0.25
TapeTech,BASE BRACKET TAPETECH,052036,Parts,0.027,0.1,1.25,1.5
TapeTech,COVER KEY FOR TAPER TAPETECH,052051,Parts,0.1,,,
TapeTech,LOCK TAPETECH,052052,Parts,0.0055,0.5,1,0.02
TapeTech,TAPER HEAD ENCLOSURE TAPETECH,052055,Parts,0.0475,2.5,3.25,0.25
TapeTech,SNAP OUT COVER TAPETECH,052080,Parts,0.01,,,
TapeTech,SHAFT,052121F,Parts,0.025,3,0.2,0.2
TapeTech,SPROCKET DRIVER,052125,Parts,0.0025,0.5,0.5,0.2
TapeTech,BUSHING PLASTIC (NEW) REPLACES 059148,0521486,Parts,0.00125,4,4,1
TapeTech,SPROCKET BUSHING,0521496,Parts,0.0001,0.5,0.5,0.5
TapeTech,BRAKE ADJUSTER,052150,Parts,0.0075,1.25,0.1,0.49
TapeTech,SIDE PLATE SPACER TAPETECH,052152,Parts,0.019,0.25,0.75,2.25
TapeTech,WHEEL ENCLOSURE,052214,Parts,0.0225,0.25,0.75,1
TapeTech,CONTROL ARM BOSS,052221,Parts,1,,,
TapeTech,CONTROL ARM GUIDE FOR TAPER TAPETECH,052226,Parts,0.012,1,0.5,1.5
TapeTech,TAPER BAND TAPETECH,052229,Parts,0.0595,3,3,1
TapeTech,SPOOL MOUNT TAPETECH,052400B,Parts,0.1875,10,3,3
TapeTech,PLUNGER STOP SMALL TAPETECH,052401B,Parts,0.05,1,3,3
TapeTech,PLUNGER STOP LOCKING STRAP,052403,Parts,0.009,0.5,0.4,0.3
TapeTech,KEEPER YOKE,052404B,Parts,0.029,1.2,1,1
TapeTech,Keeper Tube Cradle,052407B,Parts,0.0125,1,1,2.5
TapeTech,KEEPER WIREFORM,052409,Parts,1,,,
TapeTech,CONTROL TUBE ANODIZED TAPETECH,052415A,Parts,0.84,13,2.5,2.5
TapeTech,BRAKE SPRING MOUNT,052576,Parts,0.0065,0.5,0.2,0.2
TapeTech,GOOSER ASSEMBLY,054028,Parts,0.028,0.75,1,1.5
TapeTech,PUSH ROD ASSEMBLY,054032F,Parts,0.034,2,2,4
TapeTech,BAFFLE PLATE ASSEMBLY TAPETECH,054048F,Parts,0.05,2.5,2.5,0.025
TapeTech,AUTOMATIC TAPER FILLER VALVE ASSEMBLY,054059F,Parts,0.06,0.6,0.6,1.5
TapeTech,FILLER TUBE WITH VALVE,054064F,Parts,0.078,1.8,0.75,0.75
TapeTech,TAPE RUNNER ASSEMBLY RIGHT,054075,Parts,0.03,0.3,1.5,2
TapeTech,LONG CREASER ASSEMBLY,054095F,Parts,0.025,1,0.5,3.75
TapeTech,SHORT CREASER ASSEMBLY,054096F,Parts,0.0225,4,0.5,0.5
TapeTech,TAPE GUIDE ASSEMBLY,054101,Parts,0.14,7,2,0.3
TapeTech,TAPE RUNNER ASSEMBLY LEFT,054104,Parts,0.0225,0.25,1.75,2.25
TapeTech,SHAFT DRIVE ASSEMBLY (INCLUDES SPROCKET),054110F,Parts,0.05,,,
TapeTech,GOOSER GUIDE BUSHING,054111F,Parts,0.02,5,0.3,0.3
TapeTech,SPROCKET DRIVER ASSEMBLY,054114F,Parts,0.09375,2.25,2.25,0.5
TapeTech,TAPETECH DRIVE DOG ASSEMBLY,054116F,Parts,0.01,0.1,0.2,1.5
TapeTech,DRIVE DOG HOLDER ASSEMBLY,054118F,Parts,0.02,2,1,0.5
TapeTech,AUTOMATIC TAPER CABLE,054209F6,Parts,0.002,3,3,1
TapeTech,CONTROL ARM ASSEMBLY TAPETECH,054219,Parts,0.3045,11,1,1
TapeTech,TRIGGER ASSEMBLY TRIGGER ASSB FOR TAPER,054245F,Parts,0.139,0.5,1,4
TapeTech,AUTOMATIC TAPER LOCKING ROLLER ASSY (ASGARD),055007,Parts,0.006,0.25,0.25,0.45
TapeTech,NEEDLE SPRING (REPLACES 059022),056022,Parts,0.01,1.25,0.2,0.1
TapeTech,TAPER HEAD,056100F,Parts,0.219,3,3,2
TapeTech,PYRAMID BLADE STAINLESS STEEL,0561336,Parts,0.002,,,
TapeTech,CUTTER CHAIN ASSEMBLY STAINLESS STEEL,056135,Parts,0.064,0.25,0.25,9
TapeTech,CUTTER CHAIN #056142,056142F,Parts,0.0225,4,0.15,0.15
TapeTech,GOLD TAPER TUBE,056248G,Parts,1.5845,49.5,3,3
TapeTech,HEX L-KEY .050 TAPE TECH,057352,Parts,0.002,0.1,0.75,2.75
TapeTech,HEX L-KEY .062 TAPETECH,057353,Parts,0.0035,3,0.5,0.05
TapeTech,TAPER TUBE CLEANING BRUSH,057355,Parts,0.233,10,4,4
TapeTech,PUMP TUBE CLEANING BRUSH,057356,Parts,1,,,
TapeTech,TAPER MAIN CHAIN SST,058126F,Parts,0.07,,,
TapeTech,40-4 HEX SST NUT,059005,Parts,0.002,0.5,0.5,0.5
TapeTech,ROLLER AXLE SPRING,0590106,Parts,0.0005,0.01,0.01,2
TapeTech,6-32 x 3/8 FILLISTER HEAD SST SCREW +,0590126,Parts,0.002,0.2,0.2,0.5
TapeTech,6-32 x 5/16 ROUND HEAD SST SCREW +,059013,Parts,0.001,0.25,0.25,0.35
TapeTech,Screw 4-40 X 3/16 Truss Hd. S.S,059014,Parts,0.0008,0.25,0.25,0.25
TapeTech,6-32x1/4 FILLISTER HEAD SST SCREW HD,0590156,Parts,0.0015,0.2,0.2,0.35
TapeTech,#6 LOCK WASHER MEDIUM SPRING SST,0590166,Parts,0.00033,0.1,0.25,0.25
TapeTech,6-32 THIN STOPNUT,0590186,Parts,0.0015,0.15,0.3,0.3
TapeTech,AUTOMATIC TAPER 3/8 BIND HEAD SST SCREW +,0590206,Parts,0.16667,0.2,0.2,0.2
TapeTech,4-40 X 5/32 BIND HEADSCR EW SST,059021,Parts,0.01,,,
TapeTech,CHAIN KEEPER WASHER,059024,Parts,0.01,0.01,0.5,0.5
TapeTech,5/64 x 1/2 SST COTTER PIN,0590256,Parts,0.001,0.1,0.2,0.8
TapeTech,6-32x5/8 Flat head Screw,059029,Parts,0.0036,0.25,0.25,0.6
TapeTech,"4-40 x 1/4"" BIND HEAD SST SCREW +",0590376,Parts,0.001,0.1,0.1,0.25
TapeTech,#4 MEDIUM SPRING LOCKWASHER +,059038,Parts,0.00058,0.01,0.2,0.2
TapeTech,O RING,059040,Parts,0.0002,0.1,0.25,0.25
TapeTech,Insert,059044,Parts,0.0015,0.25,0.5,0.5
TapeTech,SCREW 2-56X1/8 BIND HD SS TAPETECH,059047,Parts,1,0.1,0.1,0.1
TapeTech,AUTOMATIC TAPER GOOSER NEEDLE,0590496,Parts,1,,,
TapeTech,"6-32 x 3/16"" FILLISTER HEAD SST SCREW +",0590516,Parts,0.0015,0.2,0.2,0.25
TapeTech,"2-56x 3/16"" FIL HEAD SCREW",0590566,Parts,0.00033,0.15,0.15,0.25
TapeTech,"4-40 x 3/16"" BIND HEAD SST SCREW +",0590576,Parts,0.001,0.25,0.25,0.25
TapeTech,AUTOMATIC TAPER 3-48 STOP NUT +,059060,Parts,0.01,,,
TapeTech,VALVE SPRING,059061F,Parts,0.0006,0.1,0.1,0.5
TapeTech,KEY RING,059067,Parts,0.005,0.1,1,1
TapeTech,8-32 HEX ELASTIC STOPNUT +,059074,Parts,0.0025,0.2,0.4,0.4
TapeTech,NYLINER BEARING,0590786,Parts,0.001,0.25,0.25,0.25
TapeTech,DRUM WASHER,0590826,Parts,0.001,0.05,0.75,0.75
TapeTech,"AUTOMATIC TAPER 1/4"" 1/2 DOG SST SET SCREW",0590846,Parts,0.00158,0.15,0.15,0.25
TapeTech,TAPETECH SCREW 8-32X1/4 FIL HD SS,059085,Parts,0.00133,0.25,0.25,0.35
TapeTech,"NUT 3-48 HEX, MINI SS",059087,Parts,0.0005,0.05,0.15,0.15
TapeTech,"6-32 x 1/2"" FILLISTER HEAD SST SCREW +",059091,Parts,0.01,0.1,0.1,0.6
TapeTech,8-32 X 1-1/2 ROUND HEAD SCREW SST,059092,Parts,0.008,0.2,0.2,1.75
TapeTech,"4-40 x 1/4"" FLAT HEAD SST SCREW +",0591026,Parts,0.00058,0.25,0.2,0.2
TapeTech,Screw 4-40 X 1/8 Sltd Fl Hd SST.,059106,Parts,0.01,,,
TapeTech,6-32x1/4 Flat Head Screw,059107,Parts,0.01,0.3,0.1,0.1
TapeTech,SCREW SELF TAP #8  x 5/16,059117,Parts,0.002,0.49,0.25,0.25
TapeTech,DRIVE DOG HOLDER PIN,059119,Parts,0.01,0.3,0.01,0.01
TapeTech,DRIVE DOG AXLE,059120,Parts,0.01,0.5,0.05,0.05
TapeTech,Screw 8-32 X 5/8 Truss Hd. S.S,059127,Parts,0.0045,0.3,0.3,0.75
TapeTech,CUTTER BLOCK PIN,059129,Parts,0.01,0.3,0.05,0.05
TapeTech,"1/16"" x 1/2"" SST COTTER PIN +",0591436,Parts,0.0005,0.1,0.15,0.75
TapeTech,"4-40 x 5/16"" BIND HEAD SST SCREW +",0591566,Parts,0.00067,0.2,0.2,0.35
TapeTech,"4-40 x 3/8"" FILLISTER HEAD SST SCREW +",059161,Parts,0.01,,,
TapeTech,AUTOMATIC TAPER #6 EXT WASHER +,059164,Parts,0.01,,,
TapeTech,SCREW 5-40 X 3/4 RD HEAD SST,059201,Parts,0.0065,0.5,0.3,0.5
TapeTech,"1/4""-20 SS COUNTERSINK NUT TAPETECH",059206,Parts,0.0115,0.2,0.6,0.6
TapeTech,"4-40 X 3/8"" BIND HEAD SST SCREW",059217,Parts,0.002,0.49,0.25,0.24
TapeTech,ANGLE APPLICATOR 10-32 SST STOP NUT +,059225,Parts,0.004,0.5,0.5,0.5
TapeTech,"5-40 x 13/32"" BIND HEAD SST SCREW",059230,Parts,0.002,0.2,0.2,0.4
TapeTech,TAPETECH SCREW 1/4-20 X 1/2 FL HD SS,059238,Parts,0.0085,0.5,0.5,0.5
TapeTech,8-32 HEX HD NUT SST,0592606,Parts,0.0025,0.15,0.35,0.35
TapeTech,TAPETECH 4-40X7/16 BINDING HD SCREW,059264,Parts,1,,,
TapeTech,10-32 x 5/8 BUTTONHEAD SOCKET CAP,059323,Parts,0.005,0.5,0.5,0.75
TapeTech,O-RING  -031 50 DUROMETER,0593286,Parts,0.001,0.1,2,2
TapeTech,TAPETECH SCREW 10-32 X 1 UNDERCUT,059329,Parts,0.004,0.25,0.25,1
TapeTech,TAPETECH SETSCREW 10-32 X 5/16,059331,Parts,0.0008,0.1,0.1,0.25
TapeTech,TAPETECH 0-RING 1MM X 11MM,059332,Parts,0.001,0.05,0.5,0.5
TapeTech,O RING TAPETECH,059333,Parts,0.00035,0.1,0.25,0.25
TapeTech,RUBBER WASHER TAPETECH,059423,Parts,0,,,
TapeTech,6-32 x 5/8 SOCKET HEAD CAP SCREW,059426,Parts,0.00133,0.25,0.25,0.75
TapeTech,SCREW 4-40X1/2 BINDING HD SST TAPE TECH,059616,Parts,0.0015,0.25,0.25,0.5
TapeTech,O-RING GOOSER STOP -109 BUNA TAPETECH,059807,Parts,0.01,,,
TapeTech,E-CLIP #25 TAPETECH,129061,Parts,0.0015,0.05,0.5,0.5
TapeTech,SPRING LATCH TAPETECH,130004,Parts,0,,,
TapeTech,NEEDLE PLUG TAPETECH,140007,Parts,0,,,
TapeTech,MUD RUNNER BALL OUTLET TAPETECH,140010,Parts,1,,,
TapeTech,Control Bushing,140013,Parts,0.01,,,
TapeTech,CONTROL TUBE CAP TAPETECH,140014,Parts,0.25,,,
TapeTech,PUSHROD CAP TAPETECH,140017,Parts,0,,,
TapeTech,MUD RUNNER SPRING TAPETECH,140018,Parts,1,,,
TapeTech,LOCK BLOCK FOR 14TT TAPETECH,140038,Parts,1,,,
TapeTech,ROTARY DRAW LATCH,140039,Parts,1,,,
TapeTech,TUBE ONLY FOR MUDRUNNER,142001,Parts,0.57,,,
TapeTech,BAND ASSEMBLY TAPETECH,145011,Parts,0,,,
TapeTech,ROUND LIP U-CUP,149021,Parts,0.02,,,
TapeTech,ROUND LIP U-CUP TAPETECH,149022,Parts,1,,,
TapeTech,ROUND LIP U-CUP,149023,Parts,0.005,,,
TapeTech,M6 STOP NUT SST TAPETECH,149024,Parts,1,,,
TapeTech,8-32 X 9/16 TORX BUTTON HD TAPETECH,149025,Parts,0.00367,0.25,0.25,0.6
TapeTech,NYLON BUSHING #6,149028,Parts,1,,,
TapeTech,TAPETECH WASHER NAS620C 1/4,149029,Parts,1,,,
TapeTech,TAPETECH O-RING BUNA 2-318,149031,Parts,0.003,0.15,1.25,1.25
TapeTech,O RING  BUNA  2-230,149032,Parts,0.006,3,3,0.15
TapeTech,TAPETECH WASHER NYLON,149034,Parts,1,,,
TapeTech,TAPETECH ROD WIPER,149035,Parts,0.01,,,
TapeTech,TAPETECH SCREW 5-40X3/16 BINDING HEAD SST,149037,Parts,1,,,
TapeTech,THREADED GAS SPRING TAPETECH,149120,Parts,0.1,,,
TapeTech,COUPLING PIN FOR CORNER ROLLER,150004F,Parts,1,,,
TapeTech,Inner Roller,151011,Parts,0.006,0.25,0.25,0.75
TapeTech,CORNER ROLLER STUD,152006,Parts,0.02,2,0.1,0.2
TapeTech,SPACER,152025,Parts,0.0035,0.25,0.5,0.5
TapeTech,SWIVEL ASSEMBLY FOR 15TT TAPETECH,154007,Parts,0.1,,,
TapeTech,8-32 X 3/8 FIL HEAD SST,159010,Parts,0.002,0.5,0.2,0.2
TapeTech,Nylon Washer,159023,Parts,0.01,,,
TapeTech,External Retaining Ring   25 Dia Shaft,159024,Parts,9e-05,0.01,0.25,0.25
TapeTech,LONG NUT,159026,Parts,0.01,,,
TapeTech,"WASHER 3/8"" OD 3/16"" ID SST",159027,Parts,0.2,12,0.01,0.2
TapeTech,NYLINER TYPE 6,179009,Parts,0.005,0.5,0.5,0.5
TapeTech,BLOCK,190002,Parts,0.02,0.4,0.45,1.3
TapeTech,Adjuster,190033,Parts,0.01,,,
TapeTech,Coupler,190034,Parts,0.01,12,0.2,0.2
TapeTech,PIN,190036,Parts,0.01,,,
TapeTech,LEVER TAPETECH,191001,Parts,1,,,
TapeTech,PIN TAPETECH,191006,Parts,0.298,2,0.5,0.5
TapeTech,ROD,191007,Parts,0.47,,,
TapeTech,HINGE CASTING ASSEMBLY,196003,Parts,0.5,,,
TapeTech,8-32 X 3/8 SET SCREW FL. POINT H,199010,Parts,0.0015,0.15,0.15,0.4
TapeTech,NUT 8-32 SMALL PAT 1/4 FL. SS TAPETECH,199011,Parts,0.00075,0.1,0.2,0.2
TapeTech,"7"" SS BLADE FLAT BOX",2000016,Parts,1,,,
TapeTech,"WIPER FOR 7"" FLAT BOX",200026F,Parts,0.012,7,5,0.5
TapeTech,FLAT BOX SHOULDER SCREW,200052F,Parts,0.0125,4,4,1
TapeTech,FLAT BOX PUSH ROD  CROWN ADJUSTMENT,2020076,Parts,1,,,
TapeTech,SPRING ANCHOR,202020,Parts,0.003,0.25,0.2,0.25
TapeTech,FLAT BOX REPAIR CLIP,2020226,Parts,0.0002,2,0.5,0.01
TapeTech,FLAT BOX THREADED WASHER,202028,Parts,0.0035,0.25,0.5,0.5
TapeTech,FLAT BOX SHOULDER SCREW,202036,Parts,0.01,0.2,0.2,0.6
TapeTech,FLAT BOX PRESSURE PLATE SPRING,202044F6,Parts,1,,,
TapeTech,7 AND 10 INCH CROWN SPRING,203010,Parts,0.012,0.05,0.5,4.25
TapeTech,"7"" BLADE HOLDER ASSEMBLY",204002,Parts,0.12,8,1,0.2
TapeTech,"TAPE TECH 7"" STANDARD AXLE",205045G,Parts,0.109,0.25,0.5,7
TapeTech,"DIAL ASSEMBLY FOR 10"" BOX",206003,Parts,0.0385,1.5,1.25,0.25
TapeTech,FLAT BOX RIGHT SKID COVER,2090066,Parts,0.006,1,0.5,0.5
TapeTech,"4-40 x 1/4"" FILLISTER HEAD SCREW",2090126,Parts,0.00167,0.2,0.2,0.3
TapeTech,"4-40 x 7/32"" BIND HEAD SCREW  +",2090166,Parts,0.001,0.5,0.5,0.5
TapeTech,FLAT BOX 10-24 NUT NYLOCK +,2090176,Parts,0.0045,0.25,0.35,0.35
TapeTech,FLAT BOX 10-24 WING NUT +,2090306,Parts,1,,,
TapeTech,FLAT BOX LEFT SKID COVER,2090396,Parts,0.007,1.5,0.5,0.5
TapeTech,FLAT BOX #10 BRASS WASHER,2090426,Parts,0.16667,,,
TapeTech,FLAT BOX WASHER,209046,Parts,0.0045,0.15,0.5,0.5
TapeTech,FLAT BOX NYLINER BEARING,209047,Parts,7e-05,0.25,0.4,0.4
TapeTech,"Screw, 4-40 X 1/8 Bind. Hd. S.S.",209048,Parts,0.00133,0.25,0.25,0.25
TapeTech,TT SCREW 6-32 X 5/16 BIND HD SS,209049,Parts,0.00133,0.25,0.25,0.75
TapeTech,4-40 X 7/16 SLOTTED FL. HEAD  SS,209050,Parts,0.001,0.2,0.1,0.1
TapeTech,6-32 Brass Nut,209058,Parts,0.002,0.15,0.3,0.3
TapeTech,BEARING WASHER,2091486,Parts,0.00125,0.3,0.3,0.3
TapeTech,"SCREW, 6-32 x 1/2 FLAT HEAD",209755,Parts,0.003,0.2,0.2,0.3
TapeTech,LATCH,210058F,Parts,0.005,0.25,0.5,1
TapeTech,SHOULDER SCREW,210059,Parts,0.01,,,
TapeTech,PIVOT BEARING TAPETECH,210060,Parts,0.0155,,,
TapeTech,SHOULDER SCREW TAPETECH,210073,Parts,0.022,0.5,0.5,1
TapeTech,"SEAL 7"" TAPETECH",210096,Parts,0,,,
TapeTech,ARM POWER ASSIST TAPETECH,212081,Parts,0,,,
TapeTech,BUSHING POWER ASSIST TAPETECH,212082,Parts,0,,,
TapeTech,FLANGE LEFT POWER ASSIST TAPETECH,212084,Parts,0,,,
TapeTech,FLANGE RIGHT POWER ASSIST TAPETECH,212085,Parts,0,,,
TapeTech,POWER ASSIST HOOK,212086,Parts,0.01,,,
TapeTech,SPACER (POWER ASSIST) TAPETECH,212089,Parts,1,,,
TapeTech,SPRING (POWER ASSIST) TAPETECH,212090,Parts,1,,,
TapeTech,BOX WHEEL  SIDE GUIDE TAPETECH,213051,Parts,0.0315,,,
TapeTech,COG ( POWER ASSIST) TAPETECH,213083,Parts,1,,,
TapeTech,SPRING WASHER BELLEVILLE,2190646,Parts,0.0001,0.3,0.3,0.01
TapeTech,O RING (NEW STYLE),2190676,Parts,0.019,0.5,3,5
TapeTech,"Screw, 6-32 X 5/8",219080,Parts,0.003,0.25,0.25,0.6
TapeTech,TT SCREW 6-32 X 7/16 FLAT HD SS,219081,Parts,0.002,0.25,0.25,0.5
TapeTech,SPRING,219091,Parts,0.01,,,
TapeTech,"4-40 X 1""BIND HEAD SCREW",219092,Parts,0.00133,1,0.15,0.15
TapeTech,#4 NYLON FLAT WASHER,219095,Parts,0.00075,0.49,0.1,0.49
TapeTech,SWIVEL Z COMPLETE TAPETECH,24D166,Parts,1,,,
TapeTech,"10"" SS BLADE FLAT BOX",2500016,Parts,0.023,10.25,0.25,0.25
TapeTech,SHIM 10 SHIM 10,250009,Parts,0.05,,,
TapeTech,"NEW WIPER ONE PIECE FOR 10"" FLAT BOX",250026F,Parts,0.09,12,4,1
TapeTech,"10"" TIE ROD",250040F,Parts,0.01,0.2,0.2,11
TapeTech,SIDE PLATE UNIVERSAL TAPETECH,251023G,Parts,0.156,0.1,3.5,6
TapeTech,SIDE PLATE TT TAPETECH,251025G,Parts,0.1605,0.25,3.25,5.5
TapeTech,"10"" BOX BLADE HOLDER ASSEMBLY",254002,Parts,0.1485,10.25,1,0.25
TapeTech,CLAMP ASSEMBLY TAPETECH,254005,Parts,0.0665,10,1,1
TapeTech,"10"" AXLE STANDARD EZ ROLL WHEELS",255045G,Parts,0.151,9.25,0.75,0.25
TapeTech,"10"" Wiper",260024F,Parts,1,,,
TapeTech,"10"" SPACER ROD TAPETECH",260071,Parts,0.01,,,
TapeTech,"12"" SS BLADE FLAT BOX",3000016,Parts,0.026,12,0.2,0.2
TapeTech,"NEW WIPER ONE PIECE FOR 12"" FLAT BOX",300026F,Parts,0.13,,,
TapeTech,"12"" TIE ROD",300040F,Parts,0.0315,0.1,0.1,12.25
TapeTech,"12"" CROWN SPRING TAPETECH",303010,Parts,0.04,7,0.3,0.1
TapeTech,"12"" BOX BLADE HOLDER",304002,Parts,0.1625,12.5,1,0.25
TapeTech,"12"" AXLE STANDARD EZ ROLL WHEELS",305045G,Parts,0.185,10,1,1
TapeTech,"12"" PRESSURE PLATE",306027G,Parts,1.36,,,
TapeTech,"12"" WIPER",310024F,Parts,0.17,11.5,5.5,0.5
TapeTech,FLAT BOX WHEEL,310051F,Parts,0.0085,0.75,0.75,0.5
TapeTech,"12"" SPACER ROD TAPETECH",310071,Parts,0,,,
TapeTech,10-24 X1 1/4 SL. FIL HD SCREW,3390736,Parts,0.01008,0.3,0.3,1.3
TapeTech,"15"" SS BLADE",340001,Parts,0.0345,0.1,0.1,15
TapeTech,"15"" WIPER TAPETECH",340026,Parts,0.4,,,
TapeTech,BLADE HOLDER ASSEMBLY TAPETECH,344002,Parts,0,,,
TapeTech,"8"" WIPER SET",350008,Parts,0.09,,,
TapeTech,SEAL BLOCK   8,350033F,Parts,0.05,3,0.5,0.5
TapeTech,"8"" PRESSURE PLATE",350034,Parts,0.236,7,3,0.25
TapeTech,FILLER TUBE ASSEMBLY- BODY ONLY TAPETECH,354003F,Parts,0.041,,,
TapeTech,6-32 X 1/4 BIND HEAD SCREW,359005,Parts,0.00233,0.25,0.25,0.3
TapeTech,CARBIDE BLADE,400009F,Parts,0.01,2.5,0.2,0.2
TapeTech,SPRING RETAINER STOP,402002F,Parts,0.0035,0.25,0.5,0.75
TapeTech,INSERT SOCKET FOR ANGLE HEADS,402006,Parts,0.0065,1,2,1
TapeTech,BALL RETAINER,402012,Parts,0.018,0.1,1,2
TapeTech,CENTER CLIP (SHORT),402017F,Parts,0.0035,0.1,1,0.2
TapeTech,Blade Holder Stop,402019,Parts,0.01,,,
TapeTech,CENTER CLIP ASSEMBLY,404014F6,Parts,0.16667,,,
TapeTech,RETAINER SPRING TAPETECH,409010,Parts,0.001,1,0.25,0.25
TapeTech,ANGLE HEAD SKID,4090116,Parts,0.006,3,0.02,0.2
TapeTech,4-40 x 1/8 SOCKET HEAD C SETSCREW +,4090136,Parts,0.005,0.1,0.1,0.1
TapeTech,RETAINER SPRING,409021,Parts,0.01,,,
TapeTech,Blade  Carbide  2.5,420009,Parts,0.01,2.75,0.2,0.1
TapeTech,"3"" ANGLE HEAD CARBIDE BLADE",450009F,Parts,0.01,3.5,0.1,0.2
TapeTech,WEAR PAD,480002F,Parts,0.007,0.15,0.3,2
TapeTech,OUTSIDE TENSION SPRING TAPETECH,480005,Parts,0.01,4,1,0.25
TapeTech,ADJUSTABLE ARM  - RIGHT,480007F,Parts,0.0155,0.1,0.25,1.75
TapeTech,ADJUSTABLE ARM  - LEFT,480008F,Parts,0.016,0.25,0.25,1.75
TapeTech,EASYROLL FRAME RIGHT TAPETECH,480016F,Parts,0,,,
TapeTech,CENTER CLIP (SHORT),480017F6,Parts,0.0045,1,0.5,0.5
TapeTech,INSIDE TENSION SPRING TAPETECH,480021,Parts,0.0075,0.25,0.5,3.25
TapeTech,WHEEL WHEEL,480026,Parts,0.0065,0.5,0.5,0.5
TapeTech,WHEEL BUSHING,480027,Parts,0.01,0.3,0.2,0.2
TapeTech,"3 1/2"" ANGLE HEAD CARBIDE BLADE",480209,Parts,0.01,4,0.1,0.1
TapeTech,HEAD FRAME STOP TAPETECH,480230,Parts,0,,,
TapeTech,CENTER CLIP ASSY (SERIAL # HIGHER THAN 23233),484014F6,Parts,0.16666,2,1,1
TapeTech,"3"" EASYROLL  CORNER FINISHER HEAD",486001F,Parts,0.29,,,
TapeTech,6-32 x 1/8 SOCKET HEAD SETSCREW,4890136,Parts,0.001,0.125,0.125,0.125
TapeTech,SCREW 4-40 X 5/16 NYLOCK PAN,489020,Parts,0.0015,0.1,0.1,0.25
TapeTech,SCREW 4-40 X 1/2 BIND HD SS TAPETECH,489022,Parts,0.0008,0.25,0.25,0.6
TapeTech,#6 FLAT WASHER SST FOR CORNER WHEEL,4890236,Parts,0.0085,0.2,0.2,0.1
TapeTech,O-RING 568-109 BUNA,4890286,Parts,0.001,,,
TapeTech,6/32 X 5/8 SOC HD SST SCREW TAPETECH,489029,Parts,0.01,0.75,0.2,0.2
TapeTech,TTECH 4-40 X 3/16 FLAT HEAD SCREW,499023,Parts,0.00117,0.2,0.2,0.2
TapeTech,Washer - .188Id X,499024,Parts,0.00075,0.1,0.4,0.4
TapeTech,SCREW 6-32 X 1/2 BIND HD 18-8  TAPETECH,499025,Parts,1,,,
TapeTech,"7"" WIPER",500028,Parts,0.01,,,
TapeTech,"7"" PIVOT PRESSURE PLATE",502005F,Parts,0.075,0.75,0.75,2.75
TapeTech,PIVOT BEARING,502006,Parts,0.0055,0.5,0.75,0.75
TapeTech,5L7D-Type 4 Nyliner,502007,Parts,0.00033,0.4,0.4,0.4
TapeTech,SEAL,5020196,Parts,0.01,4,4,2
TapeTech,10-32 x 1/2 BIND HEAD SCREW  TAPETECH,509008,Parts,0.006,0.3,0.3,0.75
TapeTech,4-40 x 5/16 FLAT HEAD SST TAPETECH,509010,Parts,0.01,0.2,0.2,0.2
TapeTech,SCREW 1/4-20X 5/8 HEX HEAD TAPETECH,559017,Parts,0.01,0.65,0.5,0.5
TapeTech,"2"" NAIL SPOTTER CARBIDE BLADE",600005F,Parts,0.01,0.1,0.1,2.5
TapeTech,Handle Connector,600022,Parts,0.01,0.5,2.25,0.002
TapeTech,SPECIAL RIVET,602029F,Parts,0.01,,,
TapeTech,ADJUSTABLE STOP TAPETECH,602035,Parts,0,,,
TapeTech,SPECIAL WASHER TAPE TECH,602045F,Parts,0.0065,1,0.2,1
TapeTech,4-40 X 1/2 FLAT HEAD SST SCREW,6090086,Parts,0.01,,,
TapeTech,SCREW 6-32 X 1/8 RD HD SS TAPETECH,609011,Parts,0.001,0.25,0.25,0.25
TapeTech,4-40 ELASTIC SST STOP NUT +,6090126,Parts,0.01,0.1,0.2,0.2
TapeTech,NUT BLOCK,609015,Parts,0.0045,0.25,0.5,0.5
TapeTech,Washer (Plastic),6090186,Parts,0.0001,0.5,0.001,0.5
TapeTech,FRICTION WASHER TAPETECH,609020,Parts,0.0015,0.6,0.05,0.6
TapeTech,TAPETECH 10-32X5/8 SCREW RD HD,609021,Parts,0.00675,0.35,0.35,0.7
TapeTech,10-32 X 3/4 FLAT HD SST SCREW TAPETECH,609032,Parts,0.1,,,
TapeTech,4-40 X 3/8 FLAT HEAD SST SCREW,6090486,Parts,0.01,0.2,0.1,0.1
TapeTech,TAPETECH SERRATED HEX FLANGE NUT,609049,Parts,0.00433,0.2,0.5,0.5
TapeTech,TAPETECH 6-32 X 3/32 SCREW SLOTTED RD,609050,Parts,1,,,
TapeTech,HINGE BLOCK FOR NAIL SPOTTER TAPETECH,630010,Parts,0.5,,,
TapeTech,"2"" N.S. INSERT TAPETECH",630030,Parts,1,,,
TapeTech,"2"" N.S. WIPER",631015,Parts,0.0855,6,2,1
TapeTech,"SPRING, NAIL SPOTTERS LOW FORCE",632026,Parts,0.0195,12,0.5,0.5
TapeTech,"TAPETECH 2"" PRESS PLATE ASSY W/NEW STYLE TAB",634028,Parts,1,,,
TapeTech,PLASTIC WASHER TAPETECH,639020,Parts,0.0015,0.1,0.5,0.5
TapeTech,"3"" NAIL SPOTTER BLADE",650005F,Parts,0.0135,3.5,0.002,0.001
TapeTech,"3"" SKID FOR NS03TT TAPETECH",650007,Parts,1,,,
TapeTech,SPECIAL WASHER TAPETECH,650040,Parts,0.0345,0.5,1,0.1
TapeTech,TAPETECH 10-32X3/4 SCREW,659021,Parts,0.0065,0.3,0.3,0.8
TapeTech,"3"" NAIL SPOTTER WIPER",681015,Parts,0.0875,4.75,3.25,0.5
TapeTech,GLAND,700004F,Parts,0.23,1.5,1.5,0.75
TapeTech,6226-14 U-CUP,7000056,Parts,0.001,1,1,0.25
TapeTech,VALVE DISK,700010F,Parts,0.01,2.5,2.5,0.1
TapeTech,LINK,700015F,Parts,1.23,,,
TapeTech,PUMP BUSHING LINER,7000296,Parts,0.01,,,
TapeTech,PUMP FINE MESH SCREEN,700032F,Parts,0.0165,2.5,2.5,0.25
TapeTech,PUMP COARSE MESH SCREEN (PLACED ON NEW PUMP),700033F,Parts,0.16,,,
TapeTech,5/16-24 x 1-7/16 STUD,700036,Parts,0.027,1.25,0.2,0.2
TapeTech,SPECIAL NUT,700037,Parts,0.042,0.75,1,1
TapeTech,LANYARD,700042,Parts,0.13,0.1,0.1,12
TapeTech,PUMP GASKET,7000496,Parts,0.01,2,0.1,3
TapeTech,FILLER TUBE ASSEMBLY,704040,Parts,0.082,2.5,2.5,0.5
TapeTech,1/4-20X5/8 CAPSCREW SOCKET H TAPETECH,709006,Parts,0.01292,0.35,0.35,0.9
TapeTech,HEX HEAD NUT - 5/16-24 TAPETECH,709007,Parts,0.046,0.2,0.3,0.3
TapeTech,"WASHER, SPECIAL TAPETECH",709012,Parts,0.02,0.1,5,5
TapeTech,10-32x3/8  FILLISTER HD SST SCREW TAPETECH,709017,Parts,0.0355,0.3,0.3,0.3
TapeTech,TAPETECH 5/16-18X7/8 CAPSCREW HEX,709023,Parts,0.026,0.5,0.5,1
TapeTech,LOCKWASHER 5/16 SAE MED TAPETECH,709024,Parts,0.00366,0.1,0.5,0.5
TapeTech,"3/8-16 THIN LOCKNUT, FLEXLOC TAPETECH",709027,Parts,0.09,0.2,0.5,0.5
TapeTech,SETSCREW 5/16-18 X 7/16 SOCK   TAPETECH,7090306,Parts,0,,,
TapeTech,O-RING 568-210 BUNA,7090346,Parts,0.01,,,
TapeTech,#63 S-HOOK 18-8 SST TAPETECH,709043,Parts,0.006,,,
TapeTech,LOCK CLIP,709046,Parts,0.01,,,
TapeTech,TAPETECH 10 LOCKWASHER EXTERNAL,709050,Parts,0.0002,0.05,0.05,0.4
TapeTech,STOPNUT 1/4 - 20 ELASTIC THIN PAT,709052,Parts,0.004,0.4,0.75,0.75
TapeTech,10-24 x 7/8 ROUND HEAD SST SCREW TAPETECH,709055,Parts,0.007,1,0.25,0.25
TapeTech,NUT 10-24 SST TAPETECH,709056,Parts,0.01,0.1,0.3,0.3
TapeTech,PISTON CUP AKA WIPER FOR 76TT,720009,Parts,0.01,,,
TapeTech,PISTON CUP WIPER PUMP,720045,Parts,0.1,,,
TapeTech,PUMP CYLINDER ONLY FITS 76TT,722003G,Parts,1.4,,,
TapeTech,PUMP FOOT WIREFORM,722070,Parts,0.01,,,
TapeTech,PUMP HEAD REPLACEMENT UNIVERSAL TAPETECH,724001,Parts,1,,,
TapeTech,CLAMP ASSEMBLY,724061F,Parts,0.0995,3,1,1
TapeTech,QUICK RELEASE PIN,7240656,Parts,0.0395,2.5,1.5,0.5
TapeTech,PUMP HANDLE TAPETECH,726018,Parts,0.5,,,
TapeTech,"Wiper, U-Cup",729009,Parts,0.0225,3,3,1
TapeTech,CAPSCREW 1/4-20 HEX HD S.S. TAPETECH,729051,Parts,0.031,0.5,0.5,2.2
TapeTech,O'RING (LARGE),729060,Parts,0.0035,2.5,2.5,0.001
TapeTech,"8-32 X 3/16"" BIND HEAD SCREW",7290636,Parts,0.01,,,
TapeTech,"8-32 X 3/8"" BIND HEAD SST SCREW TAPETECH",729064,Parts,0.01,0.3,0.2,0.2
TapeTech,O RING FLANGE,729071,Parts,0.01,1.5,1.5,0.25
TapeTech,O RING HEAD,729072,Parts,0.01,0.1,3,3
TapeTech,"FOOT VALVE, UNIVERSAL",762011,Parts,0.2,,,
TapeTech,EXTRA LONG EASYCLEAN LOADING PUMP,76XLTT,Parts,13.3875,40.5,8.25,8
TapeTech,PIVOT ARM FOR BOX HANDLE,800008,Parts,0.0795,2,1,0.2
TapeTech,CONNECTOR PLATE FOR BOX HANDLE,800018F,Parts,0.208,6,3,1
TapeTech,PIN,800021F,Parts,0.01,,,
TapeTech,SHORT CONNECTOR,800027,Parts,0.02,0.01,6.5,0.3
TapeTech,COUPLING PIN (REPAIR ONLY BOX HANDLES),801009,Parts,0.006,,,
TapeTech,QUADRANT,802016,Parts,0.039,0.1,1.5,1.5
TapeTech,GRIP ASSEMBLY FOR BOX HANDLE,804003F,Parts,0.242,2,4.5,1
TapeTech,HING ASSY.  UNIVERSAL WITH SERIAL NUMBER,808015F,Parts,0.61,5.5,2.75,1.25
TapeTech,8-32 X 3/4 HEX SOC CUP PONT SET SCREW,8090046,Parts,0.004,0.75,0.25,0.25
TapeTech,WASHER #14 BRASS TAPETECH,809006,Parts,0.01,0.5,0.5,0.01
TapeTech,"5/16-18 x 3/4"" DOG POINT SCREW",809011,Parts,0.027,0.15,0.9,1.3
TapeTech,8-32 x 3/8 SOCKET HEAD SETSCREW,8090126,Parts,0.004,5,3,1
TapeTech,#8 MED SPRING LOCKWASHER,8090176,Parts,0.001,0.2,0.2,0.1
TapeTech,1/4--28 x 1/4 SOCKET C SETSCREW,8090246,Parts,0.002,0.25,0.25,0.25
TapeTech,CLEVIS PIN,809025,Parts,0.01,,,
TapeTech,O-RING -013 TAPETECH,809860,Parts,1,,,
TapeTech,SHORT CONNECTOR TAPETECH,810027,Parts,0.0375,0.1,0.25,10.5
TapeTech,SWIVEL AXLE TAPETECH,810028,Parts,0.1,,,
TapeTech,CONNECTOR PLATE  NOTCHED,811018,Parts,1,,,
TapeTech,Grip Adjuster Spring,819038,Parts,0.01,,,
TapeTech,GOOSENECK CLEANING BRUSH,857355,Parts,0.299,11,4,1
TapeTech,"RND VINYL CAP BLK 315 ID 2"" TAPETECH",859016,Parts,0.01,,,
TapeTech,EXTRA LONG GOOSENECK,85XLTT,Parts,1,,,
TapeTech,GOOSENECK SPACER,861014,Parts,0.002,0.2,0.6,0.6
TapeTech,"LINK, MASTER FOR BOXXTENDER HANDLE",880006F,Parts,0.01,0.3,1,1
TapeTech,Compression Spring,880028,Parts,0.01,,,
TapeTech,Lock Block,880053,Parts,0.006,1,0.02,0.2
TapeTech,TAPETECH STOP OVERTRAVEL LIMIT,880061,Parts,0,,,
TapeTech,REAR BRAKE LEVER TAPETECH,881005,Parts,0.1,,,
TapeTech,PROFILE EXTRUSION TAPETECH,882002,Parts,1,,,
TapeTech,LOCKING PIN,882013,Parts,0.003,0.5,0.25,0.25
TapeTech,LOCKING CLIP TAPETECH,882014,Parts,0.035,0.5,1.25,2
TapeTech,GUIDE PLUG TAPETECH,882016,Parts,0.017,,,
TapeTech,SPRING HOUSING TAPETECH,882039,Parts,0.08,4,1,1
TapeTech,HANDLE BRACKET TAPETECH,883003,Parts,0.0925,5,2,2
TapeTech,HANDLE BRACKET LEVER TAPETECH,883011,Parts,0.01,4,1,1
TapeTech,LIFTER FOR EXTENDER FLAT BOX HANDLE TAPETECH,883014,Parts,0.004,0.2,0.5,0.5
TapeTech,EXTRUSION INSERT TAPETECH,883020,Parts,1,,,
TapeTech,NS ADAPTER TAPETECH,883022,Parts,1,,,
TapeTech,5/32 DIA X 1-1/4 ROLL PIN TAPETECH,889009,Parts,0.004,1,0.1,0.1
TapeTech,6-32 X 3/8 HEX SOCKET CAPSCREW,8890156,Parts,0.01,0.35,0.35,0.35
TapeTech,1/4 X 1-1/4 SPRING PIN TAPETECH,889016,Parts,0.01,0.2,0.2,1
TapeTech,CONICAL SPRING,889017,Parts,0.002,0.5,0.1,0.5
TapeTech,"Lockwasher, Special",889027,Parts,0.02,0.2,1,1
TapeTech,6-32 x 1/4 PAN HEAD SCREW,889035,Parts,0.002,0.5,0.25,0.25
TapeTech,Nylon Spacer,889055,Parts,0.01,,,
TapeTech,5/32 X 7/8 SPRING PIN 18-8 S.S. TAPETECH,889057,Parts,0.01,,,
TapeTech,TAPETECH 10-32X3/4 HEX SOC CAP SCR SST,889062,Parts,0.009,0.25,0.25,0.75
TapeTech,PUMP WASH SYSTEM TAPETECH,950004,Parts,4.73125,5,3,7.5
TapeTech,SWITCH WASH SYSTEM TAPETECH,950006,Parts,0.038,0.5,1.5,7
TapeTech,INLET STRAINER - WASH SYSTEM TAPETECH,950009,Parts,0.0205,1.25,1.5,1.5
TapeTech,AUTOMATIC TAPER EXTENSION,ATX01TT,Parts,3.5625,48.5,4,4
TapeTech,MUD DOG BANJO SPRING TAPETECH,BAN006TT,Parts,0.013,,,
TapeTech,CFS TOOL CLEANING COUPLING,CFSTCC,Parts,1,,,
TapeTech,CORNICE HEAD 55MM TAPETECH,CH55TT,Parts,0.6025,7,6,5
TapeTech,CORNICE HEAD 75MM TAPETECH,CH75TT,Parts,1.04,10,7,6
TapeTech,CORNICE HEAD 83MM TAPETECH,CH83TT,Parts,0.767,6,5,5
TapeTech,CORNICE HEAD 90MM TAPETECH,CH90TT,Parts,0.818,5,7,5.5
TapeTech,CLEANING NOZZLE ADAPTER,CNATT,Parts,0.0725,6,3,1
TapeTech,CLEANING NOZZLE,CNTT,Parts,1,,,
TapeTech,COMPOUND TUBE FILLER ADAPTER,CTA01TT,Parts,1,,,
TapeTech,GOOSENECK RISER TAPETECH,GSRTT,Parts,1,,,
TapeTech,"6.5"" QUICKBOX QSX BLADES FLAT FINISHING",QB60035,Parts,0.004,7.25,0.24,0.5
TapeTech,"6.5"" QUICKBOX QSX BLADES CROWNED FINISHING",QB60235,Parts,0.0165,0.15,0.5,7.25
TapeTech,"6.5""  QUICKBOX QSX BLADE FOR EXTERIOR SEAM",QB60335,Parts,0.017,7.5,0.5,0.2
TapeTech,"6.5"" QUICKBOX QSX BLADE NOTCHED  ADHESIVES",QB60435,Parts,0.02,7,0.5,0.2
TapeTech,QUICKBOX QSX BLADES FLAT FINISHING TAPETECH,QB80035,Parts,0.05,9.25,0.5,0.25
TapeTech,QUICKBOX QSX BLADES CROWNED FINISHING TTECH,QB80235,Parts,0.2,,,
TapeTech,QUICKBOX QSX NOTCHED ADHESIVES TAPETECH,QB80435,Parts,0.171,13,4,0.25
TapeTech,QUICK CONNECT ADAPTER,QCATT,Parts,1,,,
TapeTech,TAPER CABLE REPAIR TOOL,RTTCTT,Parts,1,,,
TapeTech,TOOL CADDY,TC01TT,Parts,4.56,22,10.25,9.5
