sku,name,type,brand,categories,regular_price,sale_price,effective_price,cogs,map_price,gross_profit,current_gross_margin_pct,regular_gross_margin_pct,current_markup_pct,map_gross_margin_pct,comparison_target_margin_pct,target_margin_price,allowable_cost_at_current_price,cost_gap_vs_target,map_violation
3BH,Columbia 180° Grip Flat Box Handle - 3',variation,Columbia Tools,(Uncategorized),189.26,,189.26,127.21,189.26,62.05,32.79,32.79,48.78,32.79,30.00,181.73,132.48,-5.27,0
42BH,"Columbia 180° Grip Flat Box Handle - 42""",variation,Columbia Tools,(Uncategorized),205.49,,205.49,128.92,205.49,76.57,37.26,37.26,59.39,37.26,30.00,184.18,143.84,-14.92,0
4BH,Columbia 180° Grip Flat Box Handle - 4',variation,Columbia Tools,(Uncategorized),210.89,,210.89,130.59,210.89,80.30,38.08,38.08,61.49,38.08,30.00,186.56,147.62,-17.03,0
5BH,Columbia 180° Grip Flat Box Handle - 5',variation,Columbia Tools,(Uncategorized),221.71,,221.71,132.32,221.71,89.39,40.32,40.32,67.56,40.32,30.00,189.03,155.20,-22.88,0
6BH,Columbia 180° Grip Flat Box Handle - 6',variation,Columbia Tools,(Uncategorized),232.52,,232.52,134.04,232.52,98.48,42.35,42.35,73.47,42.35,30.00,191.49,162.76,-28.72,0
2AH,"Columbia Angle Head - 2""",variation,Columbia Tools,(Uncategorized),410.97,,410.97,268.93,410.97,142.04,34.56,34.56,52.82,34.56,30.00,384.19,287.68,-18.75,0
2.5AH,"Columbia Angle Head - 2.5""",variation,Columbia Tools,(Uncategorized),421.79,,421.79,277.45,421.79,144.34,34.22,34.22,52.02,34.22,30.00,396.36,295.25,-17.80,0
3AH,"Columbia Angle Head - 3""",variation,Columbia Tools,(Uncategorized),443.42,,443.42,285.99,443.42,157.43,35.50,35.50,55.05,35.50,30.00,408.56,310.39,-24.40,0
3.5AH,"Columbia Angle Head - 3.5""",variation,Columbia Tools,(Uncategorized),457.35,,457.35,320.14,454.23,137.21,30.00,30.00,42.86,29.52,30.00,457.35,320.14,0.00,0
8FBBA,"Columbia Automatic Fat Boy Box - 8""",variation,Columbia Tools,(Uncategorized),481.27,,481.27,313.52,481.27,167.75,34.86,34.86,53.51,34.86,30.00,447.89,336.89,-23.37,0
10FBBA,"Columbia Automatic Fat Boy Box - 10""",variation,Columbia Tools,(Uncategorized),492.08,,492.08,317.93,492.08,174.15,35.39,35.39,54.78,35.39,30.00,454.19,344.46,-26.53,0
12FBBA,"Columbia Automatic Fat Boy Box - 12""",variation,Columbia Tools,(Uncategorized),502.90,,502.90,324.25,502.90,178.65,35.52,35.52,55.10,35.52,30.00,463.22,352.03,-27.78,0
8FFBA,"Columbia Automatic Flat Box - 8""",variation,Columbia Tools,(Uncategorized),421.79,,421.79,281.39,421.79,140.40,33.29,33.29,49.90,33.29,30.00,401.99,295.25,-13.86,0
10FFBA,"Columbia Automatic Flat Box - 10""",variation,Columbia Tools,(Uncategorized),427.19,,427.19,283.00,427.19,144.19,33.75,33.75,50.95,33.75,30.00,404.29,299.03,-16.03,0
12FFBA,"Columbia Automatic Flat Box - 12""",variation,Columbia Tools,(Uncategorized),432.60,,432.60,287.07,432.60,145.53,33.64,33.64,50.69,33.64,30.00,410.10,302.82,-15.75,0
14FFBA,"Columbia Automatic Flat Box - 14""",variation,Columbia Tools,(Uncategorized),438.01,,438.01,289.14,438.01,148.87,33.99,33.99,51.49,33.99,30.00,413.06,306.61,-17.47,0
STAPER,Columbia Automatic Taper - Sawed Off 39 in.,variation,Columbia Tools,(Uncategorized),1683.00,,1683.00,1166.49,1649.29,516.51,30.69,30.69,44.28,29.27,30.00,1666.42,1178.10,-11.61,0
TAPER,Columbia Automatic Taper - Standard 53 in.,variation,Columbia Tools,(Uncategorized),1683.00,,1683.00,1166.49,1649.29,516.51,30.69,30.69,44.28,29.27,30.00,1666.42,1178.10,-11.61,0
PTAPER,Columbia One Predator Taper,simple,Columbia Tools,Drywall Finishing Tools > Automatic Taping Tools > Automatic Tapers,1838.55,,1838.55,1458.91,,379.64,20.65,20.65,26.02,,30.00,2084.16,1286.98,171.93,0
ICA2-1,"Columbia Billet Mud Applicator - Inside Corner - 2 Wheels - 1""",variation,Columbia Tools,(Uncategorized),68.13,,68.13,39.41,68.13,28.72,42.15,42.15,72.87,42.15,30.00,56.30,47.69,-8.28,0
ICA4-1,"Columbia Billet Mud Applicator - Inside Corner - 4 Wheels - 1""",variation,Columbia Tools,(Uncategorized),85.44,,85.44,50.51,85.44,34.93,40.88,40.88,69.15,40.88,30.00,72.16,59.81,-9.30,0
ICATW,Columbia Billet Mud Applicator - Two-Way Internal Corner - 4 Wheels,variation,Columbia Tools,(Uncategorized),116.80,,116.80,66.51,116.80,50.29,43.06,43.06,75.61,43.06,30.00,95.02,81.76,-15.25,0
CEXT90,Columbia Billet Mud Applicator - External 90,variation,Columbia Tools,(Uncategorized),127.62,,127.62,78.82,127.62,48.80,38.24,38.24,61.91,38.24,30.00,112.60,89.33,-10.51,0
CFLT,Columbia Billet Mud Applicator - Flat,variation,Columbia Tools,(Uncategorized),91.93,,91.93,48.04,91.93,43.89,47.74,47.74,91.36,47.74,30.00,68.63,64.35,-16.31,0
BF,Columbia Box Filler - Standard,variation,Columbia Tools,(Uncategorized),75.71,,75.71,41.82,75.71,33.89,44.76,44.76,81.04,44.76,30.00,59.75,53.00,-11.18,0
TBBF,Columbia Box Filler - Tall Boy,variation,Columbia Tools,(Uncategorized),75.71,,75.71,41.82,75.71,33.89,44.76,44.76,81.04,44.76,30.00,59.75,53.00,-11.18,0
CLT24,"Columbia Cam Lock Tube - 24""",variation,Columbia Tools,(Uncategorized),270.95,,270.95,189.66,257.40,81.29,30.00,30.00,42.86,26.32,30.00,270.95,189.66,0.00,0
CLT32,"Columbia Cam Lock Tube - 32""",variation,Columbia Tools,(Uncategorized),279.72,,279.72,195.80,268.21,83.92,30.00,30.00,42.86,27.00,30.00,279.72,195.80,0.00,0
CLT42,"Columbia Cam Lock Tube - 42""",variation,Columbia Tools,(Uncategorized),297.33,,297.33,208.13,280.11,89.20,30.00,30.00,42.86,25.70,30.00,297.33,208.13,0.00,0
CLT55,"Columbia Cam Lock Tube - 55""",variation,Columbia Tools,(Uncategorized),307.89,,307.89,215.52,278.10,92.37,30.00,30.00,42.86,22.50,30.00,307.89,215.52,0.00,0
2.5CSF,"Columbia Combo Flusher - 2.5""",variation,Columbia Tools,(Uncategorized),167.16,,167.16,117.01,163.31,50.15,30.00,30.00,42.86,28.35,30.00,167.16,117.01,0.00,0
3CSF,"Columbia Combo Flusher - 3""",variation,Columbia Tools,(Uncategorized),172.42,,172.42,120.69,168.71,51.73,30.00,30.00,42.86,28.46,30.00,172.42,120.69,0.00,0
3WTCSF,"Columbia Combo Flusher - 3"" Widetrack",variation,Columbia Tools,(Uncategorized),122.51,,122.51,,,,,,,,30.00,,85.76,,0
3.5CSF,"Columbia Combo Flusher - 3.5""",variation,Columbia Tools,(Uncategorized),181.99,,181.99,124.38,181.69,57.61,31.66,31.66,46.32,31.54,30.00,177.69,127.39,-3.01,0
CMT24,"Columbia Compound Tube - 24""",variation,Columbia Tools,(Uncategorized),197.91,,197.91,128.07,197.91,69.84,35.29,35.29,54.53,35.29,30.00,182.96,138.54,-10.47,0
CMT32,"Columbia Compound Tube - 32""",variation,Columbia Tools,(Uncategorized),208.73,,208.73,134.24,208.73,74.49,35.69,35.69,55.49,35.69,30.00,191.78,146.11,-11.87,0
CMT42,"Columbia Compound Tube - 42""",variation,Columbia Tools,(Uncategorized),221.71,,221.71,146.56,221.71,75.15,33.90,33.90,51.28,33.90,30.00,209.38,155.20,-8.64,0
CMT55,"Columbia Compound Tube - 55""",variation,Columbia Tools,(Uncategorized),232.52,,232.52,153.95,232.52,78.57,33.79,33.79,51.04,33.79,30.00,219.93,162.76,-8.81,0
2.5DF,"Columbia Direct Flusher - 2.5""",variation,Columbia Tools,(Uncategorized),127.62,,127.62,76.37,127.62,51.25,40.16,40.16,67.11,40.16,30.00,109.10,89.33,-12.96,0
3DF,"Columbia Direct Flusher - 3""",variation,Columbia Tools,(Uncategorized),133.02,,133.02,78.82,133.02,54.20,40.75,40.75,68.76,40.75,30.00,112.60,93.11,-14.29,0
3WTDF,"Columbia Direct Flusher - 3"" Widetrack",variation,Columbia Tools,(Uncategorized),140.60,,140.60,81.28,140.60,59.32,42.19,42.19,72.98,42.19,30.00,116.12,98.42,-17.14,0
3.5DF,"Columbia Direct Flusher - 3.5""",variation,Columbia Tools,(Uncategorized),146.00,,146.00,83.75,146.00,62.25,42.64,42.64,74.33,42.64,30.00,119.65,102.20,-18.45,0
4DF,"Columbia Direct Flusher - 4""",variation,Columbia Tools,(Uncategorized),151.41,,151.41,,151.41,,,,,,30.00,,105.99,,0
5.5FBB,"Columbia Fat Boy Flat Box - 5.5""",variation,Columbia Tools,(Uncategorized),189.95,,189.95,269.07,,-79.12,-41.65,-41.65,-29.40,,30.00,384.39,132.96,136.11,0
8FBB,"Columbia Fat Boy Flat Box - 8""",variation,Columbia Tools,(Uncategorized),443.42,,443.42,285.99,443.42,157.43,35.50,35.50,55.05,35.50,30.00,408.56,310.39,-24.40,0
10FBB,"Columbia Fat Boy Flat Box - 10""",variation,Columbia Tools,(Uncategorized),454.23,,454.23,294.51,454.23,159.72,35.16,35.16,54.23,35.16,30.00,420.73,317.96,-23.45,0
12FBB,"Columbia Fat Boy Flat Box - 12""",variation,Columbia Tools,(Uncategorized),465.05,,465.05,303.46,465.05,161.59,34.75,34.75,53.25,34.75,30.00,433.52,325.54,-22.08,0
5.5FFB,"Columbia Flat Finisher Box - 5.5""",variation,Columbia Tools,(Uncategorized),367.71,,367.71,252.99,367.71,114.72,31.20,31.20,45.35,31.20,30.00,361.42,257.40,-4.41,0
7FFB,"Columbia Flat Finisher Box - 7""",variation,Columbia Tools,(Uncategorized),378.53,,378.53,255.24,378.53,123.29,32.57,32.57,48.30,32.57,30.00,364.63,264.97,-9.73,0
8FFB,"Columbia Flat Finisher Box - 8""",variation,Columbia Tools,(Uncategorized),389.34,,389.34,256.12,389.34,133.22,34.22,34.22,52.01,34.22,30.00,365.89,272.54,-16.42,0
10FFB,"Columbia Flat Finisher Box - 10""",variation,Columbia Tools,(Uncategorized),400.16,,400.16,257.82,400.16,142.34,35.57,35.57,55.21,35.57,30.00,368.32,280.11,-22.29,0
12FFB,"Columbia Flat Finisher Box - 12""",variation,Columbia Tools,(Uncategorized),410.97,,410.97,262.08,410.97,148.89,36.23,36.23,56.81,36.23,30.00,374.40,287.68,-25.60,0
14FFB,"Columbia Flat Finisher Box - 14""",variation,Columbia Tools,(Uncategorized),421.79,,421.79,264.05,421.79,157.74,37.40,37.40,59.74,37.40,30.00,377.22,295.25,-31.20,0
GN,Columbia Gooseneck - Standard,variation,Columbia Tools,(Uncategorized),86.00,,86.00,68.28,,17.72,20.60,20.60,25.95,,30.00,97.55,60.20,8.08,0
TBGN,Columbia Gooseneck - Tall Boy,variation,Columbia Tools,(Uncategorized),146.00,,146.00,99.00,146.00,47.00,32.19,32.19,47.47,32.19,30.00,141.43,102.20,-3.20,0
HMP,Columbia Hot Mud Pump - Standard,variation,Columbia Tools,(Uncategorized),410.97,,410.97,277.45,410.97,133.52,32.49,32.49,48.12,32.49,30.00,396.36,287.68,-10.23,0
TBMP,Columbia Hot Mud Pump - Tall Boy,variation,Columbia Tools,(Uncategorized),524.60,,524.60,367.22,492.08,157.38,30.00,30.00,42.86,25.37,30.00,524.60,367.22,0.00,0
HMP-C,Columbia Hot Mud Pump - CDN,variation,Columbia Tools,(Uncategorized),380.00,,380.00,,,,,,,,30.00,,266.00,,0
MHS,"Columbia Matrix Flat Box Handle - 29""-39""",variation,Columbia Tools,(Uncategorized),375.00,,375.00,221.07,340.67,153.93,41.05,41.05,69.63,35.11,30.00,315.82,262.50,-41.43,0
MH,"Columbia Matrix Flat Box Handle - 40""-60""",variation,Columbia Tools,(Uncategorized),409.00,,409.00,232.76,351.49,176.24,43.09,43.09,75.72,33.78,30.00,332.52,286.30,-53.54,0
MHL,"Columbia Matrix Flat Box Handle - 56""-76""",variation,Columbia Tools,(Uncategorized),495.00,,495.00,256.15,373.12,238.85,48.25,48.25,93.25,31.35,30.00,365.93,346.50,-90.35,0
2NS,"Columbia Nail Spotter - 2""",variation,Columbia Tools,(Uncategorized),324.00,,324.00,189.80,297.41,134.20,41.42,41.42,70.71,36.18,30.00,271.15,226.80,-37.00,0
3NS,"Columbia Nail Spotter - 3""",variation,Columbia Tools,(Uncategorized),324.00,,324.00,198.35,308.23,125.65,38.78,38.78,63.35,35.65,30.00,283.36,226.80,-28.45,0
C1HEXT,Columbia One Handle - Extendable 3'-5',variation,Columbia Tools,(Uncategorized),135.19,,135.19,92.10,135.19,43.09,31.87,31.87,46.79,31.87,30.00,131.58,94.63,-2.53,0
CHXL,Columbia One Handle - Long Extendable 4'-8',variation,Columbia Tools,(Uncategorized),173.04,,173.04,118.65,173.04,54.39,31.43,31.43,45.84,31.43,30.00,169.50,121.13,-2.48,0
C1HS,Columbia One Handle - Stubby,variation,Columbia Tools,(Uncategorized),49.44,,49.44,,49.44,,,,,,30.00,,34.61,,0
C1H,Columbia One Handle - Fixed,variation,Columbia Tools,(Uncategorized),64.89,,64.89,27.90,64.89,36.99,57.00,57.00,132.58,57.00,30.00,39.86,45.42,-17.52,0
COBCR,Columbia Outside Corner Roller - Standard,variation,Columbia Tools,(Uncategorized),86.52,,86.52,52.97,86.52,33.55,38.78,38.78,63.34,38.78,30.00,75.68,60.56,-7.59,0
CBNCR,Columbia Outside Corner Roller - Bullnose,variation,Columbia Tools,(Uncategorized),86.52,,86.52,55.12,86.52,31.40,36.29,36.29,56.97,36.29,30.00,78.75,60.56,-5.44,0
COBCRE,Columbia Outside Corner Roller - European,variation,Columbia Tools,(Uncategorized),1.00,,1.00,,,,,,,,30.00,,0.70,,0
COBCRW,Columbia Outside Corner Roller - Wide,variation,Columbia Tools,(Uncategorized),86.52,,86.52,55.12,86.52,31.40,36.29,36.29,56.97,36.29,30.00,78.75,60.56,-5.44,0
PMHS,"Columbia Predator Matrix Handle - Short 29""-39""",variation,Columbia Tools,(Uncategorized),384.00,,384.00,250.07,379.28,133.93,34.88,34.88,53.56,34.07,30.00,357.25,268.80,-18.73,0
PMH,"Columbia Predator Matrix Handle - 40""-60""",variation,Columbia Tools,(Uncategorized),418.00,,418.00,256.05,388.34,161.95,38.74,38.74,63.25,34.07,30.00,365.79,292.60,-36.55,0
PMHL,"Columbia Predator Matrix Handle - Long 56""-76""",variation,Columbia Tools,(Uncategorized),503.00,,503.00,285.59,433.14,217.41,43.22,43.22,76.13,34.07,30.00,407.99,352.10,-66.51,0
PC1HEXT,Columbia Predator One Handle - Extendable 3'-5',variation,Columbia Tools,(Uncategorized),164.85,,164.85,115.39,160.27,49.46,30.00,30.00,42.86,28.00,30.00,164.85,115.40,-0.01,0
PC1H,Columbia Predator One Handle - 4' Fixed,variation,Columbia Tools,(Uncategorized),95.79,,95.79,57.33,95.79,38.46,40.15,40.15,67.09,40.15,30.00,81.90,67.05,-9.72,0
PCHXL,Columbia Predator One Handle - Long Extendable 4'-8',variation,Columbia Tools,(Uncategorized),216.15,,216.15,142.51,216.15,73.64,34.07,34.07,51.67,34.07,30.00,203.59,151.30,-8.79,0
2.5SF,"Columbia Standard Flusher - 2.5""",variation,Columbia Tools,(Uncategorized),116.80,,116.80,70.20,116.80,46.60,39.90,39.90,66.38,39.90,30.00,100.29,81.76,-11.56,0
3SF,"Columbia Standard Flusher - 3""",variation,Columbia Tools,(Uncategorized),122.21,,122.21,73.91,122.21,48.30,39.52,39.52,65.35,39.52,30.00,105.59,85.55,-11.64,0
3WTSF,"Columbia Standard Flusher - 3"" Widetrack",variation,Columbia Tools,(Uncategorized),127.62,,127.62,75.12,127.62,52.50,41.14,41.14,69.89,41.14,30.00,107.32,89.33,-14.21,0
3.5SF,"Columbia Standard Flusher - 3.5""",variation,Columbia Tools,(Uncategorized),133.02,,133.02,77.59,133.02,55.43,41.67,41.67,71.44,41.67,30.00,110.85,93.11,-15.52,0
4SF,"Columbia Standard Flusher - 4""",variation,Columbia Tools,(Uncategorized),140.60,,140.60,,140.60,,,,,,30.00,,98.42,,0
7CFB,"Columbia Throttle Corner Flusher Box - 7""",variation,Columbia Tools,(Uncategorized),313.64,,313.64,210.29,313.64,103.35,32.95,32.95,49.15,32.95,30.00,300.42,219.55,-9.26,0
8CFB,"Columbia Throttle Corner Flusher Box - 8""",variation,Columbia Tools,(Uncategorized),324.82,,324.82,227.37,324.45,97.45,30.00,30.00,42.86,29.92,30.00,324.82,227.37,0.00,0
TCS,Columbia Tool Case - Gun Case,variation,Columbia Tools,(Uncategorized),201.88,,201.88,138.38,201.88,63.50,31.45,31.45,45.89,31.45,30.00,197.69,141.32,-2.94,0
RC,Columbia Tool Case - Road Case,variation,Columbia Tools,(Uncategorized),1020.16,,1020.16,658.08,1020.16,362.08,35.49,35.49,55.02,35.49,30.00,940.12,714.11,-56.03,0
FMH,Columbia UHMW Mud Applicator - L-Trim,variation,Columbia Tools,(Uncategorized),98.00,,98.00,60.09,91.93,37.91,38.68,38.68,63.09,34.64,30.00,85.85,68.60,-8.51,0
IA90,Columbia UHMW Mud Applicator - Inside 90°,variation,Columbia Tools,(Uncategorized),98.00,,98.00,60.09,91.93,37.91,38.68,38.68,63.09,34.64,30.00,85.85,68.60,-8.51,0
OA90,Columbia UHMW Mud Applicator - Outside 90°,variation,Columbia Tools,(Uncategorized),98.00,,98.00,60.09,91.93,37.91,38.68,38.68,63.09,34.64,30.00,85.85,68.60,-8.51,0
OA90-325,Columbia UHMW Mud Applicator - Outside 90° 325,variation,Columbia Tools,(Uncategorized),91.93,,91.93,,91.93,,,,,,30.00,,64.35,,0
SACS,Columbia Commando Set,simple,Columbia Tools,Drywall Finishing Tools > Automatic Taping Tools > Automatic Taping Tool Sets,1157.93,,1157.93,718.35,1157.93,439.58,37.96,37.96,61.19,37.96,30.00,1026.22,810.55,-92.20,0
CPFP,Columbia PowerFill 3.5 Pro Series Cordless Loading Pump,simple,Columbia Tools,Drywall Finishing Tools > Automatic Taping Tools > Loading Pumps,1473.00,,1473.00,990.71,1249.00,482.29,32.74,32.74,48.68,20.68,30.00,1415.30,1031.10,-40.39,0
CPFGN,Columbia Powerfill 5 Gallon Taper Gooseneck Fill Tube,simple,Columbia Tools,Drywall Finishing Tools > Automatic Taping Tools > Goosenecks,275.00,,275.00,160.99,185.00,114.01,41.46,41.46,70.82,12.98,30.00,229.99,192.50,-31.51,0
FA280,#10 Belleville Washer,simple,Columbia Tools,Drywall Finishing Tools > Parts,1.00,,1.00,0.32,,0.68,68.00,68.00,212.50,,30.00,0.46,0.70,-0.38,0
FA268,#10 Flat Washer,simple,Columbia Tools,Drywall Finishing Tools > Parts,2.25,,2.25,0.32,,1.93,85.78,85.78,603.12,,30.00,0.46,1.58,-1.26,0
FA270,"#10 x 3/4"" Fender Washer",simple,Columbia Tools,Drywall Finishing Tools > Parts,2.50,,2.50,0.89,,1.61,64.40,64.40,180.90,,30.00,1.28,1.75,-0.86,0
FA228,#6 Flat Washer,simple,Columbia Tools,Drywall Finishing Tools > Parts,1.00,,1.00,,,,,,,,30.00,,0.70,,0
FA229,#6 Lock Washer,simple,Columbia Tools,Drywall Finishing Tools > Parts,1.00,,1.00,,,,,,,,30.00,,0.70,,0
FA230,#6 Star Washer,simple,Columbia Tools,Drywall Finishing Tools > Parts,1.00,,1.00,,,,,,,,30.00,,0.70,,0
FA253,#8 Flat Washer,simple,Columbia Tools,Drywall Finishing Tools > Parts,1.85,,1.85,0.32,,1.53,82.70,82.70,478.12,,30.00,0.46,1.30,-0.98,0
FA252,#8 Star Washer,simple,Columbia Tools,Drywall Finishing Tools > Parts,2.05,,2.05,0.32,,1.73,84.39,84.39,540.62,,30.00,0.46,1.44,-1.12,0
FA202,"1/16 X 1/2"" Cotter Pin",simple,Columbia Tools,Drywall Finishing Tools > Parts,1.00,,1.00,,,,,,,,30.00,,0.70,,0
FA200,"1/16 x 1/4"" Split Pin",simple,Columbia Tools,Drywall Finishing Tools > Parts,1.00,,1.00,,,,,,,,30.00,,0.70,,0
FA203,"1/16 x 3/4"" Cotter Pin",simple,Columbia Tools,Drywall Finishing Tools > Parts,1.00,,1.00,,,,,,,,30.00,,0.70,,0
FA3,"1/2"" x 7/8"" Flat Washer",simple,Columbia Tools,Drywall Finishing Tools > Parts,2.50,,2.50,0.89,,1.61,64.40,64.40,180.90,,30.00,1.28,1.75,-0.86,0
CT109,1/4 - 20 Hex Nut,simple,Columbia Tools,Drywall Finishing Tools > Parts,6.00,,6.00,2.72,,3.28,54.67,54.67,120.59,,30.00,3.89,4.20,-1.48,0
FA296,"1/4 -20 x 1/2"" Hex Bolt",simple,Columbia Tools,Drywall Finishing Tools > Parts,3.35,,3.35,0.41,,2.94,87.76,87.76,717.07,,30.00,0.59,2.34,-1.93,0
FA295,"1/4 x 1/2"" Flathead Socket",simple,Columbia Tools,Drywall Finishing Tools > Parts,3.45,,3.45,0.32,,3.13,90.72,90.72,978.12,,30.00,0.46,2.42,-2.10,0
FA379,"1/4"" SS E-Clip",simple,Columbia Tools,Drywall Finishing Tools > Parts,3.25,,3.25,1.71,,1.54,47.38,47.38,90.06,,30.00,2.45,2.28,-0.57,0
FA286,"1/4"" x 1/2"" Flat Washer",simple,Columbia Tools,Drywall Finishing Tools > Parts,1.00,,1.00,,,,,,,,30.00,,0.70,,0
FA288,"1/4"" X 3/4"" Split Pin",simple,Columbia Tools,Drywall Finishing Tools > Parts,2.25,,2.25,,,,,,,,30.00,,1.58,,0
FA291,1/4-20 Hex Nut,simple,Columbia Tools,Drywall Finishing Tools > Parts,2.00,,2.00,,,,,,,,30.00,,1.40,,0
FA299,"1/4-20 x 1 1/2"" Pan Phillips",simple,Columbia Tools,Drywall Finishing Tools > Parts,4.00,,4.00,,,,,,,,30.00,,2.80,,0
FA313,1/4-20 X 1/4 Socket Head Set Screw,simple,Columbia Tools,Drywall Finishing Tools > Parts,2.00,,2.00,,,,,,,,30.00,,1.40,,0
FA301,"1/4-20 x 2 1/4"" Hex Bolt",simple,Columbia Tools,Drywall Finishing Tools > Parts,3.00,,3.00,,,,,,,,30.00,,2.10,,0
FA300,"1/4-20 x 2"" Hex Bolt",simple,Columbia Tools,Drywall Finishing Tools > Parts,4.25,,4.25,1.63,,2.62,61.65,61.65,160.74,,30.00,2.33,2.98,-1.35,0
FA294,"1/4-20 x 38"" Socket",simple,Columbia Tools,Drywall Finishing Tools > Parts,3.25,,3.25,1.21,,2.04,62.77,62.77,168.60,,30.00,1.73,2.28,-1.07,0
FA297,"1/4-20 x 5/8"" Socket",simple,Columbia Tools,Drywall Finishing Tools > Parts,2.00,,2.00,,,,,,,,30.00,,1.40,,0
FA298,"1/4-20 x 7/8"" Flat Socket",simple,Columbia Tools,Drywall Finishing Tools > Parts,2.85,,2.85,0.32,,2.53,88.77,88.77,790.62,,30.00,0.46,2.00,-1.68,0
FA302,"1/4-28 x 1/4"" Set Screw",simple,Columbia Tools,Drywall Finishing Tools > Parts,3.85,,3.85,0.89,,2.96,76.88,76.88,332.58,,30.00,1.28,2.70,-1.81,0
FA320,"1/4-28-3/8"" Socket Set Screw",simple,Columbia Tools,Drywall Finishing Tools > Parts,2.00,,2.00,,,,,,,,30.00,,1.40,,0
HFFB14-8,"Flat Box Hinged Door Gasket - 8""",variation,Columbia Tools,(Uncategorized),16.50,,16.50,,,,,,,,30.00,,11.55,,0
HFFB14-10,"Flat Box Hinged Door Gasket - 10""",variation,Columbia Tools,(Uncategorized),42.00,,42.00,,,,,,,,30.00,,29.40,,0
HFFB14-12,"Flat Box Hinged Door Gasket - 12""",variation,Columbia Tools,(Uncategorized),42.00,,42.00,,,,,,,,30.00,,29.40,,0
HFFB14-14,"Flat Box Hinged Door Gasket - 14""",variation,Columbia Tools,(Uncategorized),42.00,,42.00,,,,,,,,30.00,,29.40,,0
FFB25-10,"Rubber Gasket Retainer - 10""",variation,Columbia Tools,(Uncategorized),24.95,,24.95,,,,,,,,30.00,,17.46,,0
FFB25-12,"Rubber Gasket Retainer - 12""",variation,Columbia Tools,(Uncategorized),28.50,,28.50,,,,,,,,30.00,,19.95,,0
AH3-2,"Top Blade - 2""",variation,Columbia Tools,(Uncategorized),38.95,,38.95,18.72,,20.23,51.94,51.94,108.07,,30.00,26.75,27.26,-8.54,0
AH3-2.5,"Top Blade - 2.5""",variation,Columbia Tools,(Uncategorized),25.00,,25.00,18.72,,6.28,25.12,25.12,33.55,,30.00,26.75,17.50,1.22,0
AH3-3,"Top Blade - 3""",variation,Columbia Tools,(Uncategorized),44.95,,44.95,18.72,,26.23,58.35,58.35,140.12,,30.00,26.75,31.46,-12.74,0
AH3-3.5,"Top Blade - 3.5""",variation,Columbia Tools,(Uncategorized),25.00,,25.00,18.72,,6.28,25.12,25.12,33.55,,30.00,26.75,17.50,1.22,0
FA380,"1/8"" SS E-Clip",simple,Columbia Tools,Drywall Finishing Tools > Parts,2.95,,2.95,1.71,,1.24,42.03,42.03,72.51,,30.00,2.45,2.06,-0.35,0
FA225,"1/8"" x 3/8"" Rivet Shoulder Washer",simple,Columbia Tools,Drywall Finishing Tools > Parts,2.05,,2.05,0.89,,1.16,56.59,56.59,130.34,,30.00,1.28,1.44,-0.55,0
FA224,"1/8"" x 3/8"" Split Pin",simple,Columbia Tools,Drywall Finishing Tools > Parts,1.95,,1.95,0.48,,1.47,75.38,75.38,306.25,,30.00,0.69,1.36,-0.88,0
FA271,10-24 Nyloc Nut,simple,Columbia Tools,Drywall Finishing Tools > Parts,2.00,,2.00,,,,,,,,30.00,,1.40,,0
FA272,10-24 Wing Nut,simple,Columbia Tools,Drywall Finishing Tools > Parts,2.00,,2.00,,,,,,,,30.00,,1.40,,0
FA273,"10-24 x 1"" Hex Bolt",simple,Columbia Tools,Drywall Finishing Tools > Parts,3.25,,3.25,0.89,,2.36,72.62,72.62,265.17,,30.00,1.28,2.28,-1.39,0
FA312,"10-24 X 1/4"" Socket Hand Set",simple,Columbia Tools,Drywall Finishing Tools > Parts,2.85,,2.85,0.89,,1.96,68.77,68.77,220.22,,30.00,1.28,2.00,-1.11,0
FA274,"10-24 x 3/8"" Socket",simple,Columbia Tools,Drywall Finishing Tools > Parts,2.65,,2.65,1.21,,1.44,54.34,54.34,119.01,,30.00,1.73,1.86,-0.65,0
FA275,"10-24 x 7/8"" Hex Bolt",simple,Columbia Tools,Drywall Finishing Tools > Parts,3.15,,3.15,0.89,,2.26,71.75,71.75,253.93,,30.00,1.28,2.20,-1.31,0
FA276,"10-24 x 7/8"" Pan Slot",simple,Columbia Tools,Drywall Finishing Tools > Parts,3.35,,3.35,0.32,,3.03,90.45,90.45,946.88,,30.00,0.46,2.34,-2.02,0
FA316,"10-32 X 1/2"" Flat Socket Head",simple,Columbia Tools,Drywall Finishing Tools > Parts,2.00,,2.00,,,,,,,,30.00,,1.40,,0
FA382,"10-32 x 1/4"" SS Set Screw",simple,Columbia Tools,Drywall Finishing Tools > Parts,1.00,,1.00,,,,,,,,30.00,,0.70,,0
FA199,"2-56 x 3/16"" Binder Slot",simple,Columbia Tools,Drywall Finishing Tools > Parts,1.00,,1.00,,,,,,,,30.00,,0.70,,0
FA365,"3/16 x 1"" Sping Pin SS",simple,Columbia Tools,Drywall Finishing Tools > Parts,3.00,,3.00,,,,,,,,30.00,,2.10,,0
FA206,4-40 Hex Nut,simple,Columbia Tools,Drywall Finishing Tools > Parts,2.00,,2.00,,,,,,,,30.00,,1.40,,0
FA207,4-40 Nyloc Nut,simple,Columbia Tools,Drywall Finishing Tools > Parts,2.50,,2.50,,,,,,,,30.00,,1.75,,0
FA219,"4-40 x 1/2"" Fillister Slot",simple,Columbia Tools,Drywall Finishing Tools > Parts,1.00,,1.00,,,,,,,,30.00,,0.70,,0
FA213,"4-40 x 1/4"" Binder Slot",simple,Columbia Tools,Drywall Finishing Tools > Parts,1.00,,1.00,,,,,,,,30.00,,0.70,,0
FA214,"4-40 x 1/4"" Flat Slot",simple,Columbia Tools,Drywall Finishing Tools > Parts,1.00,,1.00,,,,,,,,30.00,,0.70,,0
FA2,"4-40 x 1/8"" Binder Slot",simple,Columbia Tools,Drywall Finishing Tools > Parts,1.65,,1.65,0.32,,1.33,80.61,80.61,415.62,,30.00,0.46,1.16,-0.84,0
FA210,"4-40 x 3/16"" Binder Slot",simple,Columbia Tools,Drywall Finishing Tools > Parts,1.00,,1.00,,,,,,,,30.00,,0.70,,0
FA212,"4-40 x 3/16"" Truss Slot",simple,Columbia Tools,Drywall Finishing Tools > Parts,1.00,,1.00,,,,,,,,30.00,,0.70,,0
FA220,"4-40 x 3/4"" Hex Bolt",simple,Columbia Tools,Drywall Finishing Tools > Parts,2.35,,2.35,0.32,,2.03,86.38,86.38,634.38,,30.00,0.46,1.64,-1.32,0
FA218,"4-40 x 3/8"" Flat Slot",simple,Columbia Tools,Drywall Finishing Tools > Parts,1.00,,1.00,,,,,,,,30.00,,0.70,,0
FA216,4-40 X 3/8” Fillister Slot,simple,Columbia Tools,Drywall Finishing Tools > Parts,2.00,,2.00,,,,,,,,30.00,,1.40,,0
FA215,"4-40 x 5/16"" Binder Slot",simple,Columbia Tools,Drywall Finishing Tools > Parts,1.95,,1.95,0.32,,1.63,83.59,83.59,509.38,,30.00,0.46,1.36,-1.04,0
FA303,5-16 Flat Washer,simple,Columbia Tools,Drywall Finishing Tools > Parts,3.00,,3.00,,,,,,,,30.00,,2.10,,0
FA307,5-16 x 24 Jam Nut,simple,Columbia Tools,Drywall Finishing Tools > Parts,3.00,,3.00,,,,,,,,30.00,,2.10,,0
FA305,"5/16 -18 x 3/4"" Hex Bolt",simple,Columbia Tools,Drywall Finishing Tools > Parts,4.15,,4.15,1.63,,2.52,60.72,60.72,154.60,,30.00,2.33,2.90,-1.27,0
FA306,"5/16-18 x 1 1/4"" Hex Bolt",simple,Columbia Tools,Drywall Finishing Tools > Parts,3.45,,3.45,1.63,,1.82,52.75,52.75,111.66,,30.00,2.33,2.42,-0.79,0
CFB10,"5/16-18 x 3/4"" Thumb Screw",simple,Columbia Tools,Drywall Finishing Tools > Parts,6.00,,6.00,,,,,,,,30.00,,4.20,,0
FA317,"5/32"" x 7/8"" Roll Pin",simple,Columbia Tools,Drywall Finishing Tools > Parts,2.00,,2.00,,,,,,,,30.00,,1.40,,0
FA232,6-32 Hex Nut,simple,Columbia Tools,Drywall Finishing Tools > Parts,1.75,,1.75,0.89,,0.86,49.14,49.14,96.63,,30.00,1.28,1.22,-0.33,0
FA234,6-32 Nyloc Jam Nut,simple,Columbia Tools,Drywall Finishing Tools > Parts,2.65,,2.65,0.79,,1.86,70.19,70.19,235.44,,30.00,1.13,1.86,-1.07,0
FA233,6-32 Nyloc Nut,simple,Columbia Tools,Drywall Finishing Tools > Parts,2.00,,2.00,,,,,,,,30.00,,1.40,,0
FA245,"6-32 x 1/2"" Fillister Slot",simple,Columbia Tools,Drywall Finishing Tools > Parts,2.15,,2.15,0.41,,1.74,80.93,80.93,424.39,,30.00,0.59,1.50,-1.09,0
FA244,"6-32 x 1/2"" Pan Slot",simple,Columbia Tools,Drywall Finishing Tools > Parts,1.00,,1.00,,,,,,,,30.00,,0.70,,0
FFB11-8,"Adjuster Spring - 8""",variation,Columbia Tools,(Uncategorized),8.00,,8.00,,,,,,,,30.00,,5.60,,0
FFB11-10,"Adjuster Spring - 10""",variation,Columbia Tools,(Uncategorized),8.00,,8.00,,,,,,,,30.00,,5.60,,0
FFB11-12,"Adjuster Spring - 12""",variation,Columbia Tools,(Uncategorized),8.00,,8.00,,,,,,,,30.00,,5.60,,0
FA239,"6-32 X 1/4"" Binder Slot",simple,Columbia Tools,Drywall Finishing Tools > Parts,1.00,,1.00,,,,,,,,30.00,,0.70,,0
FA227,"6-32 X 1/4"" Flat Slot",simple,Columbia Tools,Drywall Finishing Tools > Parts,2.00,,2.00,,,,,,,,30.00,,1.40,,0
FA236,"6-32 X 1/8"" Binder Slot",simple,Columbia Tools,Drywall Finishing Tools > Parts,1.00,,1.00,,,,,,,,30.00,,0.70,,0
FA235,"6-32 X 1/8"" Set Screw",simple,Columbia Tools,Drywall Finishing Tools > Parts,2.00,,2.00,,,,,,,,30.00,,1.40,,0
FA237,"6-32 x 3/16"" Binder Slot",simple,Columbia Tools,Drywall Finishing Tools > Parts,1.00,,1.00,,,,,,,,30.00,,0.70,,0
FA238,"6-32 X 3/16"" Fillister Slot",simple,Columbia Tools,Drywall Finishing Tools > Parts,2.00,,2.00,,,,,,,,30.00,,1.40,,0
FA241,"6-32 X 3/8"" Binder Slot",simple,Columbia Tools,Drywall Finishing Tools > Parts,1.00,,1.00,,,,,,,,30.00,,0.70,,0
FA243,"6-32 x 3/8"" Flat Slot",simple,Columbia Tools,Drywall Finishing Tools > Parts,1.00,,1.00,,,,,,,,30.00,,0.70,,0
FA231,"6-32 x 3/8"" Hex Bolt",simple,Columbia Tools,Drywall Finishing Tools > Parts,2.25,,2.25,0.64,,1.61,71.56,71.56,251.56,,30.00,0.92,1.58,-0.94,0
FA247,"6-32 X 5/8"" Hex Bolt",simple,Columbia Tools,Drywall Finishing Tools > Parts,2.45,,2.45,0.80,,1.65,67.35,67.35,206.25,,30.00,1.15,1.72,-0.92,0
FA254,8-32 Nyloc Nut,simple,Columbia Tools,Drywall Finishing Tools > Parts,2.00,,2.00,,,,,,,,30.00,,1.40,,0
FA267,"8-32 x 1 1/2"" Pan Slot",simple,Columbia Tools,Drywall Finishing Tools > Parts,2.85,,2.85,0.41,,2.44,85.61,85.61,595.12,,30.00,0.59,2.00,-1.59,0
FA262,"8-32 x 1/2"" Socket",simple,Columbia Tools,Drywall Finishing Tools > Parts,2.95,,2.95,1.11,,1.84,62.37,62.37,165.77,,30.00,1.59,2.06,-0.95,0
FA257,"8-32 x 1/4"" Fillister Slot",simple,Columbia Tools,Drywall Finishing Tools > Parts,1.00,,1.00,,,,,,,,30.00,,0.70,,0
FA256,"8-32 X 3/16"" Pan Slot",simple,Columbia Tools,Drywall Finishing Tools > Parts,2.15,,2.15,0.32,,1.83,85.12,85.12,571.88,,30.00,0.46,1.50,-1.18,0
FA265,"8-32 x 3/4"" Truss Slot",simple,Columbia Tools,Drywall Finishing Tools > Parts,1.00,,1.00,,,,,,,,30.00,,0.70,,0
FA260,"8-32 x 3/8"" Pan Slot",simple,Columbia Tools,Drywall Finishing Tools > Parts,1.00,,1.00,,,,,,,,30.00,,0.70,,0
FA261,"8-32 X 3/8"" Socket Screw",simple,Columbia Tools,Drywall Finishing Tools > Parts,2.75,,2.75,0.43,,2.32,84.36,84.36,539.53,,30.00,0.62,1.92,-1.49,0
FA376,8-32 x 5/16 SS Socket Head,simple,Columbia Tools,Drywall Finishing Tools > Parts,2.00,,2.00,,,,,,,,30.00,,1.40,,0
FA264,"8-32 x 5/8"" Truss Slot",simple,Columbia Tools,Drywall Finishing Tools > Parts,1.00,,1.00,,,,,,,,30.00,,0.70,,0
FA258,8-32X 1/4 Half Dog Set,simple,Columbia Tools,Drywall Finishing Tools > Parts,2.00,,2.00,,,,,,,,30.00,,1.40,,0
FA249,"8-32X3/16"" Set Screw",simple,Columbia Tools,Drywall Finishing Tools > Parts,2.00,,2.00,,,,,,,,30.00,,1.40,,0
FFB5-7,"Axle - 7""",variation,Columbia Tools,(Uncategorized),44.00,,44.00,,,,,,,,30.00,,30.80,,0
FFB5-8,"Axle - 8""",variation,Columbia Tools,(Uncategorized),44.00,,44.00,,,,,,,,30.00,,30.80,,0
FFB5-10,"Axle - 10""",variation,Columbia Tools,(Uncategorized),44.00,,44.00,,,,,,,,30.00,,30.80,,0
FFB5-12,"Axle - 12""",variation,Columbia Tools,(Uncategorized),44.00,,44.00,,,,,,,,30.00,,30.80,,0
FFB5-14,"Axle - 14""",variation,Columbia Tools,(Uncategorized),44.00,,44.00,,,,,,,,30.00,,30.80,,0
FFB9-5.5,"Blade - 5.5""",variation,Columbia Tools,(Uncategorized),18.75,,18.75,,,,,,,,30.00,,13.12,,0
FFB9-7,"Blade - 7""",variation,Columbia Tools,(Uncategorized),22.50,,22.50,,,,,,,,30.00,,15.75,,0
FFB9-8,"Blade - 8""",variation,Columbia Tools,(Uncategorized),24.95,,24.95,,,,,,,,30.00,,17.46,,0
FFB9-10,"Blade - 10""",variation,Columbia Tools,(Uncategorized),28.95,,28.95,,,,,,,,30.00,,20.26,,0
FFB9-12,"Blade - 12""",variation,Columbia Tools,(Uncategorized),32.50,,32.50,,,,,,,,30.00,,22.75,,0
FFB9-14,"Blade - 14""",variation,Columbia Tools,(Uncategorized),36.95,,36.95,,,,,,,,30.00,,25.86,,0
HNS7-2,"Blade - 2""",variation,Columbia Tools,(Uncategorized),23.00,,23.00,,,,,,,,30.00,,16.10,,0
HNS7-3,"Blade - 3""",variation,Columbia Tools,(Uncategorized),23.00,,23.00,,,,,,,,30.00,,16.10,,0
FFB5A,Axel Bushing,simple,Columbia Tools,Drywall Finishing Tools > Parts,3.00,,3.00,,,,,,,,30.00,,2.10,,0
MP32,Backing Washer Locator,simple,Columbia Tools,Drywall Finishing Tools > Parts,18.95,,18.95,,,,,,,,30.00,,13.26,,0
FFB8,Bar Retainer Clip,simple,Columbia Tools,Drywall Finishing Tools > Parts,2.00,,2.00,,,,,,,,30.00,,1.40,,0
CT103,Barrel- Main Body,simple,Columbia Tools,Drywall Finishing Tools > Parts,112.50,,112.50,77.59,,34.91,31.03,31.03,44.99,,30.00,110.85,78.75,-1.16,0
CT125A,Bearing,simple,Columbia Tools,Drywall Finishing Tools > Parts,19.95,,19.95,1.93,,18.02,90.33,90.33,933.68,,30.00,2.76,13.96,-12.03,0
BH24A,Bearing Sleeve,simple,Columbia Tools,Drywall Finishing Tools > Parts,4.00,,4.00,,,,,,,,30.00,,2.80,,0
CFB16,Bearing Sleeve,simple,Columbia Tools,Drywall Finishing Tools > Parts,18.75,,18.75,3.09,,15.66,83.52,83.52,506.80,,30.00,4.42,13.12,-10.03,0
CR-3,Bearing Sleeve,simple,Columbia Tools,Drywall Finishing Tools > Parts,19.99,,19.99,,,,,,,,30.00,,13.99,,0
HNS8-2,"Blade Holder - 2""",variation,Columbia Tools,(Uncategorized),33.00,,33.00,,,,,,,,30.00,,23.10,,0
HNS8-3,"Blade Holder - 3""",variation,Columbia Tools,(Uncategorized),33.00,,33.00,,,,,,,,30.00,,23.10,,0
AH9A,"Bottom Retainer Corner Clip - 3.5""",variation,Columbia Tools,(Uncategorized),11.50,,11.50,,,,,,,,30.00,,8.05,,0
AH9,Bottom Retainer Corner Clip - Standard,variation,Columbia Tools,(Uncategorized),10.00,,10.00,5.07,,4.93,49.30,49.30,97.24,,30.00,7.25,7.00,-1.93,0
BH9-3,Brake Connecting Strap - 3',variation,Columbia Tools,(Uncategorized),27.00,,27.00,,,,,,,,30.00,,18.90,,0
BH9-42,"Brake Connecting Strap - 42""",variation,Columbia Tools,(Uncategorized),29.00,,29.00,,,,,,,,30.00,,20.30,,0
BH9-4,Brake Connecting Strap - 4',variation,Columbia Tools,(Uncategorized),31.00,,31.00,,,,,,,,30.00,,21.70,,0
BH9-5,Brake Connecting Strap - 5',variation,Columbia Tools,(Uncategorized),33.00,,33.00,,,,,,,,30.00,,23.10,,0
BH9-6,Brake Connecting Strap - 6',variation,Columbia Tools,(Uncategorized),35.00,,35.00,,,,,,,,30.00,,24.50,,0
HH16A,Bleeder Screw,simple,Columbia Tools,Drywall Finishing Tools > Parts,17.00,,17.00,,,,,,,,30.00,,11.90,,0
HH10B,Bottom Cap,simple,Columbia Tools,Drywall Finishing Tools > Parts,2.00,,2.00,,,,,,,,30.00,,1.40,,0
CFB8,Box Mount,simple,Columbia Tools,Drywall Finishing Tools > Parts,44.00,,44.00,27.15,,16.85,38.30,38.30,62.06,,30.00,38.79,30.80,-3.65,0
FFB36,Box Wheel,simple,Columbia Tools,Drywall Finishing Tools > Parts,5.00,,5.00,,,,,,,,30.00,,3.50,,0
CT87A,Bracket Brace,simple,Columbia Tools,Drywall Finishing Tools > Parts,14.50,,14.50,4.67,,9.83,67.79,67.79,210.49,,30.00,6.68,10.15,-5.48,0
HH7,Brake,simple,Columbia Tools,Drywall Finishing Tools > Parts,22.00,,22.00,,,,,,,,30.00,,15.40,,0
MH9A,Brake Activation Rod,simple,Columbia Tools,Drywall Finishing Tools > Parts,24.00,,24.00,,,,,,,,30.00,,16.80,,0
CT16,Brake Dog,simple,Columbia Tools,Drywall Finishing Tools > Parts,15.00,,15.00,,,,,,,,30.00,,10.50,,0
HH13,Brake Pin,simple,Columbia Tools,Drywall Finishing Tools > Parts,16.00,,16.00,,,,,,,,30.00,,11.20,,0
HH14,Brake Piston,simple,Columbia Tools,Drywall Finishing Tools > Parts,17.00,,17.00,,,,,,,,30.00,,11.90,,0
MH8,Brake Rod Bushing,simple,Columbia Tools,Drywall Finishing Tools > Parts,8.00,,8.00,,,,,,,,30.00,,5.60,,0
HH12,Brake Spring,simple,Columbia Tools,Drywall Finishing Tools > Parts,5.00,,5.00,,,,,,,,30.00,,3.50,,0
HH17A,Brass Connector - 1,variation,Columbia Tools,(Uncategorized),5.00,,5.00,,,,,,,,30.00,,3.50,,0
HH17B,Brass Connector - 2,variation,Columbia Tools,(Uncategorized),5.00,,5.00,,,,,,,,30.00,,3.50,,0
CT72,Cable,simple,Columbia Tools,Drywall Finishing Tools > Parts,10.00,,10.00,,,,,,,,30.00,,7.00,,0
CT73,Cable Drum,simple,Columbia Tools,Drywall Finishing Tools > Parts,28.95,,28.95,23.27,,5.68,19.62,19.62,24.41,,30.00,33.25,20.26,3.01,0
BH26,Cam,simple,Columbia Tools,Drywall Finishing Tools > Parts,21.95,,21.95,,,,,,,,30.00,,15.36,,0
BH7,Cam Follower,simple,Columbia Tools,Drywall Finishing Tools > Parts,15.00,,15.00,,,,,,,,30.00,,10.50,,0
HH19,Cap,simple,Columbia Tools,Drywall Finishing Tools > Parts,17.00,,17.00,,,,,,,,30.00,,11.90,,0
CT35,Cap Reinforcing Tab,simple,Columbia Tools,Drywall Finishing Tools > Parts,4.00,,4.00,1.93,,2.07,51.75,51.75,107.25,,30.00,2.76,2.80,-0.87,0
CT55,Carriage Guide Rod,simple,Columbia Tools,Drywall Finishing Tools > Parts,12.00,,12.00,,,,,,,,30.00,,8.40,,0
CT56,Carriage Guide Rod Stop,simple,Columbia Tools,Drywall Finishing Tools > Parts,7.00,,7.00,,,,,,,,30.00,,4.90,,0
CT31,Chain Tension & Guide Bracket,simple,Columbia Tools,Drywall Finishing Tools > Parts,6.00,,6.00,3.49,,2.51,41.83,41.83,71.92,,30.00,4.99,4.20,-0.71,0
CT83,Clutch Dog,simple,Columbia Tools,Drywall Finishing Tools > Parts,3.00,,3.00,,,,,,,,30.00,,2.10,,0
CT82,Clutch Lever,simple,Columbia Tools,Drywall Finishing Tools > Parts,19.75,,19.75,,,,,,,,30.00,,13.82,,0
CT88,Clutch Release Rod,simple,Columbia Tools,Drywall Finishing Tools > Parts,16.50,,16.50,9.31,,7.19,43.58,43.58,77.23,,30.00,13.30,11.55,-2.24,0
CT85,Clutch Release Shaft,simple,Columbia Tools,Drywall Finishing Tools > Parts,40.00,,40.00,23.27,,16.73,41.82,41.82,71.90,,30.00,33.25,28.00,-4.73,0
CT81,Clutch Return Spring,simple,Columbia Tools,Drywall Finishing Tools > Parts,3.00,,3.00,1.56,,1.44,48.00,48.00,92.31,,30.00,2.23,2.10,-0.54,0
HH9,Coiled Hydraulic Line,simple,Columbia Tools,Drywall Finishing Tools > Parts,40.00,,40.00,,,,,,,,30.00,,28.00,,0
HP44,Collar O-Ring,simple,Columbia Tools,Drywall Finishing Tools > Parts,2.00,,2.00,,,,,,,,30.00,,1.40,,0
AHA,Angle Head Adapter,simple,Columbia Tools,Drywall Finishing Tools > Parts,24.87,,24.87,14.56,24.87,10.31,41.46,41.46,70.81,41.46,30.00,20.80,17.41,-2.85,0
CMH,Columbia Closet Monster Handle,simple,Columbia Tools,Drywall Finishing Tools > Automatic Taping Tools > Flat Box Handles,119.76,,119.76,83.83,113.56,35.93,30.00,30.00,42.86,26.18,30.00,119.76,83.83,0.00,0
CC,Columbia Corner Cobra,simple,Columbia Tools,Drywall Finishing Tools > Automatic Taping Tools > Corner Rollers,401.00,,401.00,245.62,367.71,155.38,38.75,38.75,63.26,33.20,30.00,350.89,280.70,-35.08,0
CR,Columbia Corner Roller,simple,Columbia Tools,Drywall Finishing Tools > Automatic Taping Tools > Corner Rollers,167.63,,167.63,104.43,167.63,63.20,37.70,37.70,60.52,37.70,30.00,149.19,117.34,-12.91,0
CT86,CT86 – Toe Kicker Cable,simple,Columbia Tools,Drywall Finishing Tools > Parts,14.95,,14.95,11.64,,3.31,22.14,22.14,28.44,,30.00,16.63,10.46,1.18,0
FA259,"FA259 8-32 X 5/16"" Binder Slot",simple,Columbia Tools,Drywall Finishing Tools > Parts,1.00,,1.00,,,,,,,,30.00,,0.70,,0
FA292,FA292 1/4-20 Nyloc Jam Nut,simple,Columbia Tools,Drywall Finishing Tools > Parts,3.15,,3.15,0.81,,2.34,74.29,74.29,288.89,,30.00,1.16,2.20,-1.39,0
HNS4-2,"Door - 2""",variation,Columbia Tools,(Uncategorized),33.00,,33.00,,,,,,,,30.00,,23.10,,0
HNS4-3,"Door - 3""",variation,Columbia Tools,(Uncategorized),33.00,,33.00,,,,,,,,30.00,,23.10,,0
FA311,"FA311 1/4-28 X 1/2"" Socket Head",simple,Columbia Tools,Drywall Finishing Tools > Parts,2.00,,2.00,,,,,,,,30.00,,1.40,,0
FA315,"FA315 10-32 X 3/8"" Flat Socket Head",simple,Columbia Tools,Drywall Finishing Tools > Parts,2.00,,2.00,,,,,,,,30.00,,1.40,,0
PCLT42,Columbia Predator Camlock Tube,simple,Columbia Tools,Drywall Finishing Tools > Semi-Automatic Taping Tools > Compound Tubes | Drywall Finishing Tools > Predator Family,368.05,,368.05,242.69,368.05,125.36,34.06,34.06,51.65,34.06,30.00,346.70,257.64,-14.95,0
PCMT42,"Columbia Predator Compound Tube 42""",simple,Columbia Tools,Drywall Finishing Tools > Semi-Automatic Taping Tools > Compound Tubes | Drywall Finishing Tools > Predator Family,274.93,,274.93,181.28,274.93,93.65,34.06,34.06,51.66,34.06,30.00,258.98,192.45,-11.17,0
PHMP,Columbia Predator Mud Pump,simple,Columbia Tools,Drywall Finishing Tools > Automatic Taping Tools > Loading Pumps | Drywall Finishing Tools > Predator Family,496.42,,496.42,327.49,496.42,168.93,34.03,34.03,51.58,34.03,30.00,467.85,347.49,-20.00,0
SAT,Columbia Semi Automatic Taper,simple,Columbia Tools,Drywall Finishing Tools > Semi-Automatic Taping Tools > Semi-Automatic Tapers,243.34,,243.34,166.26,243.34,77.08,31.68,31.68,46.36,31.68,30.00,237.52,170.34,-4.08,0
CFB5B,Cone Ball,simple,Columbia Tools,Drywall Finishing Tools > Parts,16.00,,16.00,,,,,,,,30.00,,11.20,,0
CT132,Connecting Link,simple,Columbia Tools,Drywall Finishing Tools > Parts,2.00,,2.00,,,,,,,,30.00,,1.40,,0
MH7,Connecting Link Fork,simple,Columbia Tools,Drywall Finishing Tools > Parts,29.00,,29.00,,,,,,,,30.00,,20.30,,0
MH5,Connecting Link Pin,simple,Columbia Tools,Drywall Finishing Tools > Parts,5.00,,5.00,,,,,,,,30.00,,3.50,,0
CT45,Connecting Rod,simple,Columbia Tools,Drywall Finishing Tools > Parts,22.95,,22.95,10.48,,12.47,54.34,54.34,118.99,,30.00,14.98,16.06,-5.58,0
MH16,Connecting Rod Housing,simple,Columbia Tools,Drywall Finishing Tools > Parts,8.00,,8.00,,,,,,,,30.00,,5.60,,0
CT112,Connecting Stud,simple,Columbia Tools,Drywall Finishing Tools > Parts,11.00,,11.00,6.51,,4.49,40.82,40.82,68.97,,30.00,9.30,7.70,-1.19,0
CT104,Connection Strap,simple,Columbia Tools,Drywall Finishing Tools > Parts,18.95,,18.95,,,,,,,,30.00,,13.26,,0
CT105,Crimper Lever,simple,Columbia Tools,Drywall Finishing Tools > Parts,34.50,,34.50,17.83,,16.67,48.32,48.32,93.49,,30.00,25.48,24.15,-6.32,0
CT10A,Crimping Arm Shaft Bushing - L,simple,Columbia Tools,Drywall Finishing Tools > Parts,13.95,,13.95,2.91,,11.04,79.14,79.14,379.38,,30.00,4.16,9.76,-6.85,0
CT47,Crimping Wheel,simple,Columbia Tools,Drywall Finishing Tools > Parts,18.95,,18.95,7.76,,11.19,59.05,59.05,144.20,,30.00,11.09,13.26,-5.50,0
CT50,Crimping Wheel Bushing,simple,Columbia Tools,Drywall Finishing Tools > Parts,6.00,,6.00,3.49,,2.51,41.83,41.83,71.92,,30.00,4.99,4.20,-0.71,0
CR4,Cut Washer,simple,Columbia Tools,Drywall Finishing Tools > Parts,3.00,,3.00,,,,,,,,30.00,,2.10,,0
CT42A,Diamond Blade,simple,Columbia Tools,Drywall Finishing Tools > Parts,2.00,,2.00,,,,,,,,30.00,,1.40,,0
CT13,Dog Base Bracket,simple,Columbia Tools,Drywall Finishing Tools > Parts,16.00,,16.00,,,,,,,,30.00,,11.20,,0
CFB4-7,"Door - 7""",variation,Columbia Tools,(Uncategorized),42.50,,42.50,7.76,,34.74,81.74,81.74,447.68,,30.00,11.09,29.75,-21.99,0
CFB4-8,"Door - 8""",variation,Columbia Tools,(Uncategorized),46.95,,46.95,7.76,,39.19,83.47,83.47,505.03,,30.00,11.09,32.86,-25.10,0
HNS15-2,"Door Gasket - 2""",variation,Columbia Tools,(Uncategorized),36.00,,36.00,,,,,,,,30.00,,25.20,,0
HNS15-3,"Door Gasket - 3""",variation,Columbia Tools,(Uncategorized),35.00,,35.00,,,,,,,,30.00,,24.50,,0
CFB7-7,"Door Gasket - 7""",variation,Columbia Tools,(Uncategorized),28.50,,28.50,23.27,,5.23,18.35,18.35,22.48,,30.00,33.25,19.95,3.32,0
CFB7-8,"Door Gasket - 8""",variation,Columbia Tools,(Uncategorized),31.95,,31.95,23.27,,8.68,27.17,27.17,37.30,,30.00,33.25,22.36,0.91,0
HNS10A,Door Spring - Short,variation,Columbia Tools,(Uncategorized),18.75,,18.75,,,,,,,,30.00,,13.12,,0
HNS10,Door Spring - Long,variation,Columbia Tools,(Uncategorized),18.75,,18.75,,,,,,,,30.00,,13.12,,0
CT71,Drive Sprocket - Small,variation,Columbia Tools,(Uncategorized),15.00,,15.00,,,,,,,,30.00,,10.50,,0
CT77,Drive Sprocket - Large,variation,Columbia Tools,(Uncategorized),26.50,,26.50,38.77,,-12.27,-46.30,-46.30,-31.65,,30.00,55.39,18.55,20.22,0
CFB15,Door Hinge,simple,Columbia Tools,Drywall Finishing Tools > Parts,24.95,,24.95,15.51,,9.44,37.84,37.84,60.86,,30.00,22.16,17.46,-1.95,0
FFB17,Door Spring,simple,Columbia Tools,Drywall Finishing Tools > Parts,5.00,,5.00,2.72,,2.28,45.60,45.60,83.82,,30.00,3.89,3.50,-0.78,0
FFB16,Door Spring Nut,simple,Columbia Tools,Drywall Finishing Tools > Parts,5.00,,5.00,,,,,,,,30.00,,3.50,,0
CFB11A,Door Stop,simple,Columbia Tools,Drywall Finishing Tools > Parts,3.00,,3.00,,,,,,,,30.00,,2.10,,0
FFB32,Door Stop,simple,Columbia Tools,Drywall Finishing Tools > Parts,3.00,,3.00,,,,,,,,30.00,,2.10,,0
CT78,Drive Chain,simple,Columbia Tools,Drywall Finishing Tools > Parts,66.00,,66.00,51.20,,14.80,22.42,22.42,28.91,,30.00,73.15,46.20,5.00,0
CT70,Drive Shaft,simple,Columbia Tools,Drywall Finishing Tools > Parts,33.00,,33.00,,,,,,,,30.00,,23.10,,0
CT87,Engraved Cover Plate Cap,simple,Columbia Tools,Drywall Finishing Tools > Parts,42.00,,42.00,,,,,,,,30.00,,29.40,,0
HH5,Extension Housing,simple,Columbia Tools,Drywall Finishing Tools > Parts,33.00,,33.00,,,,,,,,30.00,,23.10,,0
HH30,Extension Release Trigger,simple,Columbia Tools,Drywall Finishing Tools > Parts,14.25,,14.25,,,,,,,,30.00,,9.98,,0
CT130,Extension Shaft,simple,Columbia Tools,Drywall Finishing Tools > Parts,32.50,,32.50,13.97,,18.53,57.02,57.02,132.64,,30.00,19.96,22.75,-8.78,0
AH7-2,"Frame Tension Spring - 2""",variation,Columbia Tools,(Uncategorized),12.50,,12.50,0.79,,11.71,93.68,93.68,1482.28,,30.00,1.13,8.75,-7.96,0
AH7-2.5,"Frame Tension Spring - 2.5""",variation,Columbia Tools,(Uncategorized),2.00,,2.00,0.79,,1.21,60.50,60.50,153.16,,30.00,1.13,1.40,-0.61,0
AH7-3,"Frame Tension Spring - 3""",variation,Columbia Tools,(Uncategorized),13.25,,13.25,0.79,,12.46,94.04,94.04,1577.22,,30.00,1.13,9.28,-8.49,0
AH7-3.5,"Frame Tension Spring - 3.5""",variation,Columbia Tools,(Uncategorized),14.50,,14.50,0.79,,13.71,94.55,94.55,1735.44,,30.00,1.13,10.15,-9.36,0
CT127,Extension Shaft Bracket,simple,Columbia Tools,Drywall Finishing Tools > Parts,21.95,,21.95,19.39,,2.56,11.66,11.66,13.20,,30.00,27.70,15.36,4.03,0
MP33,Filler Gasket,simple,Columbia Tools,Drywall Finishing Tools > Parts,2.00,,2.00,,,,,,,,30.00,,1.40,,0
MP28,Filler Nut,simple,Columbia Tools,Drywall Finishing Tools > Parts,12.25,,12.25,,,,,,,,30.00,,8.58,,0
MP25,Filler Studs,simple,Columbia Tools,Drywall Finishing Tools > Parts,10.00,,10.00,,,,,,,,30.00,,7.00,,0
MP2,Foot Valve Casting,simple,Columbia Tools,Drywall Finishing Tools > Parts,29.00,,29.00,,,,,,,,30.00,,20.30,,0
AH5,Frame Retainer Clip,simple,Columbia Tools,Drywall Finishing Tools > Parts,2.00,,2.00,,,,,,,,30.00,,1.40,,0
AH6A,Funnel Retainer Clip,simple,Columbia Tools,Drywall Finishing Tools > Parts,19.00,,19.00,12.03,,6.97,36.68,36.68,57.94,,30.00,17.19,13.30,-1.27,0
MH21,Grip Adjuster Housing,simple,Columbia Tools,Drywall Finishing Tools > Parts,21.95,,21.95,4.40,,17.55,79.95,79.95,398.86,,30.00,6.29,15.36,-10.96,0
MH23,Grip Adjusting Fastener,simple,Columbia Tools,Drywall Finishing Tools > Parts,11.00,,11.00,,,,,,,,30.00,,7.70,,0
MH22,Grip Adjustment Pin,simple,Columbia Tools,Drywall Finishing Tools > Parts,11.00,,11.00,,,,,,,,30.00,,7.70,,0
HH15,Grip Sleeve Octagon,simple,Columbia Tools,Drywall Finishing Tools > Parts,15.00,,15.00,,,,,,,,30.00,,10.50,,0
CT115,Guard Ring,simple,Columbia Tools,Drywall Finishing Tools > Parts,20.00,,20.00,11.64,,8.36,41.80,41.80,71.82,,30.00,16.63,14.00,-2.36,0
CT58,Guide Rod Bushing,simple,Columbia Tools,Drywall Finishing Tools > Parts,8.00,,8.00,4.67,,3.33,41.62,41.62,71.31,,30.00,6.68,5.60,-0.93,0
CT126,Hand Grip Body,simple,Columbia Tools,Drywall Finishing Tools > Parts,66.00,,66.00,,,,,,,,30.00,,46.20,,0
CT124,Hand Grip Guard Ring,simple,Columbia Tools,Drywall Finishing Tools > Parts,20.00,,20.00,,,,,,,,30.00,,14.00,,0
HNS12,Handle Clamp,simple,Columbia Tools,Drywall Finishing Tools > Parts,17.00,,17.00,,,,,,,,30.00,,11.90,,0
CR11,Handle Connecting Link,simple,Columbia Tools,Drywall Finishing Tools > Parts,18.95,,18.95,,,,,,,,30.00,,13.26,,0
HH35,Handle Grip,simple,Columbia Tools,Drywall Finishing Tools > Parts,7.00,,7.00,,,,,,,,30.00,,4.90,,0
MH4,Handle Grip,simple,Columbia Tools,Drywall Finishing Tools > Parts,37.00,,37.00,,,,,,,,30.00,,25.90,,0
MH11,Handle Grip Bushing,simple,Columbia Tools,Drywall Finishing Tools > Parts,6.00,,6.00,,,,,,,,30.00,,4.20,,0
AH1-2,"Head Casting - 2""",variation,Columbia Tools,(Uncategorized),153.00,,153.00,,,,,,,,30.00,,107.10,,0
AH1-2.5,"Head Casting - 2.5""",variation,Columbia Tools,(Uncategorized),173.85,,173.85,,,,,,,,30.00,,121.70,,0
AH1-3,"Head Casting - 3""",variation,Columbia Tools,(Uncategorized),153.00,,153.00,,,,,,,,30.00,,107.10,,0
AH1-3.5,"Head Casting - 3.5""",variation,Columbia Tools,(Uncategorized),153.00,,153.00,,,,,,,,30.00,,107.10,,0
HFFB3,Hinge Box End Plate - Right,variation,Columbia Tools,(Uncategorized),36.00,,36.00,,,,,,,,30.00,,25.20,,0
HFFB3A,Hinge Box End Plate - Left,variation,Columbia Tools,(Uncategorized),36.00,,36.00,,,,,,,,30.00,,25.20,,0
MP6,Handle Link,simple,Columbia Tools,Drywall Finishing Tools > Parts,33.00,,33.00,,,,,,,,30.00,,23.10,,0
HNSA-14,Handle Link Assembly,simple,Columbia Tools,Drywall Finishing Tools > Parts,45.00,,45.00,,,,,,,,30.00,,31.50,,0
MH1,Handle Mount Plate,simple,Columbia Tools,Drywall Finishing Tools > Parts,75.00,,75.00,,,,,,,,30.00,,52.50,,0
CR6,Handle Mounting Swivel,simple,Columbia Tools,Drywall Finishing Tools > Parts,24.95,,24.95,9.11,,15.84,63.49,63.49,173.87,,30.00,13.02,17.46,-8.35,0
HPA-48,Handle Pin Assembly,simple,Columbia Tools,Drywall Finishing Tools > Parts,5.00,,5.00,,,,,,,,30.00,,3.50,,0
HH8,Handle Tube,simple,Columbia Tools,Drywall Finishing Tools > Parts,45.00,,45.00,,,,,,,,30.00,,31.50,,0
MP5,Head Bushing,simple,Columbia Tools,Drywall Finishing Tools > Parts,13.95,,13.95,,,,,,,,30.00,,9.76,,0
CR1,Head Casting,simple,Columbia Tools,Drywall Finishing Tools > Parts,39.00,,39.00,,,,,,,,30.00,,27.30,,0
FFB39,Hex Bolt,simple,Columbia Tools,Drywall Finishing Tools > Parts,3.00,,3.00,,,,,,,,30.00,,2.10,,0
CT20,Hinge Block,simple,Columbia Tools,Drywall Finishing Tools > Parts,24.95,,24.95,6.21,,18.74,75.11,75.11,301.77,,30.00,8.88,17.46,-11.25,0
CFB15A,Hinge Bushing (Plastic Washer),simple,Columbia Tools,Drywall Finishing Tools > Parts,8.50,,8.50,,,,,,,,30.00,,5.95,,0
BH6,Hinge Pin,simple,Columbia Tools,Drywall Finishing Tools > Parts,11.25,,11.25,,,,,,,,30.00,,7.88,,0
MH6,Hinge Pin,simple,Columbia Tools,Drywall Finishing Tools > Parts,4.00,,4.00,,,,,,,,30.00,,2.80,,0
CT79,Hollow Shaft,simple,Columbia Tools,Drywall Finishing Tools > Parts,38.50,,38.50,23.27,,15.23,39.56,39.56,65.45,,30.00,33.25,26.95,-3.68,0
CT68,Hub,simple,Columbia Tools,Drywall Finishing Tools > Parts,15.00,,15.00,9.31,,5.69,37.93,37.93,61.12,,30.00,13.30,10.50,-1.19,0
CT2,Insert Bushing for CT#7A,simple,Columbia Tools,Drywall Finishing Tools > Parts,5.00,,5.00,2.32,,2.68,53.60,53.60,115.52,,30.00,3.32,3.50,-1.18,0
MH13,Large Nyliner Bushing,simple,Columbia Tools,Drywall Finishing Tools > Parts,5.00,,5.00,,,,,,,,30.00,,3.50,,0
CT4,Wafer Bushing - Left,variation,Columbia Tools,(Uncategorized),2.00,,2.00,,,,,,,,30.00,,1.40,,0
CT5,Wafer Bushing - Right,variation,Columbia Tools,(Uncategorized),11.50,,11.50,0.77,,10.73,93.30,93.30,1393.51,,30.00,1.10,8.05,-7.28,0
HP47,Latch Clamp Assembly,simple,Columbia Tools,Drywall Finishing Tools > Parts,28.95,,28.95,,,,,,,,30.00,,20.26,,0
HP46,Latch Keeper,simple,Columbia Tools,Drywall Finishing Tools > Parts,19.75,,19.75,,,,,,,,30.00,,13.82,,0
MP8,Leg,simple,Columbia Tools,Drywall Finishing Tools > Parts,71.00,,71.00,,,,,,,,30.00,,49.70,,0
HH17C,Line Pincher,simple,Columbia Tools,Drywall Finishing Tools > Parts,4.00,,4.00,,,,,,,,30.00,,2.80,,0
BH4,Lower Brake Lever,simple,Columbia Tools,Drywall Finishing Tools > Parts,19.75,,19.75,15.32,,4.43,22.43,22.43,28.92,,30.00,21.89,13.82,1.50,0
MH3,Lower Mount Bracket,simple,Columbia Tools,Drywall Finishing Tools > Parts,33.00,,33.00,,,,,,,,30.00,,23.10,,0
BH3,Lower Mounting Bracket,simple,Columbia Tools,Drywall Finishing Tools > Parts,32.00,,32.00,,,,,,,,30.00,,22.40,,0
CT80,Manual Drive Grip,simple,Columbia Tools,Drywall Finishing Tools > Parts,18.75,,18.75,,,,,,,,30.00,,13.12,,0
MH2,Matrix Handle Head,simple,Columbia Tools,Drywall Finishing Tools > Parts,4.00,,4.00,,,,,,,,30.00,,2.80,,0
CT43,Micro Chain,simple,Columbia Tools,Drywall Finishing Tools > Parts,24.50,,24.50,19.39,,5.11,20.86,20.86,26.35,,30.00,27.70,17.15,2.24,0
MH3A,Mounting Bracket Stem,simple,Columbia Tools,Drywall Finishing Tools > Parts,4.00,,4.00,,,,,,,,30.00,,2.80,,0
BH1,Mounting Plate,simple,Columbia Tools,Drywall Finishing Tools > Parts,30.00,,30.00,37.15,,-7.15,-23.83,-23.83,-19.25,,30.00,53.08,21.00,16.15,0
MP24,Mud Pump Screen,simple,Columbia Tools,Drywall Finishing Tools > Parts,4.00,,4.00,,,,,,,,30.00,,2.80,,0
MP23,Mud Pump Seal,simple,Columbia Tools,Drywall Finishing Tools > Parts,16.50,,16.50,,,,,,,,30.00,,11.55,,0
HFFB1A-10,"Mud Seal Strip - 10""",simple,Columbia Tools,Drywall Finishing Tools > Parts,10.00,,10.00,,,,,,,,30.00,,7.00,,0
CT96,Mud Shut-Off Gasket,simple,Columbia Tools,Drywall Finishing Tools > Parts,4.00,,4.00,1.36,,2.64,66.00,66.00,194.12,,30.00,1.95,2.80,-1.44,0
CT98,Mud Supply Seal Plate & Shaft,simple,Columbia Tools,Drywall Finishing Tools > Parts,24.95,,24.95,3.09,,21.86,87.62,87.62,707.44,,30.00,4.42,17.46,-14.37,0
CT97,Mud Supply Valve Body,simple,Columbia Tools,Drywall Finishing Tools > Parts,34.50,,34.50,15.52,,18.98,55.01,55.01,122.29,,30.00,22.18,24.15,-8.63,0
CFB6,Mud Supply Valve Unit,simple,Columbia Tools,Drywall Finishing Tools > Parts,29.00,,29.00,17.07,,11.93,41.14,41.14,69.89,,30.00,24.39,20.30,-3.23,0
HNS17A,Nail Spotter Handle Tightness Screw,simple,Columbia Tools,Drywall Finishing Tools > Parts,5.00,,5.00,,,,,,,,30.00,,3.50,,0
CT63,Needle,simple,Columbia Tools,Drywall Finishing Tools > Parts,2.00,,2.00,,,,,,,,30.00,,1.40,,0
CT62,Needle Holding Shaft,simple,Columbia Tools,Drywall Finishing Tools > Parts,16.00,,16.00,,,,,,,,30.00,,11.20,,0
MP13A,Piston Backing Washer - Small,variation,Columbia Tools,(Uncategorized),12.50,,12.50,,,,,,,,30.00,,8.75,,0
MP13,Piston Backing Washer - Large,variation,Columbia Tools,(Uncategorized),14.25,,14.25,,,,,,,,30.00,,9.98,,0
CT64,Needle Return Shaft,simple,Columbia Tools,Drywall Finishing Tools > Parts,6.00,,6.00,3.09,,2.91,48.50,48.50,94.17,,30.00,4.42,4.20,-1.11,0
CT65,Needle Return Spring,simple,Columbia Tools,Drywall Finishing Tools > Parts,4.00,,4.00,2.13,,1.87,46.75,46.75,87.79,,30.00,3.05,2.80,-0.67,0
HFFB4D,Nylatron Bushing,simple,Columbia Tools,Drywall Finishing Tools > Parts,3.00,,3.00,,,,,,,,30.00,,2.10,,0
MP36,Nylatron Bushing,simple,Columbia Tools,Drywall Finishing Tools > Parts,11.50,,11.50,,,,,,,,30.00,,8.05,,0
CT76,Nylatron Washer,simple,Columbia Tools,Drywall Finishing Tools > Parts,6.25,,6.25,,,,,,,,30.00,,4.38,,0
FFB38,Nyliner Bearing,simple,Columbia Tools,Drywall Finishing Tools > Parts,2.00,,2.00,,,,,,,,30.00,,1.40,,0
HP45,O Ring Enclosure,simple,Columbia Tools,Drywall Finishing Tools > Parts,22.00,,22.00,,,,,,,,30.00,,15.40,,0
CT121A,O-Ring,simple,Columbia Tools,Drywall Finishing Tools > Parts,2.00,,2.00,,,,,,,,30.00,,1.40,,0
MP23A,O-Ring,simple,Columbia Tools,Drywall Finishing Tools > Parts,2.00,,2.00,,,,,,,,30.00,,1.40,,0
MH10,Octagon,simple,Columbia Tools,Drywall Finishing Tools > Parts,36.00,,36.00,,,,,,,,30.00,,25.20,,0
CT19,Paper Feed Guide,simple,Columbia Tools,Drywall Finishing Tools > Parts,24.95,,24.95,20.96,,3.99,15.99,15.99,19.04,,30.00,29.95,17.46,3.50,0
MH17,Pinch Brake,simple,Columbia Tools,Drywall Finishing Tools > Parts,24.50,,24.50,10.77,,13.73,56.04,56.04,127.48,,30.00,15.39,17.15,-6.38,0
MH15,Pinch Brake Activator,simple,Columbia Tools,Drywall Finishing Tools > Parts,22.00,,22.00,,,,,,,,30.00,,15.40,,0
MH24,Pinch Brake Bushing,simple,Columbia Tools,Drywall Finishing Tools > Parts,12.75,,12.75,5.88,,6.87,53.88,53.88,116.84,,30.00,8.40,8.92,-3.04,0
MH18,Pinch Brake Housing,simple,Columbia Tools,Drywall Finishing Tools > Parts,20.00,,20.00,,,,,,,,30.00,,14.00,,0
MH19,Pinch Brake Sleeve,simple,Columbia Tools,Drywall Finishing Tools > Parts,28.00,,28.00,,,,,,,,30.00,,19.60,,0
MH25,Pinch Brake Stem,simple,Columbia Tools,Drywall Finishing Tools > Parts,14.95,,14.95,6.36,,8.59,57.46,57.46,135.06,,30.00,9.09,10.46,-4.10,0
MH12,PinchBrake Spring,simple,Columbia Tools,Drywall Finishing Tools > Parts,4.00,,4.00,,,,,,,,30.00,,2.80,,0
CT107,Piston Body,simple,Columbia Tools,Drywall Finishing Tools > Parts,27.00,,27.00,15.51,,11.49,42.56,42.56,74.08,,30.00,22.16,18.90,-3.39,0
CT111,Piston Cup,simple,Columbia Tools,Drywall Finishing Tools > Parts,11.75,,11.75,9.31,,2.44,20.77,20.77,26.21,,30.00,13.30,8.22,1.09,0
MP14,Piston Cup,simple,Columbia Tools,Drywall Finishing Tools > Parts,11.75,,11.75,,,,,,,,30.00,,8.22,,0
HH16,Piston Housing,simple,Columbia Tools,Drywall Finishing Tools > Parts,27.00,,27.00,,,,,,,,30.00,,18.90,,0
CT3,Insert Bushing - Right,variation,Columbia Tools,(Uncategorized),12.00,,12.00,,,,,,,,30.00,,8.40,,0
CT3A,Insert Bushing - Left,variation,Columbia Tools,(Uncategorized),14.50,,14.50,,,,,,,,30.00,,10.15,,0
CT29,Nylatron Chain Roller - Right (Small),variation,Columbia Tools,(Uncategorized),13.50,,13.50,1.93,,11.57,85.70,85.70,599.48,,30.00,2.76,9.45,-7.52,0
CT29A,Nylatron Chain Roller - Left (Large),variation,Columbia Tools,(Uncategorized),4.00,,4.00,1.93,,2.07,51.75,51.75,107.25,,30.00,2.76,2.80,-0.87,0
HH23,Piston O-Ring,simple,Columbia Tools,Drywall Finishing Tools > Parts,2.00,,2.00,,,,,,,,30.00,,1.40,,0
MP11,Piston Shaft,simple,Columbia Tools,Drywall Finishing Tools > Parts,28.50,,28.50,,,,,,,,30.00,,19.95,,0
HNS18,Pivot,simple,Columbia Tools,Drywall Finishing Tools > Parts,4.00,,4.00,,,,,,,,30.00,,2.80,,0
BH2,Plate,simple,Columbia Tools,Drywall Finishing Tools > Parts,24.50,,24.50,22.92,,1.58,6.45,6.45,6.89,,30.00,32.75,17.15,5.77,0
HP1,Pump Cylinder,simple,Columbia Tools,Drywall Finishing Tools > Parts,52.00,,52.00,,,,,,,,30.00,,36.40,,0
MP3,Pump Flapper Valve,simple,Columbia Tools,Drywall Finishing Tools > Parts,4.00,,4.00,,,,,,,,30.00,,2.80,,0
MP7,Pump Handle,simple,Columbia Tools,Drywall Finishing Tools > Parts,87.00,,87.00,,,,,,,,30.00,,60.90,,0
CT67,Ratchet Gear,simple,Columbia Tools,Drywall Finishing Tools > Parts,34.50,,34.50,3.09,,31.41,91.04,91.04,1016.50,,30.00,4.42,24.15,-21.06,0
CT15,Ratchet Rod for Adjustable Brake,simple,Columbia Tools,Drywall Finishing Tools > Parts,6.00,,6.00,,,,,,,,30.00,,4.20,,0
CT92,Release Clip Bushing,simple,Columbia Tools,Drywall Finishing Tools > Parts,10.00,,10.00,6.21,,3.79,37.90,37.90,61.03,,30.00,8.88,7.00,-0.79,0
HH31,Release Clip Pin,simple,Columbia Tools,Drywall Finishing Tools > Parts,12.95,,12.95,,,,,,,,30.00,,9.06,,0
HH32,Release Clip Washer,simple,Columbia Tools,Drywall Finishing Tools > Parts,22.00,,22.00,,,,,,,,30.00,,15.40,,0
CT89,Release Rod Sleeve,simple,Columbia Tools,Drywall Finishing Tools > Parts,12.95,,12.95,9.31,,3.64,28.11,28.11,39.10,,30.00,13.30,9.06,0.25,0
AH1B,Return Spring,simple,Columbia Tools,Drywall Finishing Tools > Parts,3.00,,3.00,,,,,,,,30.00,,2.10,,0
CT101,Return Spring,simple,Columbia Tools,Drywall Finishing Tools > Parts,9.25,,9.25,,,,,,,,30.00,,6.48,,0
CT54,Return Spring,simple,Columbia Tools,Drywall Finishing Tools > Parts,3.00,,3.00,,,,,,,,30.00,,2.10,,0
CT40,Return Spring Ring,simple,Columbia Tools,Drywall Finishing Tools > Parts,2.00,,2.00,,,,,,,,30.00,,1.40,,0
CT36,Return Spring Tube,simple,Columbia Tools,Drywall Finishing Tools > Parts,33.00,,33.00,20.16,,12.84,38.91,38.91,63.69,,30.00,28.80,23.10,-2.94,0
HH33,Rlease Trigger Spring,simple,Columbia Tools,Drywall Finishing Tools > Parts,11.75,,11.75,,,,,,,,30.00,,8.22,,0
FFB7,Shoe - Right,variation,Columbia Tools,(Uncategorized),42.95,,42.95,,,,,,,,30.00,,30.06,,0
FFB7A,Shoe - Left,variation,Columbia Tools,(Uncategorized),42.95,,42.95,,,,,,,,30.00,,30.06,,0
CFB3-7,"Side Plate - 7""",variation,Columbia Tools,(Uncategorized),40.00,,40.00,,,,,,,,30.00,,28.00,,0
CFB3-8,"Side Plate - 8""",variation,Columbia Tools,(Uncategorized),40.00,,40.00,,,,,,,,30.00,,28.00,,0
CT90,Rod Sleeve Housing,simple,Columbia Tools,Drywall Finishing Tools > Parts,22.50,,22.50,,,,,,,,30.00,,15.75,,0
HNS12A,Roll Pin,simple,Columbia Tools,Drywall Finishing Tools > Parts,6.00,,6.00,,,,,,,,30.00,,4.20,,0
HNS13,Roll Pin Bushing,simple,Columbia Tools,Drywall Finishing Tools > Parts,9.95,,9.95,,,,,,,,30.00,,6.96,,0
CR2,Roller,simple,Columbia Tools,Drywall Finishing Tools > Parts,12.00,,12.00,,,,,,,,30.00,,8.40,,0
CT28,Roller Bushing,simple,Columbia Tools,Drywall Finishing Tools > Parts,10.75,,10.75,2.32,,8.43,78.42,78.42,363.36,,30.00,3.32,7.52,-5.20,0
CT125,Rollers,simple,Columbia Tools,Drywall Finishing Tools > Parts,15.25,,15.25,1.93,,13.32,87.34,87.34,690.16,,30.00,2.76,10.68,-8.75,0
FFB37,Rubber for Box Wheel,simple,Columbia Tools,Drywall Finishing Tools > Parts,2.00,,2.00,,,,,,,,30.00,,1.40,,0
CT87-CS,Rubber Seal,simple,Columbia Tools,Drywall Finishing Tools > Parts,9.75,,9.75,4.25,,5.50,56.41,56.41,129.41,,30.00,6.08,6.82,-2.57,0
AH4,Side Blade,simple,Columbia Tools,Drywall Finishing Tools > Parts,29.50,,29.50,2.13,,27.37,92.78,92.78,1284.98,,30.00,3.05,20.65,-18.52,0
CT7A,Side Plate Hub,simple,Columbia Tools,Drywall Finishing Tools > Parts,24.50,,24.50,7.76,,16.74,68.33,68.33,215.72,,30.00,11.09,17.15,-9.39,0
MP39,Sleeve,simple,Columbia Tools,Drywall Finishing Tools > Parts,14.75,,14.75,,,,,,,,30.00,,10.32,,0
MH20,Small Nyliner Bushing,simple,Columbia Tools,Drywall Finishing Tools > Parts,3.00,,3.00,,,,,,,,30.00,,2.10,,0
AH18,Socket Wear Cap,simple,Columbia Tools,Drywall Finishing Tools > Parts,9.00,,9.00,,,,,,,,30.00,,6.30,,0
CT119,Spool Retaining Spring,simple,Columbia Tools,Drywall Finishing Tools > Parts,7.25,,7.25,3.49,,3.76,51.86,51.86,107.74,,30.00,4.99,5.08,-1.59,0
AH1A,Spring Housing,simple,Columbia Tools,Drywall Finishing Tools > Parts,8.00,,8.00,,,,,,,,30.00,,5.60,,0
FFB4B,Stainless Steel Backing Washer,simple,Columbia Tools,Drywall Finishing Tools > Parts,4.00,,4.00,,,,,,,,30.00,,2.80,,0
CT6A,Stainless Steel Side Plate - Left,simple,Columbia Tools,Drywall Finishing Tools > Parts,42.95,,42.95,22.32,,20.63,48.03,48.03,92.43,,30.00,31.89,30.06,-7.74,0
FFB4A,Stainless Steel Washer,simple,Columbia Tools,Drywall Finishing Tools > Parts,5.00,,5.00,,,,,,,,30.00,,3.50,,0
CT116A,Strap,simple,Columbia Tools,Drywall Finishing Tools > Parts,28.50,,28.50,11.64,,16.86,59.16,59.16,144.85,,30.00,16.63,19.95,-8.31,0
AH8A,"Top Retainer Corner Clip - 3.5""",variation,Columbia Tools,(Uncategorized),9.75,,9.75,,,,,,,,30.00,,6.82,,0
AH8,Top Retainer Corner Clip - Standard,variation,Columbia Tools,(Uncategorized),8.00,,8.00,3.84,,4.16,52.00,52.00,108.33,,30.00,5.49,5.60,-1.76,0
D14-22,Dura-III Adjustable - 14”-22”,variation,Dura-Stilts,(Uncategorized),400.00,,400.00,,,,,,,,30.00,,280.00,,0
D18-30,Dura-III Adjustable - 18”-30”,variation,Dura-Stilts,(Uncategorized),415.00,,415.00,,,,,,,,30.00,,290.50,,0
D24-40,Dura-III Adjustable - 24”-40”,variation,Dura-Stilts,(Uncategorized),435.00,,435.00,,,,,,,,30.00,,304.50,,0
D38-64,Dura-III Adjustable - 38”-64”,variation,Dura-Stilts,(Uncategorized),584.00,,584.00,,,,,,,,30.00,,408.80,,0
4-701,"LEVEL5 Corner Applicator - 7""",variation,LEVEL5,(Uncategorized),285.59,,285.59,,,,,,,,30.00,,199.91,,0
4-702,"LEVEL5 Corner Applicator - 8""",variation,LEVEL5,(Uncategorized),294.52,,294.52,,,,,,,,30.00,,206.16,,0
4-794,"LEVEL5 Corner Applicator Handle (Extendable) - 31""-50""",variation,LEVEL5,(Uncategorized),175.08,,175.08,,,,,,,,30.00,,122.56,,0
4-798,"LEVEL5 Corner Applicator Handle (Extendable) - 43""-72""",variation,LEVEL5,(Uncategorized),193.78,,193.78,,,,,,,,30.00,,135.65,,0
BH11,Strap Connecting Pin,simple,Columbia Tools,Drywall Finishing Tools > Parts,7.95,,7.95,,,,,,,,30.00,,5.56,,0
CR12,Swivel Coupling Pin,simple,Columbia Tools,Drywall Finishing Tools > Parts,12.50,,12.50,2.40,,10.10,80.80,80.80,420.83,,30.00,3.43,8.75,-6.35,0
CT57,Tape Advance Carriage,simple,Columbia Tools,Drywall Finishing Tools > Parts,82.00,,82.00,52.75,,29.25,35.67,35.67,55.45,,30.00,75.36,57.40,-4.65,0
CT120,Tape Spool,simple,Columbia Tools,Drywall Finishing Tools > Parts,14.50,,14.50,15.51,,-1.01,-6.97,-6.97,-6.51,,30.00,22.16,10.15,5.36,0
CT14A,Taper Adjustable Brake,simple,Columbia Tools,Drywall Finishing Tools > Parts,22.50,,22.50,3.69,,18.81,83.60,83.60,509.76,,30.00,5.28,15.75,-12.06,0
FFB32A,Thumb Release Clip Screw,simple,Columbia Tools,Drywall Finishing Tools > Parts,12.50,,12.50,,,,,,,,30.00,,8.75,,0
CT53,Toe Kicker,simple,Columbia Tools,Drywall Finishing Tools > Parts,28.50,,28.50,13.59,,14.91,52.32,52.32,109.71,,30.00,19.42,19.95,-6.36,0
CT92A,Toe Kicker Caple Retainer Clip,simple,Columbia Tools,Drywall Finishing Tools > Parts,7.95,,7.95,1.56,,6.39,80.38,80.38,409.62,,30.00,2.23,5.56,-4.00,0
HH10A,Top Cap,simple,Columbia Tools,Drywall Finishing Tools > Parts,2.00,,2.00,,,,,,,,30.00,,1.40,,0
BH5,Upper Mounting Bracket,simple,Columbia Tools,Drywall Finishing Tools > Parts,18.50,,18.50,5.43,,13.07,70.65,70.65,240.70,,30.00,7.76,12.95,-7.52,0
HH2,Upper Mounting Bracket,simple,Columbia Tools,Drywall Finishing Tools > Parts,66.00,,66.00,,,,,,,,30.00,,46.20,,0
HNS20,Wedge,simple,Columbia Tools,Drywall Finishing Tools > Parts,22.50,,22.50,,,,,,,,30.00,,15.75,,0
4-732,"LEVEL5 Corner Finisher - 2.5""",variation,LEVEL5,(Uncategorized),397.37,,397.37,,,,,,,,30.00,,278.16,,0
4-733,"LEVEL5 Corner Finisher - 3""",variation,LEVEL5,(Uncategorized),406.72,,406.72,,,,,,,,30.00,,284.70,,0
4-734,"LEVEL5 Corner Finisher - 3.5""",variation,LEVEL5,(Uncategorized),416.07,,416.07,,,,,,,,30.00,,291.25,,0
4-735,"LEVEL5 Corner Finisher - 4""",variation,LEVEL5,(Uncategorized),425.42,,425.42,,,,,,,,30.00,,297.79,,0
4-795,"LEVEL5 Corner Finisher Handle (Extendable) - 31""-50""",variation,LEVEL5,(Uncategorized),186.98,,186.98,,,,,,,,30.00,,130.89,,0
4-799,"LEVEL5 Corner Finisher Handle (Extendable) - 43""-72""",variation,LEVEL5,(Uncategorized),205.68,,205.68,,,,,,,,30.00,,143.98,,0
4-743,"LEVEL5 Corner Flusher - 3""",variation,LEVEL5,(Uncategorized),128.69,,128.69,,,,,,,,30.00,,90.08,,0
4-744,"LEVEL5 Corner Flusher - 3.5""",variation,LEVEL5,(Uncategorized),132.74,,132.74,,,,,,,,30.00,,92.92,,0
4-767,"LEVEL5 Flat Box (MEGA) - 7""",variation,LEVEL5,(Uncategorized),398.64,,398.64,,,,,,,,30.00,,279.05,,0
4-768,"LEVEL5 Flat Box (MEGA) - 10""",variation,LEVEL5,(Uncategorized),407.99,,407.99,,,,,,,,30.00,,285.59,,0
4-769,"LEVEL5 Flat Box (MEGA) - 12""",variation,LEVEL5,(Uncategorized),422.02,,422.02,,,,,,,,30.00,,295.41,,0
4-764,"LEVEL5 Flat Box (Standard) - 7""",variation,LEVEL5,(Uncategorized),379.52,,379.52,,,,,,,,30.00,,265.66,,0
4-765,"LEVEL5 Flat Box (Standard) - 10""",variation,LEVEL5,(Uncategorized),388.87,,388.87,,,,,,,,30.00,,272.21,,0
4-766,"LEVEL5 Flat Box (Standard) - 12""",variation,LEVEL5,(Uncategorized),398.64,,398.64,,,,,,,,30.00,,279.05,,0
4-770,"LEVEL5 Flat Box (Standard) - 14""",variation,LEVEL5,(Uncategorized),412.67,,412.67,,,,,,,,30.00,,288.87,,0
4-759,"LEVEL5 Flat Box Handle (Extendable) - 48""-78""",variation,LEVEL5,(Uncategorized),313.22,,313.22,,,,,,,,30.00,,219.25,,0
4-780,"LEVEL5 Flat Box Handle (Extendable) - 40""-62""",variation,LEVEL5,(Uncategorized),303.87,,303.87,,,,,,,,30.00,,212.71,,0
4-781,"LEVEL5 Flat Box Handle (Extendable) - 30""-42""",variation,LEVEL5,(Uncategorized),294.52,,294.52,,,,,,,,30.00,,206.16,,0
4-782,"LEVEL5 Flat Box Handle (Extendable) - 23""-32""",variation,LEVEL5,(Uncategorized),276.24,,276.24,,,,,,,,30.00,,193.37,,0
4-711,"LEVEL5 Flat Box Handle (Fixed Length) - 34""",variation,LEVEL5,(Uncategorized),175.09,,175.09,,,,,,,,30.00,,122.56,,0
4-712,"LEVEL5 Flat Box Handle (Fixed Length) - 42""",variation,LEVEL5,(Uncategorized),184.02,,184.02,,,,,,,,30.00,,128.81,,0
4-740,"LEVEL5 Flat Box Handle (Fixed Length) - 54""",variation,LEVEL5,(Uncategorized),202.72,,202.72,,,,,,,,30.00,,141.90,,0
4-754,"LEVEL5 Nail Spotter - 2""",variation,LEVEL5,(Uncategorized),271.14,,271.14,,,,,,,,30.00,,189.80,,0
4-755,"LEVEL5 Nail Spotter - 3""",variation,LEVEL5,(Uncategorized),289.84,,289.84,,,,,,,,30.00,,202.89,,0
4-630,LEVEL5 The Starter Taping Set,simple,LEVEL5,Drywall Finishing Tools > Automatic Taping Tools > Automatic Taping Tool Sets,2111.16,,2111.16,,,,,,,,30.00,,1477.81,,0
4-602,LEVEL5 Entry to Automatic Finishing Set - Tools Only,variation,LEVEL5,(Uncategorized),2395.52,,2395.52,,,,,,,,30.00,,1676.86,,0
4-600P,LEVEL5 Entry to Automatic Finishing Set - With Automatic Taper,variation,LEVEL5,(Uncategorized),3850.70,,3850.70,,,,,,,,30.00,,2695.49,,0
4-677P,LEVEL5 The Ultimate Taping & Finishing Set,simple,LEVEL5,Drywall Finishing Tools > Automatic Taping Tools > Automatic Taping Tool Sets,6342.64,,6342.64,,,,,,,,30.00,,4439.85,,0
5-777,"LEVEL5 Corner Roller Handle - 50""",variation,LEVEL5,(Uncategorized),89.99,,89.99,,,,,,,,30.00,,62.99,,0
4-777,"LEVEL5 Corner Roller Handle - 54""",variation,LEVEL5,(Uncategorized),92.22,,92.22,,,,,,,,30.00,,64.55,,0
4-778,"LEVEL5 50"" Fixed Handle - Corner Applicator",variation,LEVEL5,(Uncategorized),92.22,,92.22,,,,,,,,30.00,,64.55,,0
4-779,"LEVEL5 50"" Fixed Handle - Corner Finisher",variation,LEVEL5,(Uncategorized),92.22,,92.22,,,,,,,,30.00,,64.55,,0
4-792,"LEVEL5 31""- 50"" Corner Roller/Nail Spotter Handle",simple,LEVEL5,Drywall Finishing Tools > Automatic Taping Tools > Extendable Handles,179.33,,179.33,,,,,,,,30.00,,125.53,,0
4-760,LEVEL5 Automatic Taper,simple,LEVEL5,Drywall Finishing Tools > Automatic Taping Tools > Automatic Tapers,1444.99,,1444.99,,,,,,,,30.00,,1011.49,,0
4-715,LEVEL5 Box Filler,simple,LEVEL5,Drywall Finishing Tools > Automatic Taping Tools > Box Fillers,67.57,,67.57,,,,,,,,30.00,,47.30,,0
4-771,LEVEL5 Compound Pump,simple,LEVEL5,Drywall Finishing Tools > Automatic Taping Tools > Loading Pumps,452.62,,452.62,,,,,,,,30.00,,316.83,,0
4-741,LEVEL5 Compound Tube,simple,LEVEL5,Drywall Finishing Tools > Semi-Automatic Taping Tools > Compound Tubes,203.84,,203.84,,,,,,,,30.00,,142.69,,0
4-707,LEVEL5 Corner Roller,simple,LEVEL5,Drywall Finishing Tools > Automatic Taping Tools > Corner Rollers,152.14,,152.14,,,,,,,,30.00,,106.50,,0
5-311,LEVEL5 Drywall Banjo,simple,LEVEL5,Drywall Finishing Tools > Semi-Automatic Taping Tools > Semi-Automatic Tapers,150.29,,150.29,,,,,,,,30.00,,105.20,,0
PT-CF2.5,"Platinum Angle Head Corner Finisher with Wheels - 2.5""",variation,Platinum Drywall Tools,(Uncategorized),239.00,,239.00,,,,,,,,30.00,,167.30,,0
PT-3CF,"Platinum Angle Head Corner Finisher with Wheels - 3""",variation,Platinum Drywall Tools,(Uncategorized),249.00,,249.00,,,,,,,,30.00,,174.30,,0
PT-CF3.5,"Platinum Angle Head Corner Finisher with Wheels - 3.5""",variation,Platinum Drywall Tools,(Uncategorized),259.00,,259.00,,,,,,,,30.00,,181.30,,0
PT-CT24,"Platinum Compound Tube - 24""",variation,Platinum Drywall Tools,(Uncategorized),150.00,,150.00,,,,,,,,30.00,,105.00,,0
PT-CT36,"Platinum Compound Tube - 36""",variation,Platinum Drywall Tools,(Uncategorized),155.00,,155.00,,,,,,,,30.00,,108.50,,0
PT-CT42,"Platinum Compound Tube - 42""",variation,Platinum Drywall Tools,(Uncategorized),160.00,,160.00,,,,,,,,30.00,,112.00,,0
PT-BH34,"Platinum Flat Box Handle - 34""",variation,Platinum Drywall Tools,(Uncategorized),90.00,,90.00,,,,,,,,30.00,,63.00,,0
PT-BH42,"Platinum Flat Box Handle - 42""",variation,Platinum Drywall Tools,(Uncategorized),95.00,,95.00,,,,,,,,30.00,,66.50,,0
PT-BH54,"Platinum Flat Box Handle - 54""",variation,Platinum Drywall Tools,(Uncategorized),100.00,,100.00,,,,,,,,30.00,,70.00,,0
PT-10FB,"Platinum Flat Finishing Box - 10""",variation,Platinum Drywall Tools,(Uncategorized),195.00,,195.00,,,,,,,,30.00,,136.50,,0
PT-12FB,"Platinum Flat Finishing Box - 12""",variation,Platinum Drywall Tools,(Uncategorized),205.00,,205.00,,,,,,,,30.00,,143.50,,0
PT-14FB,"Platinum Flat Finishing Box - 14""",variation,Platinum Drywall Tools,(Uncategorized),215.00,,215.00,,,,,,,,30.00,,150.50,,0
PT-8FB,"Platinum Flat Finishing Box - 8""",variation,Platinum Drywall Tools,(Uncategorized),185.00,,185.00,,,,,,,,30.00,,129.50,,0
4-714,LEVEL5 Gooseneck,simple,LEVEL5,Drywall Finishing Tools > Automatic Taping Tools > Goosenecks,101.14,,101.14,,,,,,,,30.00,,70.80,,0
4-772,LEVEL5 MiniShot,simple,LEVEL5,Drywall Finishing Tools > Semi-Automatic Taping Tools > Compound Applicators,934.99,,934.99,,,,,,,,30.00,,654.49,,0
4-773,LEVEL5 MiniShot Ext. Handle,simple,LEVEL5,Drywall Finishing Tools > Automatic Taping Tools > Extendable Handles,73.94,,73.94,,,,,,,,30.00,,51.76,,0
4-746,LEVEL5 Outside Corner Tool,simple,LEVEL5,Drywall Finishing Tools > Automatic Taping Tools > Corner Rollers,73.94,,73.94,,,,,,,,30.00,,51.76,,0
PT-2NS,"Platinum Nail Spotter - 2""",variation,Platinum Drywall Tools,(Uncategorized),160.00,,160.00,,,,,,,,30.00,,112.00,,0
PT-3NS,"Platinum Nail Spotter - 3""",variation,Platinum Drywall Tools,(Uncategorized),160.00,,160.00,,,,,,,,30.00,,112.00,,0
PT-3.5CF,"Platinum Stainless Steel Corner Flusher - 3.5""",variation,Platinum Drywall Tools,(Uncategorized),80.00,,80.00,,,,,,,,30.00,,56.00,,0
PT-2.5CF,"Platinum Stainless Steel Corner Flusher - 2.5""",variation,Platinum Drywall Tools,(Uncategorized),75.00,,75.00,,,,,,,,30.00,,52.50,,0
PT-CFH50,"Platinum 50"" Corner Tool Handle - Angle Head",variation,Platinum Drywall Tools,(Uncategorized),49.00,,49.00,,,,,,,,30.00,,34.30,,0
PT-CAH50,"Platinum 50"" Corner Tool Handle - Corner Box",variation,Platinum Drywall Tools,(Uncategorized),49.00,,49.00,,,,,,,,30.00,,34.30,,0
PT-CRH50,"Platinum 50"" Corner Tool Handle - Corner Roller",variation,Platinum Drywall Tools,(Uncategorized),59.00,,59.00,,,,,,,,30.00,,41.30,,0
PT-ICA,Platinum 90° Corner Applicator - Inside,variation,Platinum Drywall Tools,(Uncategorized),59.00,,59.00,,,,,,,,30.00,,41.30,,0
PT-OCA,Platinum 90° Corner Applicator - Outside,variation,Platinum Drywall Tools,(Uncategorized),59.00,,59.00,,,,,,,,30.00,,41.30,,0
PT-CRE,Platinum Corner Roller - ECO Inside,variation,Platinum Drywall Tools,(Uncategorized),59.00,,59.00,,,,,,,,30.00,,41.30,,0
PT-CR,Platinum Corner Roller - Inside,variation,Platinum Drywall Tools,(Uncategorized),79.99,,79.99,,,,,,,,30.00,,55.99,,0
PT-OCR,Platinum Corner Roller - Outside 90°,variation,Platinum Drywall Tools,(Uncategorized),69.99,,69.99,,,,,,,,30.00,,48.99,,0
PT-FA,"Platinum 4"" Flat Applicator",simple,Platinum Drywall Tools,Drywall Finishing Tools > Semi-Automatic Taping Tools > Compound Applicators,59.00,,59.00,,,,,,,,30.00,,41.30,,0
PT-CA8,"Platinum 8"" Corner Applicator",simple,Platinum Drywall Tools,Drywall Finishing Tools > Semi-Automatic Taping Tools > Compound Applicators,159.00,,159.00,,,,,,,,30.00,,111.30,,0
PT-BF,Platinum Box Filler Attachment,simple,Platinum Drywall Tools,Drywall Finishing Tools > Automatic Taping Tools > Box Fillers,49.00,,49.00,,,,,,,,30.00,,34.30,,0
PT-CP,Platinum Drywall Pump w/Filler,simple,Platinum Drywall Tools,Drywall Finishing Tools > Automatic Taping Tools > Loading Pumps,269.00,,269.00,,,,,,,,30.00,,188.30,,0
PT-FIN,Platinum Drywall Starter Finishing Set,simple,Platinum Drywall Tools,Drywall Finishing Tools > Automatic Taping Tools > Automatic Taping Tool Sets,1399.00,,1399.00,,,,,,,,30.00,,979.30,,0
PT-EXT3IN1-1,Platinum Extendable Angle Head Handle,simple,Platinum Drywall Tools,Drywall Finishing Tools > Automatic Taping Tools > Extendable Handles,75.00,,75.00,,,,,,,,30.00,,52.50,,0
PT-EBH,"Platinum Extendable Flat Box Handle 40"" – 64""",simple,Platinum Drywall Tools,Drywall Finishing Tools > Automatic Taping Tools > Flat Box Handles,169.00,,169.00,,,,,,,,30.00,,118.30,,0
S1-A-1624,"SurPro S1 Aluminum Drywall Stilts - 16""-24""",variation,SurPro,(Uncategorized),322.00,,322.00,,,,,,,,30.00,,225.40,,0
S1-A-2030,"SurPro S1 Aluminum Drywall Stilts - 20""-30""",variation,SurPro,(Uncategorized),331.00,,331.00,,,,,,,,30.00,,231.70,,0
S1-A-2640,"SurPro S1 Aluminum Drywall Stilts - 26""-40""",variation,SurPro,(Uncategorized),340.00,,340.00,,,,,,,,30.00,,238.00,,0
S1-M-1624,"SurPro S1 Magnesium Drywall Stilts - 16""-24""",variation,SurPro,(Uncategorized),368.00,,368.00,,,,,,,,30.00,,257.60,,0
S1-M-2030,"SurPro S1 Magnesium Drywall Stilts - 20""-30""",variation,SurPro,(Uncategorized),376.50,,376.50,,,,,,,,30.00,,263.55,,0
S1-M-2640,"SurPro S1 Magnesium Drywall Stilts - 26""-40""",variation,SurPro,(Uncategorized),385.00,,385.00,,,,,,,,30.00,,269.50,,0
S1X-A-2131,"SurPro S1X Aluminum Drywall Stilts - 21""-31""",variation,SurPro,(Uncategorized),407.00,,407.00,,,,,,,,30.00,,284.90,,0
S1X-A-2640,"SurPro S1X Aluminum Drywall Stilts - 26""-40""",variation,SurPro,(Uncategorized),407.00,,407.00,,,,,,,,30.00,,284.90,,0
S1X-M-2131,"SurPro S1X Magnesium Drywall Stilts - 21""-31""",variation,SurPro,(Uncategorized),430.00,,430.00,,,,,,,,30.00,,301.00,,0
S1X-M-2640,"SurPro S1X Magnesium Drywall Stilts - 26""-40""",variation,SurPro,(Uncategorized),441.00,,441.00,,,,,,,,30.00,,308.70,,0
S2-A-1624,"SurPro S2 Aluminum Drywall Stilts - 16""-24""",variation,SurPro,(Uncategorized),356.00,,356.00,,,,,,,,30.00,,249.20,,0
S2-A-2030,"SurPro S2 Aluminum Drywall Stilts - 20""-30""",variation,SurPro,(Uncategorized),365.00,,365.00,,,,,,,,30.00,,255.50,,0
S2-A-2640,"SurPro S2 Aluminum Drywall Stilts - 26""-40""",variation,SurPro,(Uncategorized),374.00,,374.00,,,,,,,,30.00,,261.80,,0
S2-M-1624,"SurPro S2 Magnesium Drywall Stilts - 16""-24""",variation,SurPro,(Uncategorized),395.00,,395.00,,,,,,,,30.00,,276.50,,0
S2-M-2030,"SurPro S2 Magnesium Drywall Stilts - 20""-30""",variation,SurPro,(Uncategorized),403.50,,403.50,,,,,,,,30.00,,282.45,,0
S2-M-2640,"SurPro S2 Magnesium Drywall Stilts - 26""-40""",variation,SurPro,(Uncategorized),412.00,,412.00,,,,,,,,30.00,,288.40,,0
PT-MNBH,Platinum Mini Box Handle,simple,Platinum Drywall Tools,Drywall Finishing Tools > Automatic Taping Tools > Flat Box Handles,62.00,,62.00,,,,,,,,30.00,,43.40,,0
PT-AICA,Platinum 4 Wheel Inside Angle / Corner Applicator,simple,Platinum Drywall Tools,Drywall Finishing Tools > Semi-Automatic Taping Tools > Compound Applicators,89.00,,89.00,,,,,,,,30.00,,62.30,,0
PT-TP,Platinum Semi Automatic Drywall Taper,simple,Platinum Drywall Tools,Drywall Finishing Tools > Semi-Automatic Taping Tools > Semi-Automatic Tapers,145.00,,145.00,,,,,,,,30.00,,101.50,,0
PT-GN,Platinum Gooseneck,simple,Platinum Drywall Tools,Drywall Finishing Tools > Automatic Taping Tools > Goosenecks,59.00,,59.00,,,,,,,,30.00,,41.30,,0
S2X-A-3852,"SurPro S2X Aluminum Drywall Stilts - 38""-52""",variation,SurPro,(Uncategorized),486.00,,486.00,,,,,,,,30.00,,340.20,,0
S2X-A-2640,"SurPro S2X Aluminum Drywall Stilts - 26""-40""",variation,SurPro,(Uncategorized),457.00,,457.00,,,,,,,,30.00,,319.90,,0
S2X-M-2131,"SurPro S2X Magnesium Drywall Stilts - 21""-31""",variation,SurPro,(Uncategorized),479.00,,479.00,,,,,,,,30.00,,335.30,,0
S2X-M-2640,"SurPro S2X Magnesium Drywall Stilts - 26""-40""",variation,SurPro,(Uncategorized),490.00,,490.00,,,,,,,,30.00,,343.00,,0
16TT,TapeTech Applicator Head - Outside Corner,variation,TapeTech,(Uncategorized),85.43,,85.43,59.80,85.00,25.63,30.00,30.00,42.86,29.65,30.00,85.43,59.80,0.00,0
16TT90,TapeTech Applicator Head - Inside Corner,variation,TapeTech,(Uncategorized),85.43,,85.43,59.80,85.00,25.63,30.00,30.00,42.86,29.65,30.00,85.43,59.80,0.00,0
BHE-SW,"TapeTech Brakeless Box Handle - Rotational Extendable 34""-60""",variation,TapeTech,(Uncategorized),329.00,,329.00,238.55,,90.45,27.49,27.49,37.92,,30.00,340.79,230.30,8.25,0
BH,"TapeTech Brakeless Box Handle - Fixed 34""",variation,TapeTech,(Uncategorized),149.00,,149.00,99.12,149.00,49.88,33.48,33.48,50.32,33.48,30.00,141.60,104.30,-5.18,0
BHE,"TapeTech Brakeless Box Handle - Extendable 34""-60""",variation,TapeTech,(Uncategorized),305.72,,305.72,214.00,299.00,91.72,30.00,30.00,42.86,28.43,30.00,305.72,214.00,0.00,0
TTPFB,TapeTech Paper Faced Bead Pro Set,simple,TapeTech,Drywall Finishing Tools > Automatic Taping Tools > Automatic Taping Tool Sets,1949.00,,1949.00,,,,,,,,30.00,,1364.30,,0
TTBTS,TapeTech Basic Taping Set,simple,TapeTech,Drywall Finishing Tools > Automatic Taping Tools > Automatic Taping Tool Sets,2829.00,,2829.00,,,,,,,,30.00,,1980.30,,0
TTPPS-EF,TapeTech Pro Performance Easy Finish Set,simple,TapeTech,Drywall Finishing Tools > Automatic Taping Tools > Automatic Taping Tool Sets,7295.00,,7295.00,,,,,,,,30.00,,5106.50,,0
TTSFS-2,TapeTech Standard Full Set - With 2 Pumps,simple,TapeTech,Drywall Finishing Tools > Automatic Taping Tools > Automatic Taping Tool Sets,5357.00,,5357.00,,,,,,,,30.00,,3749.90,,0
TTCFS,TapeTech Corner Finishing Set,simple,TapeTech,Drywall Finishing Tools > Automatic Taping Tools > Automatic Taping Tool Sets,1416.00,,1416.00,,,,,,,,30.00,,991.20,,0
TTSFS,TapeTech Standard Full Set - Standard,simple,TapeTech,Drywall Finishing Tools > Automatic Taping Tools > Automatic Taping Tool Sets,4958.00,,4958.00,,,,,,,,30.00,,3470.60,,0
TTPPS,TapeTech Pro Performance Set,simple,TapeTech,Drywall Finishing Tools > Automatic Taping Tools > Automatic Taping Tool Sets,6625.00,,6625.00,,,,,,,,30.00,,4637.50,,0
TTPSS,TapeTech Professional Starter Set,simple,TapeTech,Drywall Finishing Tools > Automatic Taping Tools > Automatic Taping Tool Sets,4559.00,,4559.00,,,,,,,,30.00,,3191.30,,0
TTBBS,TapeTech Basic Box Set,simple,TapeTech,Drywall Finishing Tools > Automatic Taping Tools > Automatic Taping Tool Sets,1644.00,,1644.00,,,,,,,,30.00,,1150.80,,0
TTCFS-M,TapeTech MudRunner Corner Finishing Set,simple,TapeTech,Drywall Finishing Tools > Automatic Taping Tools > Automatic Taping Tool Sets,1928.00,,1928.00,,,,,,,,30.00,,1349.60,,0
CF25COMBO,"TapeTech Combo Corner Flusher - 2.5""",variation,TapeTech,(Uncategorized),179.00,,179.00,,,,,,,,30.00,,125.30,,0
CF30COMBO,"TapeTech Combo Corner Flusher - 3""",variation,TapeTech,(Uncategorized),184.00,,184.00,,,,,,,,30.00,,128.80,,0
CF35COMBO,"TapeTech Combo Corner Flusher - 3.5""",variation,TapeTech,(Uncategorized),189.00,,189.00,,,,,,,,30.00,,132.30,,0
CF40COMBO,"TapeTech Combo Corner Flusher - 4""",variation,TapeTech,(Uncategorized),194.00,,194.00,,,,,,,,30.00,,135.80,,0
CT24TT,"TapeTech Compound Tube - 24""",variation,TapeTech,(Uncategorized),189.00,,189.00,129.64,189.00,59.36,31.41,31.41,45.79,31.41,30.00,185.20,132.30,-2.66,0
CT36TT,"TapeTech Compound Tube - 36""",variation,TapeTech,(Uncategorized),199.00,,199.00,137.96,199.00,61.04,30.67,30.67,44.24,30.67,30.00,197.09,139.30,-1.34,0
CT42TT,"TapeTech Compound Tube - 42""",variation,TapeTech,(Uncategorized),211.09,,211.09,147.76,209.00,63.33,30.00,30.00,42.86,29.30,30.00,211.09,147.76,0.00,0
CA07TT,"TapeTech Corner Applicator - 7""",variation,TapeTech,(Uncategorized),315.00,,315.00,206.89,315.00,108.11,34.32,34.32,52.25,34.32,30.00,295.56,220.50,-13.61,0
CA08TT,"TapeTech Corner Applicator - 8""",variation,TapeTech,(Uncategorized),330.00,,330.00,218.63,330.00,111.37,33.75,33.75,50.94,33.75,30.00,312.33,231.00,-12.37,0
40XTT,"TapeTech Corner Finisher - 2""",variation,TapeTech,(Uncategorized),389.00,,389.00,262.50,389.00,126.50,32.52,32.52,48.19,32.52,30.00,375.00,272.30,-9.80,0
42TT,"TapeTech Corner Finisher - 2.5""",variation,TapeTech,(Uncategorized),399.00,,399.00,271.00,399.00,128.00,32.08,32.08,47.23,32.08,30.00,387.15,279.30,-8.30,0
48TT,"TapeTech Corner Finisher - 3"" EasyRoll® Adjustable",variation,TapeTech,(Uncategorized),429.00,,429.00,278.50,429.00,150.50,35.08,35.08,54.04,35.08,30.00,397.86,300.30,-21.80,0
48XTT,"TapeTech Corner Finisher - 3.5"" EasyRoll® Adjustable",variation,TapeTech,(Uncategorized),448.22,,448.22,313.75,439.00,134.47,30.00,30.00,42.86,28.53,30.00,448.22,313.75,0.00,0
15TTE,TapeTech Corner Roller - Inside Corner,variation,TapeTech,(Uncategorized),189.00,,189.00,,189.00,,,,,,30.00,,132.30,,0
17TT,TapeTech Corner Roller - Outside Corner,variation,TapeTech,(Uncategorized),170.00,,170.00,113.32,170.00,56.68,33.34,33.34,50.02,33.34,30.00,161.89,119.00,-5.68,0
17TTE,TapeTech Corner Roller - Flex Tape Outside Corner,variation,TapeTech,(Uncategorized),184.06,,184.06,128.84,179.00,55.22,30.00,30.00,42.86,28.02,30.00,184.06,128.84,0.00,0
CH55TT,TapeTech Cove Applicator Head - 55 mm,variation,TapeTech,(Uncategorized),99.00,,99.00,,99.00,,,,,,30.00,,69.30,,0
CH75TT,TapeTech Cove Applicator Head - 75 mm,variation,TapeTech,(Uncategorized),99.00,,99.00,,99.00,,,,,,30.00,,69.30,,0
CH83TT,TapeTech Cove Applicator Head - 83 mm,variation,TapeTech,(Uncategorized),99.00,,99.00,,99.00,,,,,,30.00,,69.30,,0
CH90TT,TapeTech Cove Applicator Head - 90 mm,variation,TapeTech,(Uncategorized),99.00,,99.00,,99.00,,,,,,30.00,,69.30,,0
CF25TT,"TapeTech Direct Corner Flusher - 2.5""",variation,TapeTech,(Uncategorized),114.00,,114.00,70.88,114.00,43.12,37.82,37.82,60.84,37.82,30.00,101.26,79.80,-8.92,0
CF30TT,"TapeTech Direct Corner Flusher - 3""",variation,TapeTech,(Uncategorized),119.00,,119.00,69.08,119.00,49.92,41.95,41.95,72.26,41.95,30.00,98.69,83.30,-14.22,0
CF35TT,"TapeTech Direct Corner Flusher - 3.5""",variation,TapeTech,(Uncategorized),125.00,,125.00,69.35,125.00,55.65,44.52,44.52,80.25,44.52,30.00,99.08,87.50,-18.15,0
CF40TT,"TapeTech Direct Corner Flusher - 4""",variation,TapeTech,(Uncategorized),129.00,,129.00,72.86,129.00,56.14,43.52,43.52,77.05,43.52,30.00,104.09,90.30,-17.44,0
03TT,"TapeTech EasyClean® Automatic Taper - Mini-Taper 40.5""",variation,TapeTech,(Uncategorized),1775.00,,1775.00,,1775.00,,,,,,30.00,,1242.50,,0
07TT,TapeTech EasyClean® Automatic Taper - Standard,variation,TapeTech,(Uncategorized),1672.12,,1672.12,1170.48,1599.00,501.64,30.00,30.00,42.86,26.80,30.00,1672.12,1170.48,0.00,0
07TT-C,TapeTech EasyClean® Automatic Taper - Carbon Fiber,variation,TapeTech,(Uncategorized),1816.18,,1816.18,1271.32,1780.00,544.86,30.00,30.00,42.86,28.58,30.00,1816.18,1271.33,-0.01,0
EZ07TT,"TapeTech EasyClean® Finishing Box - 7""",variation,TapeTech,(Uncategorized),379.00,,379.00,264.31,379.00,114.69,30.26,30.26,43.39,30.26,30.00,377.59,265.30,-0.99,0
EZ10TT,"TapeTech EasyClean® Finishing Box - 10""",variation,TapeTech,(Uncategorized),391.69,,391.69,274.18,389.00,117.51,30.00,30.00,42.86,29.52,30.00,391.69,274.18,0.00,0
EZ12TT,"TapeTech EasyClean® Finishing Box - 12""",variation,TapeTech,(Uncategorized),405.72,,405.72,284.00,399.00,121.72,30.00,30.00,42.86,28.82,30.00,405.72,284.00,0.00,0
EZ15TT,"TapeTech EasyClean® Finishing Box - 15""",variation,TapeTech,(Uncategorized),429.00,,429.00,,429.00,,,,,,30.00,,300.30,,0
76TT,TapeTech EasyClean® Pump - Standard,variation,TapeTech,(Uncategorized),399.00,,399.00,,,,,,,,30.00,,279.30,,0
76TT-CA,TapeTech EasyClean® Pump - Canada,variation,TapeTech,(Uncategorized),409.00,,409.00,,409.00,,,,,,30.00,,286.30,,0
76XLTT,TapeTech EasyClean® Pump - Extra Long,variation,TapeTech,(Uncategorized),659.00,,659.00,455.91,659.00,203.09,30.82,30.82,44.55,30.82,30.00,651.30,461.30,-5.39,0
8134TT,"TapeTech EasyFinish™ Box Handle - 34""",variation,TapeTech,(Uncategorized),259.76,,259.76,181.83,259.00,77.93,30.00,30.00,42.86,29.80,30.00,259.76,181.83,0.00,0
8142TT,"TapeTech EasyFinish™ Box Handle - 42""",variation,TapeTech,(Uncategorized),269.00,,269.00,187.11,269.00,81.89,30.44,30.44,43.77,30.44,30.00,267.30,188.30,-1.19,0
8154TT,"TapeTech EasyFinish™ Box Handle - 54""",variation,TapeTech,(Uncategorized),279.00,,279.00,191.29,279.00,87.71,31.44,31.44,45.85,31.44,30.00,273.28,195.30,-4.01,0
8172TT,"TapeTech EasyFinish™ Box Handle - 72""",variation,TapeTech,(Uncategorized),291.28,,291.28,203.89,289.00,87.39,30.00,30.00,42.86,29.45,30.00,291.28,203.90,-0.01,0
8034TT,"TapeTech Flat Box Handle - 34""",variation,TapeTech,(Uncategorized),229.00,,229.00,146.00,229.00,83.00,36.24,36.24,56.85,36.24,30.00,208.58,160.30,-14.30,0
8042TT,"TapeTech Flat Box Handle - 42""",variation,TapeTech,(Uncategorized),234.00,,234.00,162.14,234.00,71.86,30.71,30.71,44.32,30.71,30.00,231.63,163.80,-1.66,0
8054TT,"TapeTech Flat Box Handle - 54""",variation,TapeTech,(Uncategorized),239.00,,239.00,164.00,239.00,75.00,31.38,31.38,45.73,31.38,30.00,234.29,167.30,-3.30,0
8072TT,"TapeTech Flat Box Handle - 72""",variation,TapeTech,(Uncategorized),249.00,,249.00,167.00,249.00,82.00,32.93,32.93,49.10,32.93,30.00,238.58,174.30,-7.30,0
85T,TapeTech Gooseneck - Standard,variation,TapeTech,(Uncategorized),105.00,,105.00,,105.00,,,,,,30.00,,73.50,,0
85XLTT,TapeTech Gooseneck - Extra Long,variation,TapeTech,(Uncategorized),199.00,,199.00,136.64,,62.36,31.34,31.34,45.64,,30.00,195.20,139.30,-2.66,0
EHC07,"TapeTech MaxxBox® High Capacity Finishing Box - 7""",variation,TapeTech,(Uncategorized),419.00,,419.00,,419.00,,,,,,30.00,,293.30,,0
EHC10,"TapeTech MaxxBox® High Capacity Finishing Box - 10""",variation,TapeTech,(Uncategorized),419.00,,419.00,,419.00,,,,,,30.00,,293.30,,0
EHC12,"TapeTech MaxxBox® High Capacity Finishing Box - 12""",variation,TapeTech,(Uncategorized),444.00,,444.00,,444.00,,,,,,30.00,,310.80,,0
NS02TT,"TapeTech Nail Spotter - 2""",variation,TapeTech,(Uncategorized),303.66,,303.66,212.56,278.00,91.10,30.00,30.00,42.86,23.54,30.00,303.66,212.56,0.00,0
NS03TT,"TapeTech Nail Spotter - 3""",variation,TapeTech,(Uncategorized),313.10,,313.10,219.17,289.00,93.93,30.00,30.00,42.86,24.16,30.00,313.10,219.17,0.00,0
PAHC07,"TapeTech Power Assist® MaxxBox® Finishing Box - 7""",variation,TapeTech,(Uncategorized),491.26,,491.26,343.88,459.00,147.38,30.00,30.00,42.86,25.08,30.00,491.26,343.88,0.00,0
PAHC10,"TapeTech Power Assist® MaxxBox® Finishing Box - 10""",variation,TapeTech,(Uncategorized),494.93,,494.93,346.45,469.00,148.48,30.00,30.00,42.86,26.13,30.00,494.93,346.45,0.00,0
PAHC12,"TapeTech Power Assist® MaxxBox® Finishing Box - 12""",variation,TapeTech,(Uncategorized),520.16,,520.16,364.11,479.00,156.05,30.00,30.00,42.86,23.99,30.00,520.16,364.11,0.00,0
QB06-QSX,"TapeTech QuickBox® QSX Finishing Box - 6.5""",variation,TapeTech,(Uncategorized),149.00,,149.00,97.23,149.00,51.77,34.74,34.74,53.24,34.74,30.00,138.90,104.30,-7.07,0
QB08-QSX,"TapeTech QuickBox® QSX Finishing Box - 8.5""",variation,TapeTech,(Uncategorized),180.19,,180.19,126.13,174.00,54.06,30.00,30.00,42.86,27.51,30.00,180.19,126.13,0.00,0
FHTT,TapeTech Support Handle - Fiberglass,variation,TapeTech,(Uncategorized),59.00,,59.00,39.19,59.00,19.81,33.58,33.58,50.55,33.58,30.00,55.99,41.30,-2.11,0
FHTT-CC,TapeTech Support Handle - Closet Crusher Fiberglass,variation,TapeTech,(Uncategorized),50.00,,50.00,34.64,50.00,15.36,30.72,30.72,44.34,30.72,30.00,49.49,35.00,-0.36,0
XHTT,TapeTech Support Handle - Extension,variation,TapeTech,(Uncategorized),179.00,,179.00,122.22,179.00,56.78,31.72,31.72,46.46,31.72,30.00,174.60,125.30,-3.08,0
CAA-TT,TapeTech Support Handle Adapter - Corner Applicator,variation,TapeTech,(Uncategorized),45.00,,45.00,29.80,45.00,15.20,33.78,33.78,51.01,33.78,30.00,42.58,31.50,-1.70,0
CFA-TT,TapeTech Support Handle Adapter - Corner Finisher,variation,TapeTech,(Uncategorized),49.00,,49.00,34.04,49.00,14.96,30.53,30.53,43.95,30.53,30.00,48.63,34.30,-0.26,0
NSA-TT,TapeTech Support Handle Adapter - Nail Spotter,variation,TapeTech,(Uncategorized),40.00,,40.00,29.90,,10.10,25.25,25.25,33.78,,30.00,42.72,28.00,1.90,0
8000TT,TapeTech Wizard® Compact Finishing Box Handle - Standard,variation,TapeTech,(Uncategorized),109.00,,109.00,,,,,,,,30.00,,76.30,,0
8000TT-PA,TapeTech Wizard® Compact Finishing Box Handle - Power Assist,variation,TapeTech,(Uncategorized),109.00,,109.00,55.47,109.00,53.53,49.11,49.11,96.50,49.11,30.00,79.25,76.30,-20.83,0
14TT,TapeTech MudRunner® Compound Applicator - Standard,variation,TapeTech,(Uncategorized),900.00,,900.00,,,,,,,,30.00,,630.00,,0
MR01TT,TapeTech MudRunner® Compound Applicator - Pro,variation,TapeTech,(Uncategorized),1099.00,,1099.00,762.08,1099.00,336.92,30.66,30.66,44.21,30.66,30.00,1088.69,769.30,-7.22,0
CTA01TT,TapeTech Compound Tube Filler Adapter,simple,TapeTech,Drywall Finishing Tools > Semi-Automatic Taping Tools > Semi-Automatic Taping Tool Accessories,19.99,,19.99,12.57,19.99,7.42,37.12,37.12,59.03,37.12,30.00,17.96,13.99,-1.42,0
MRX01TT,TapeTech Extension,simple,TapeTech,Drywall Finishing Tools > Semi-Automatic Taping Tools > Semi-Automatic Taping Tool Accessories,179.00,,179.00,,179.00,,,,,,30.00,,125.30,,0
90T,TapeTech Filler Adapter,simple,TapeTech,Drywall Finishing Tools > Semi-Automatic Taping Tools > Semi-Automatic Taping Tool Accessories,79.00,,79.00,54.28,79.00,24.72,31.29,31.29,45.54,31.29,30.00,77.55,55.30,-1.02,0
GSR-TT,TapeTech Gooseneck Riser,simple,TapeTech,Drywall Finishing Tools > Automatic Taping Tools > Goosenecks,13.99,,13.99,6.56,,7.43,53.11,53.11,113.26,,30.00,9.38,9.79,-3.23,0
804003F,TapeTech Grip Assembly For Box Handle,simple,TapeTech,Drywall Finishing Tools > Parts,73.91,,73.91,36.28,,37.63,50.91,50.91,103.72,,30.00,51.83,51.74,-15.46,0
