old_filename,new_filename,brand,sku,page,resolution_source
4-707_SCH-page-001.webp,level5_4-707_sch-page-001.webp,level5,4-707,1,catalog SKU
4-734_SCH-page-001.webp,level5_4-734_sch-page-001.webp,level5,4-734,1,catalog SKU
4-764_SCH-page-001.webp,level5_4-764_sch-page-001.webp,level5,4-764,1,catalog SKU
4-765_SCH-page-001.webp,level5_4-765_sch-page-001.webp,level5,4-765,1,catalog SKU
4-766_SCH-page-001.webp,level5_4-766_sch-page-001.webp,level5,4-766,1,catalog SKU
4-767_SCH-page-001.webp,level5_4-767_sch-page-001.webp,level5,4-767,1,catalog SKU
4-768_SCH-page-001.webp,level5_4-768_sch-page-001.webp,level5,4-768,1,catalog SKU
4-769_SCH-page-001.webp,level5_4-769_sch-page-001.webp,level5,4-769,1,catalog SKU
4-771_SCH-page-001.webp,level5_4-771_sch-page-001.webp,level5,4-771,1,catalog SKU
7097_SCH-page-001.webp,level5_7097_sch-page-001.webp,level5,7097,1,Level5 spare-part schematic SKU
7218_SCH-page-001.webp,level5_7218_sch-page-001.webp,level5,7218,1,Level5 spare-part schematic SKU
7293_SCH-page-001.webp,level5_7293_sch-page-001.webp,level5,7293,1,Level5 spare-part schematic SKU
7377_SCH-page-001.webp,level5_7377_sch-page-001.webp,level5,7377,1,Level5 spare-part schematic SKU
76TT-page_1.webp,tapetech_76tt_sch-page-001.webp,tapetech,76TT,1,catalog SKU
8034TT_SCH_page_1.webp,tapetech_8034tt_sch-page-001.webp,tapetech,8034TT,1,catalog SKU
85T_SCH_page_1.webp,tapetech_85t_sch-page-001.webp,tapetech,85T,1,catalog SKU
88TTE_SCH-1.webp,tapetech_88tte_sch-page-001.webp,tapetech,88TTE,1,catalog SKU
90T_SCH_page_1.webp,tapetech_90t_sch-page-001.webp,tapetech,90T,1,catalog SKU
9333_SCH-page-001.webp,level5_9333_sch-page-001.webp,level5,9333,1,Level5 spare-part schematic SKU
ah25-ad_sch-page-001.webp,columbia_ah25-ad_sch-page-001.webp,columbia,ah25-ad,1,existing Columbia AD SKU
ah30-ad_sch-page-001.webp,columbia_ah30-ad_sch-page-001.webp,columbia,ah30-ad,1,existing Columbia AD SKU
ah35-ad_sch-page-001.webp,columbia_ah35-ad_sch-page-001.webp,columbia,ah35-ad,1,existing Columbia AD SKU
at01-ad_sch-page-001.webp,columbia_at01-ad_sch-page-001.webp,columbia,at01-ad,1,existing Columbia AD SKU
at01-ad_sch-page-002.webp,columbia_at01-ad_sch-page-002.webp,columbia,at01-ad,2,existing Columbia AD SKU
at01-ad_sch-page-003.webp,columbia_at01-ad_sch-page-003.webp,columbia,at01-ad,3,existing Columbia AD SKU
at01-ad_sch-page-004.webp,columbia_at01-ad_sch-page-004.webp,columbia,at01-ad,4,existing Columbia AD SKU
at01-ad_sch-page-005.webp,columbia_at01-ad_sch-page-005.webp,columbia,at01-ad,5,existing Columbia AD SKU
at01-ad_sch-page-006.webp,columbia_at01-ad_sch-page-006.webp,columbia,at01-ad,6,existing Columbia AD SKU
at01-ad_sch-page-007.webp,columbia_at01-ad_sch-page-007.webp,columbia,at01-ad,7,existing Columbia AD SKU
at01-ad_sch-page-008.webp,columbia_at01-ad_sch-page-008.webp,columbia,at01-ad,8,existing Columbia AD SKU
at01-ad_sch-page-009.webp,columbia_at01-ad_sch-page-009.webp,columbia,at01-ad,9,existing Columbia AD SKU
at01-ad_sch-page-010.webp,columbia_at01-ad_sch-page-010.webp,columbia,at01-ad,10,existing Columbia AD SKU
at01-ad_sch-page-011.webp,columbia_at01-ad_sch-page-011.webp,columbia,at01-ad,11,existing Columbia AD SKU
at01-ad_sch-page-012.webp,columbia_at01-ad_sch-page-012.webp,columbia,at01-ad,12,existing Columbia AD SKU
bbh-ad_sch-page-001.webp,columbia_bbh-ad_sch-page-001.webp,columbia,bbh-ad,1,existing Columbia AD SKU
bbhe-ad_sch-page-001.webp,columbia_bbhe-ad_sch-page-001.webp,columbia,bbhe-ad,1,existing Columbia AD SKU
bbhe-ad_sch-page-002.webp,columbia_bbhe-ad_sch-page-002.webp,columbia,bbhe-ad,2,existing Columbia AD SKU
ca08-ad_sch-page-001.webp,columbia_ca08-ad_sch-page-001.webp,columbia,ca08-ad,1,existing Columbia AD SKU
cfa-ad_sch-page-001.webp,columbia_cfa-ad_sch-page-001.webp,columbia,cfa-ad,1,existing Columbia AD SKU
columbia-180-grip-flat-box-handle-sch-schematic-page-01.webp,columbia_col-180-grip-flat-box-handle_sch-page-001.webp,columbia,COL-180-GRIP-FLAT-BOX-HANDLE,1,schematic map: columbia-flat-box-handle
columbia-angle-head-sch-schematic-page-01.webp,columbia_col-angle-head_sch-page-001.webp,columbia,COL-ANGLE-HEAD,1,schematic map: columbia-angle-head
columbia-automatic-flat-finishing-box-sch-schematic-page-01.webp,columbia_col-automatic-flat-box_sch-page-001.webp,columbia,COL-AUTOMATIC-FLAT-BOX,1,schematic map: columbia-automatic-flat-box
columbia-automatic-taper-predator-carbon-fiber-53-ptaper-predatortaper-body-sch-schematic-page-01.webp,columbia_ptaper_sch-page-001.webp,columbia,PTAPER,1,schematic map: columbia-predator-taper
columbia-automatic-taper-predator-carbon-fiber-53-ptaper-predatortaper-head-sch-schematic-page-01.webp,columbia_ptaper_sch-page-002.webp,columbia,PTAPER,2,schematic map: columbia-predator-taper
columbia-billet-mud-applicator-external-90-cext90-sch-schematic-page-01.webp,columbia_cext90_sch-page-001.webp,columbia,CEXT90,1,schematic map: columbia-external-corner-applicator
columbia-billet-mud-applicator-inside-corner-2-wheels-1-ica2-1-sch-schematic-page-01.webp,columbia_ica2-1_sch-page-001.webp,columbia,ICA2-1,1,schematic map: columbia-inside-corner-applicator
columbia-billet-mud-applicator-inside-corner-4-wheels-1-ica4-1-sch-schematic-page-01.webp,columbia_ica4-1_sch-page-002.webp,columbia,ICA4-1,2,schematic map: columbia-inside-corner-applicator
columbia-billet-mud-applicator-two-way-internal-corner-4-wheels-icatw-sch-schematic-page-01.webp,columbia_icatw_sch-page-001.webp,columbia,ICATW,1,schematic map: columbia-2-way-internal-corner
columbia-box-filler-sch-schematic-page-01.webp,columbia_col-box-filler_sch-page-001.webp,columbia,COL-BOX-FILLER,1,schematic map: columbia-box-filler
columbia-cam-lock-tube-sch-schematic-page-01.webp,columbia_col-cam-lock-tube_sch-page-001.webp,columbia,COL-CAM-LOCK-TUBE,1,schematic map: columbia-cam-lock-tube
columbia-closet-monster-handle-sch-schematic-page-01.webp,columbia_cmh_sch-page-001.webp,columbia,CMH,1,schematic map: columbia-closet-monster-flat-box-handle
columbia-combo-flusher-3-3csf-sch-schematic-page-01.webp,columbia_col-sander-head_sch-page-001.webp,columbia,COL-SANDER-HEAD,1,schematic map: columbia-sander-head
columbia-combo-flusher-sch-schematic-page-01.webp,columbia_col-combo-flusher_sch-page-001.webp,columbia,COL-COMBO-FLUSHER,1,schematic map: columbia-combo-flusher
columbia-compound-tube-sch-schematic-page-01.webp,columbia_col-compound-tube_sch-page-001.webp,columbia,COL-COMPOUND-TUBE,1,schematic map: columbia-compound-tube
columbia-corner-cobra-sch-schematic-page-01.webp,columbia_cc_sch-page-001.webp,columbia,CC,1,schematic map: columbia-corner-cobra
columbia-corner-roller-sch-schematic-page-01.webp,columbia_cr_sch-page-001.webp,columbia,CR,1,schematic map: columbia-inside-corner-roller
columbia-direct-flusher-sch-schematic-page-01.webp,columbia_col-direct-flusher_sch-page-001.webp,columbia,COL-DIRECT-FLUSHER,1,schematic map: columbia-direct-corner-flusher
columbia-fat-boy-finishing-box-sch-schematic-page-01.webp,columbia_col-automatic-fat-boy-box_sch-page-001.webp,columbia,COL-AUTOMATIC-FAT-BOY-BOX,1,schematic map: columbia-fat-boy-box
columbia-flat-finishing-box-sch-schematic-page-01.webp,columbia_col-flat-finisher-box_sch-page-001.webp,columbia,COL-FLAT-FINISHER-BOX,1,schematic map: columbia-flat-box
columbia-gooseneck-sch-schematic-page-01.webp,columbia_col-gooseneck_sch-page-001.webp,columbia,COL-GOOSENECK,1,schematic map: columbia-gooseneck-adapter
columbia-matrix-box-handle-matrixboxhandle-boxhandle-sch-schematic-page-01.webp,columbia_col-predator-matrix-handle_sch-page-001.webp,columbia,COL-PREDATOR-MATRIX-HANDLE,1,schematic map: columbia-matrix
columbia-matrix-box-handle-matrixboxhandle-extensionhousing-sch-schematic-page-01.webp,columbia_col-predator-matrix-handle_sch-page-005.webp,columbia,COL-PREDATOR-MATRIX-HANDLE,5,schematic map: columbia-matrix
columbia-matrix-box-handle-matrixboxhandle-head-sch-schematic-page-01.webp,columbia_col-predator-matrix-handle_sch-page-002.webp,columbia,COL-PREDATOR-MATRIX-HANDLE,2,schematic map: columbia-matrix
columbia-matrix-box-handle-matrixboxhandle-lever-sch-schematic-page-01.webp,columbia_col-predator-matrix-handle_sch-page-003.webp,columbia,COL-PREDATOR-MATRIX-HANDLE,3,schematic map: columbia-matrix
columbia-matrix-box-handle-matrixboxhandle-pinchbox-sch-schematic-page-01.webp,columbia_col-predator-matrix-handle_sch-page-004.webp,columbia,COL-PREDATOR-MATRIX-HANDLE,4,schematic map: columbia-matrix
columbia-mud-pump-sch-2-schematic-page-01.webp,columbia_tbmp_sch-page-001.webp,columbia,TBMP,1,schematic map: columbia-tall-boy-mud-pump
columbia-mud-pump-sch-schematic-page-01.webp,columbia_hmp_sch-page-001.webp,columbia,HMP,1,schematic map: columbia-mud-pump
columbia-nail-spotter-sch-schematic-page-01.webp,columbia_3ns_sch-page-001.webp,columbia,3NS,1,schematic map: columbia-nailspotter
columbia-one-handle-4-8-long-extendible-chxl-sch-schematic-page-01.webp,columbia_chxl_sch-page-001.webp,columbia,CHXL,1,schematic map: columbia-long-extendable-handle
columbia-one-handle-sch-schematic-page-01.webp,columbia_col-one-handle_sch-page-001.webp,columbia,COL-ONE-HANDLE,1,schematic map: columbia-one
columbia-outside-corner-roller-sch-schematic-page-01.webp,columbia_cobcr_sch-page-001.webp,columbia,COBCR,1,schematic map: columbia-standard-outside-corner-roller
columbia-semi-automatic-taper-sat-sch-schematic-page-01.webp,columbia_sat_sch-page-001.webp,columbia,SAT,1,schematic map: columbia-semi-automatic-taper
columbia-standard-flusher-sch-schematic-page-01.webp,columbia_col-standard-flusher_sch-page-001.webp,columbia,COL-STANDARD-FLUSHER,1,schematic map: columbia-standard-corner-flusher
columbia-throttle-box-sch-schematic-page-01.webp,columbia_col-throttle-corner-flusher-box_sch-page-001.webp,columbia,COL-THROTTLE-CORNER-FLUSHER-BOX,1,schematic map: columbia-throttle-box
columbia-tomahawk-smoothing-blade-sch-schematic-page-01.webp,columbia_tomahawk_sch-page-001.webp,columbia,TOMAHAWK,1,schematic map: columbia-tomahawk-smoothing-blades
cr01-ad_sch-page-001.webp,columbia_cr01-ad_sch-page-001.webp,columbia,cr01-ad,1,existing Columbia AD SKU
ehc07-ad_sch-page-001.webp,columbia_ehc07-ad_sch-page-001.webp,columbia,ehc07-ad,1,existing Columbia AD SKU
EHC07_SCH_page_1.webp,tapetech_ehc07_sch-page-001.webp,tapetech,EHC07,1,catalog SKU
ehc10-ad_sch-page-001.webp,columbia_ehc10-ad_sch-page-001.webp,columbia,ehc10-ad,1,existing Columbia AD SKU
EHC10_SCH_page_1.webp,tapetech_ehc10_sch-page-001.webp,tapetech,EHC10,1,catalog SKU
ehc12-ad_sch-page-001.webp,columbia_ehc12-ad_sch-page-001.webp,columbia,ehc12-ad,1,existing Columbia AD SKU
EHC12_SCH_page_1.webp,tapetech_ehc12_sch-page-001.webp,tapetech,EHC12,1,catalog SKU
ez07-ad_sch-page-001.webp,columbia_ez07-ad_sch-page-001.webp,columbia,ez07-ad,1,existing Columbia AD SKU
EZ07TT_SCH_page_1.webp,tapetech_ez07tt_sch-page-001.webp,tapetech,EZ07TT,1,catalog SKU
ez10-ad_sch-page-001.webp,columbia_ez10-ad_sch-page-001.webp,columbia,ez10-ad,1,existing Columbia AD SKU
EZ10TT_SCH_page_1.webp,tapetech_ez10tt_sch-page-001.webp,tapetech,EZ10TT,1,catalog SKU
ez12-ad_sch-page-001.webp,columbia_ez12-ad_sch-page-001.webp,columbia,ez12-ad,1,existing Columbia AD SKU
EZ12TT_SCH_page_1.webp,tapetech_ez12tt_sch-page-001.webp,tapetech,EZ12TT,1,catalog SKU
EZ15TT_SCH_page_1.webp,tapetech_ez15tt_sch-page-001.webp,tapetech,EZ15TT,1,catalog SKU
fa01-ad_sch-page-001.webp,columbia_fa01-ad_sch-page-001.webp,columbia,fa01-ad,1,existing Columbia AD SKU
fbhe-ad_sch-page-001.webp,columbia_fbhe-ad_sch-page-001.webp,columbia,fbhe-ad,1,existing Columbia AD SKU
fbhe-ad_sch-page-002.webp,columbia_fbhe-ad_sch-page-002.webp,columbia,fbhe-ad,2,existing Columbia AD SKU
fh-ad_sch-page-001.webp,columbia_fh-ad_sch-page-001.webp,columbia,fh-ad,1,existing Columbia AD SKU
gn01-ad_sch-page-001.webp,columbia_gn01-ad_sch-page-001.webp,columbia,gn01-ad,1,existing Columbia AD SKU
lp01-ad_sch-page-001.webp,columbia_lp01-ad_sch-page-001.webp,columbia,lp01-ad,1,existing Columbia AD SKU
model-4-14-22.webp,dura-stilts_d14-22_sch-page-001.webp,dura-stilts,D14-22,1,Dura-Stilts model range
model-4-18-30.webp,dura-stilts_d18-30_sch-page-001.webp,dura-stilts,D18-30,1,Dura-Stilts model range
model-4-24-40.webp,dura-stilts_d24-40_sch-page-001.webp,dura-stilts,D24-40,1,Dura-Stilts model range
MUD-PUMP-SUB-ASSEMBLIES-2022-enhanced.webp,columbia_hmp-2022_sch-page-001.webp,columbia,HMP-2022,1,legacy exact mapping
ns03-ad_sch-page-001.webp,columbia_ns03-ad_sch-page-001.webp,columbia,ns03-ad,1,existing Columbia AD SKU
pa07-ad_sch-page-001.webp,columbia_pa07-ad_sch-page-001.webp,columbia,pa07-ad,1,existing Columbia AD SKU
pa10-ad_sch-page-001.webp,columbia_pa10-ad_sch-page-001.webp,columbia,pa10-ad,1,existing Columbia AD SKU
pa12-ad_sch-page-001.webp,columbia_pa12-ad_sch-page-001.webp,columbia,pa12-ad,1,existing Columbia AD SKU
PAHC07_SCH_page_1.webp,tapetech_pahc07_sch-page-001.webp,tapetech,PAHC07,1,catalog SKU
PAHC10_SCH_v2_page_1.webp,tapetech_pahc10_sch-page-001.webp,tapetech,PAHC10,1,catalog SKU
PAHC12_SCH_page_1.webp,tapetech_pahc12_sch-page-001.webp,tapetech,PAHC12,1,catalog SKU
platinum_compound_pump-page-001.webp,platinum_pt-cp_sch-page-001.webp,platinum,PT-CP,1,schematic map: platinum-compound-pump
platinum_corner_applicator_handle-page-001.webp,platinum_pt-cah50_sch-page-001.webp,platinum,PT-CAH50,1,schematic map: platinum-corner-applicator-handle
Platinum_Corner_Finisher-page-001.webp,platinum_pt-cf_sch-page-001.webp,platinum,PT-CF,1,schematic map: platinum-corner-finisher
platinum_corner_finisher_handle-page-001.webp,platinum_pt-cfh50_sch-page-001.webp,platinum,PT-CFH50,1,schematic map: platinum-corner-finisher-handle
platinum_corner_roller_Handle-page-001.webp,platinum_pt-crh50_sch-page-001.webp,platinum,PT-CRH50,1,schematic map: platinum-corner-roller-handle
Platinum_Flat_Box-page-001.webp,platinum_pt-fb_sch-page-001.webp,platinum,PT-FB,1,schematic map: platinum-flat-box
platinum_flatbox_handle-page-001.webp,platinum_pt-bh_sch-page-001.webp,platinum,PT-BH,1,schematic map: platinum-flat-box-handle
platinum_outside_cornerroller-page-001.webp,platinum_pt-ocr_sch-page-001.webp,platinum,PT-OCR,1,schematic map: platinum-outside-corner-roller
QB06-QSX_SCH_page_1.webp,tapetech_qb06-qsx_sch-page-001.webp,tapetech,QB06-QSX,1,catalog SKU
QB08-QSX_SCH_page_1.webp,tapetech_qb08-qsx_sch-page-001.webp,tapetech,QB08-QSX,1,catalog SKU
TALL-BOY-MUD-PUMP-SUB-ASSEMBLIES-2022-enhanced.webp,columbia_tbmp-2022_sch-page-001.webp,columbia,TBMP-2022,1,legacy exact mapping
tapetech-17tt--page-1.webp,tapetech_17tt_sch-page-001.webp,tapetech,17tt,1,catalog SKU
tapetech-90-inside-corner-edger-tapetech-42tt-sch-schematic-page-001.webp,tapetech_42tt_sch-page-001.webp,tapetech,42TT,1,schematic map: tapetech-42tt
tapetech-90-inside-corner-edger-tapetech-48tt-sch-schematic-page-001.webp,tapetech_48tt_sch-page-001.webp,tapetech,48TT,1,schematic map: tapetech-48tt
tapetech-tapetech-lock-block-for-07tt-050212f-sch-schematic-page-001.webp,tapetech_07tt_sch-page-001.webp,tapetech,07TT,1,schematic map: tapetech-07tt
tapetech-tapetech-lock-block-for-07tt-050212f-sch-schematic-page-002.webp,tapetech_07tt_sch-page-002.webp,tapetech,07TT,2,schematic map: tapetech-07tt
tapetech-tapetech-lock-block-for-07tt-050212f-sch-schematic-page-003.webp,tapetech_07tt_sch-page-003.webp,tapetech,07TT,3,schematic map: tapetech-07tt
tapetech-tapetech-lock-block-for-07tt-050212f-sch-schematic-page-004.webp,tapetech_07tt_sch-page-004.webp,tapetech,07TT,4,schematic map: tapetech-07tt
xh-ad_sch-page-001.webp,columbia_xh-ad_sch-page-001.webp,columbia,xh-ad,1,existing Columbia AD SKU
XHTT_SCH_page_1.webp,tapetech_xhtt_sch-page-001.webp,tapetech,XHTT,1,catalog SKU
