schematic_id,brand,sku_or_alias,page,filename,checksum_sha256,size_bytes
columbia_3ns,columbia,3ns,1,columbia_3ns_sch-page-001.webp,4db3a68ae1ffe8537c9e4a7a8378f3b031d8c9e932aad9fd374ab348ba8125be,360466
columbia_ah25-ad,columbia,ah25-ad,1,columbia_ah25-ad_sch-page-001.webp,3db30f3c0f35c78d4ac2cfc86106bc3c07394c5801c302f94f74f654be7e206c,51100
columbia_ah30-ad,columbia,ah30-ad,1,columbia_ah30-ad_sch-page-001.webp,53dd9bf708ffbf3baf25e2c4308ed856ea8a4318390f4e9b9b11ceb8e962d94c,61036
columbia_ah35-ad,columbia,ah35-ad,1,columbia_ah35-ad_sch-page-001.webp,bcedb166feb1a369adb63aafe9d4804a6017e1f061b79b24def6ffe13a2ce5a5,82670
columbia_at01-ad,columbia,at01-ad,1,columbia_at01-ad_sch-page-001.webp,e7d5cc0da2782b1daa3329156c017fb6cb61aacd29b748825e065722670bcc42,68366
columbia_at01-ad,columbia,at01-ad,2,columbia_at01-ad_sch-page-002.webp,a21c01bd896ac400847ac385d840f4145131773d586093331c81d9c9db7006f9,357746
columbia_at01-ad,columbia,at01-ad,3,columbia_at01-ad_sch-page-003.webp,303d6fbae953b1f4380adbbd36e9b84652142b4c4d4153e737e5a7f54d5339c5,367412
columbia_at01-ad,columbia,at01-ad,4,columbia_at01-ad_sch-page-004.webp,68d2e43e047e9d9bf72dd8269fec46d34b0fb45c1f41ae3ea399149847f77854,223090
columbia_at01-ad,columbia,at01-ad,5,columbia_at01-ad_sch-page-005.webp,f6ed8464aa768b9687b9317f13e677bb17492b4bd35d237ac20a3e6cfeec315b,378216
columbia_at01-ad,columbia,at01-ad,6,columbia_at01-ad_sch-page-006.webp,540bf8b9200ddeb4ab643a662561de68cfa7915a0938ab0629a3ea0c03fcfe17,239718
columbia_at01-ad,columbia,at01-ad,7,columbia_at01-ad_sch-page-007.webp,9a7656b2cb3d226e81e4eab920c4b71cf04c382a7831a710187fbd6137d5edd3,239554
columbia_at01-ad,columbia,at01-ad,8,columbia_at01-ad_sch-page-008.webp,47216439810df9be7100005762faa029a319865482f3f1431bdaf59fd3a9f190,266998
columbia_at01-ad,columbia,at01-ad,9,columbia_at01-ad_sch-page-009.webp,825664d2fd5d268fedd3f1c4bc9d0723756acdc136c212e0ccd9072e48decae4,320104
columbia_at01-ad,columbia,at01-ad,10,columbia_at01-ad_sch-page-010.webp,1d21abc411b3fd31d1508bdf11efd56ac0f3b09a08a225bcf67615ced2288823,384736
columbia_at01-ad,columbia,at01-ad,11,columbia_at01-ad_sch-page-011.webp,28b7fbbb39ed16dec7c5370dfe4be5974c260751d45fb10052e354e6f26140ad,406046
columbia_at01-ad,columbia,at01-ad,12,columbia_at01-ad_sch-page-012.webp,47a841db2ef9f951bb7de4a46218a3cf4075195d8b5d147f89dbf562e63050d7,311280
columbia_bbh-ad,columbia,bbh-ad,1,columbia_bbh-ad_sch-page-001.webp,cd2f5a301c4dd8fc2044e620ffa4ae330f7ccebf06c3922d4720f7cdf6cdadd1,185628
columbia_bbhe-ad,columbia,bbhe-ad,1,columbia_bbhe-ad_sch-page-001.webp,244cccbab145feda8720f6aaf0095f43fa6ea8e282966e8c9a61f4acf27f050d,45748
columbia_bbhe-ad,columbia,bbhe-ad,2,columbia_bbhe-ad_sch-page-002.webp,3ce2efd829ee9c9db1c3af12da0a9b3ee15c2227fca43958cfe4338eb8a388d6,65098
columbia_ca08-ad,columbia,ca08-ad,1,columbia_ca08-ad_sch-page-001.webp,6f6d5c1dfa020ba85b9a2ea75def7e4b33d22cba256bb8db924e895c5d4688d4,249406
columbia_cc,columbia,cc,1,columbia_cc_sch-page-001.webp,62c6d7602c7bbe25782c572024bbc20e8a78bac27dd0cea11a66b76a558fddc8,477800
columbia_cext90,columbia,cext90,1,columbia_cext90_sch-page-001.webp,5d71f94f5cfdf61705ad5b44d4af2ce79216baddc37bde56268096eaba8a58af,212844
columbia_cfa-ad,columbia,cfa-ad,1,columbia_cfa-ad_sch-page-001.webp,73e65134b673d33fb25066fa317202e64e3310eb598f22b56b52b9720c31565c,52900
columbia_chxl,columbia,chxl,1,columbia_chxl_sch-page-001.webp,0849e41740178e669d584ae2ebd31b9262ebd7d399d431b13bc0d04fcc077fb5,45286
columbia_cmh,columbia,cmh,1,columbia_cmh_sch-page-001.webp,2dba31c4c31d67daf973a69963229079d721536b979482320343ae46cb053aef,35950
columbia_cobcr,columbia,cobcr,1,columbia_cobcr_sch-page-001.webp,3584d66cefb5bd0f94a2224f6ac829a51ebe50c4adc3cad8ece3f32ba68d404f,276344
columbia_col-180-grip-flat-box-handle,columbia,col-180-grip-flat-box-handle,1,columbia_col-180-grip-flat-box-handle_sch-page-001.webp,aee9cabcecb806124562fa24c5922cba5af5b3d69ffc0b12a81eac47362d8fa7,53322
columbia_col-angle-head,columbia,col-angle-head,1,columbia_col-angle-head_sch-page-001.webp,ab652c086d33a4f20d4f4021e37071950d72c975dc5a6d779cc40d573e6e83f0,310190
columbia_col-automatic-fat-boy-box,columbia,col-automatic-fat-boy-box,1,columbia_col-automatic-fat-boy-box_sch-page-001.webp,2337fee006461fa651ae6a0be9d28b7730f529112332a3ad108930fc69aa9746,120790
columbia_col-automatic-flat-box,columbia,col-automatic-flat-box,1,columbia_col-automatic-flat-box_sch-page-001.webp,98df219ae0d9332cca909cc5445b07123a84c7f99278736770564fe7127e2124,172528
columbia_col-box-filler,columbia,col-box-filler,1,columbia_col-box-filler_sch-page-001.webp,69c76b5d91cf065534280a37cc45b9783e4de63d01b5e292dcc5dae33c3fe7ca,137850
columbia_col-cam-lock-tube,columbia,col-cam-lock-tube,1,columbia_col-cam-lock-tube_sch-page-001.webp,2fdd671753fa205ff4d59b7073282608dcf9121b3fc2d3b0cc65b813b2740ae4,221270
columbia_col-combo-flusher,columbia,col-combo-flusher,1,columbia_col-combo-flusher_sch-page-001.webp,0a0ee668a070e31154ea37b84f400ed2c62a9fe4c4d7f18f1479cf92f32f65e6,340464
columbia_col-compound-tube,columbia,col-compound-tube,1,columbia_col-compound-tube_sch-page-001.webp,cf3d4bf59cf62fc6b0c8624f1891cf01467ecda49029166e79751aa3d227a242,204640
columbia_col-direct-flusher,columbia,col-direct-flusher,1,columbia_col-direct-flusher_sch-page-001.webp,1dd112eff818b5091f94a169fcb750300ac1e52a86fd84bef3a51608540bba03,103510
columbia_col-flat-finisher-box,columbia,col-flat-finisher-box,1,columbia_col-flat-finisher-box_sch-page-001.webp,6788e524050b955f8cd848217cfbf2f8ad5a5a27d10dae3b63257f67c8b94b70,143782
columbia_col-gooseneck,columbia,col-gooseneck,1,columbia_col-gooseneck_sch-page-001.webp,a514af39ef53c4f0889e52a899ea550c06ed071639517b83e8cb48d5df45b16b,100562
columbia_col-one-handle,columbia,col-one-handle,1,columbia_col-one-handle_sch-page-001.webp,1d66ddc32277bb8ce57d3b6bbf3d268f0a7cc3edc8bd6a175eb3cb4f0a49b953,119674
columbia_col-predator-matrix-handle,columbia,col-predator-matrix-handle,1,columbia_col-predator-matrix-handle_sch-page-001.webp,33037a9d0354444241a89500df38bc1dc2a47fde9167e6b2af28b150b76a8d3b,46764
columbia_col-predator-matrix-handle,columbia,col-predator-matrix-handle,2,columbia_col-predator-matrix-handle_sch-page-002.webp,2bfa4813851b665bef70b0caf3b8497dac822a1a2977b8b2700b9fe41f72f727,77358
columbia_col-predator-matrix-handle,columbia,col-predator-matrix-handle,3,columbia_col-predator-matrix-handle_sch-page-003.webp,51a162793abc462426140dbba62eb720d1c6e2bf2bcc814e53fa92748ece384d,58538
columbia_col-predator-matrix-handle,columbia,col-predator-matrix-handle,4,columbia_col-predator-matrix-handle_sch-page-004.webp,884fbd22093cf0e29c5a87d833562b3bbf6d927574bc6f29ec9753ffc8c8d731,42118
columbia_col-predator-matrix-handle,columbia,col-predator-matrix-handle,5,columbia_col-predator-matrix-handle_sch-page-005.webp,1ebedb0992aee2d4018d5ff5c177668d2365ea85702ad96a6af4d39ba81cf257,42700
columbia_col-standard-flusher,columbia,col-standard-flusher,1,columbia_col-standard-flusher_sch-page-001.webp,eed6c07705f2be569995a6bf66d5e99333a88fedd6c8866ef05062c85022d9ab,236084
columbia_col-throttle-corner-flusher-box,columbia,col-throttle-corner-flusher-box,1,columbia_col-throttle-corner-flusher-box_sch-page-001.webp,18698322d8fa367a56bbfefc176b6c660954299e157990ac521eea4010a05fb9,324228
columbia_cr,columbia,cr,1,columbia_cr_sch-page-001.webp,d1ffd3faf7608ad2e266784f68c00ed6e455ac37cb64ae9b84aed9aa15c4df8d,28406
columbia_cr01-ad,columbia,cr01-ad,1,columbia_cr01-ad_sch-page-001.webp,978041cdccbf9c9e313c39ff7f63af93c8099f3e9ae9acbe67250440daf489df,53256
columbia_ehc07-ad,columbia,ehc07-ad,1,columbia_ehc07-ad_sch-page-001.webp,90bf3a2fed0983cc6327fc172476b9a95e1115a38a00a6afd96071c5eec028c7,88968
columbia_ehc10-ad,columbia,ehc10-ad,1,columbia_ehc10-ad_sch-page-001.webp,47df47960ed55c280d9d63368607d031972f941a1cf7b036d958d151b3ef8fd2,94700
columbia_ehc12-ad,columbia,ehc12-ad,1,columbia_ehc12-ad_sch-page-001.webp,90e5ddce6e3d67ee0e00d26890503fcb89c8e2dbbf4badbaa38e5ad3bba6da9c,96096
columbia_ez07-ad,columbia,ez07-ad,1,columbia_ez07-ad_sch-page-001.webp,90f86c0ba42e71bac2b74ea7e3aa5a2f910b2459e3345a054552062534f08808,114652
columbia_ez10-ad,columbia,ez10-ad,1,columbia_ez10-ad_sch-page-001.webp,a0e5db295832680b211c12b230b1faa99ca5077e802322d76e13ae87c7aeb375,120632
columbia_ez12-ad,columbia,ez12-ad,1,columbia_ez12-ad_sch-page-001.webp,6f048219c3c908684d6cae1201c39ee8a73ba82213f2d6e140a51b7eb2427db9,117464
columbia_fa01-ad,columbia,fa01-ad,1,columbia_fa01-ad_sch-page-001.webp,3ea6e813c1607a9a39c44997dd3e44a707ee5c66c834c9b3460d77fb6f2ba364,32362
columbia_fbhe-ad,columbia,fbhe-ad,1,columbia_fbhe-ad_sch-page-001.webp,eb8d885a3f0ed38931a219ee3201c3c47a46ebb80dfbe08291c6966b03a3da2d,82816
columbia_fbhe-ad,columbia,fbhe-ad,2,columbia_fbhe-ad_sch-page-002.webp,16d0d6216c13e85b8ed67b4cde6655a353a7462f8fc49ccf3d68c7f52b24296e,64672
columbia_fh-ad,columbia,fh-ad,1,columbia_fh-ad_sch-page-001.webp,49f4345a6095a2c2a9fcdfed6f373875e6d39e0c76a471fca43616022e091914,17564
columbia_gn01-ad,columbia,gn01-ad,1,columbia_gn01-ad_sch-page-001.webp,8b9752c048b457dd942a09e9595ff25c7e309705c7fbe74d22ed70d6c4c76307,26864
columbia_hmp,columbia,hmp,1,columbia_hmp_sch-page-001.webp,358dd7d4627b533b0462a2fb68c6283a847833f45ca49f1c5b29dcbb55c9c9f7,428526
columbia_hmp-2022,columbia,hmp-2022,1,columbia_hmp-2022_sch-page-001.webp,d00f5bdd74f88e3e38e4182a3bb3a40e3276b0c531c5241f7bdc034e32423f42,138052
columbia_ica2-1,columbia,ica2-1,1,columbia_ica2-1_sch-page-001.webp,63263d2542b459ca7aeae55320162ff6f2a4ed0d8f3be499065571ab923571bc,40962
columbia_ica4-1,columbia,ica4-1,2,columbia_ica4-1_sch-page-002.webp,7b0e73927090a03ad673117b895fa14b40859e12b2a232482571eeb38525c475,49148
columbia_icatw,columbia,icatw,1,columbia_icatw_sch-page-001.webp,8f8fde4d685eabb4a003ce197f5242286e09c0eb919c5fbab46ec7ef6e015dea,39438
columbia_lp01-ad,columbia,lp01-ad,1,columbia_lp01-ad_sch-page-001.webp,508bcbf427cacce312aa2a5933298c63861ec6792e6d51067a106159b539fdb3,76588
columbia_ns03-ad,columbia,ns03-ad,1,columbia_ns03-ad_sch-page-001.webp,b3e2c8b91fae9de3fd350bcccc60a400fd92d080ee3d8ee23fcfe4cafdeac0e3,54084
columbia_pa07-ad,columbia,pa07-ad,1,columbia_pa07-ad_sch-page-001.webp,a8c95b27a15d020db73bf18780dd91ba1ea853ba04fea7cb758994eeea4c98a4,107746
columbia_pa10-ad,columbia,pa10-ad,1,columbia_pa10-ad_sch-page-001.webp,5d7f318834960c306eef45b85e8d81649dc49c129ce785f833c233e7b05d636d,115398
columbia_pa12-ad,columbia,pa12-ad,1,columbia_pa12-ad_sch-page-001.webp,01153c79d3e038947a15edca22fdf02c2f8a08a91fe72fdb4313721f6aae12d1,104464
columbia_ptaper,columbia,ptaper,1,columbia_ptaper_sch-page-001.webp,5c81a59a2e3a56ea85228353fe0e8e9e090a379d863db10ef6065fb95385cc9c,422790
columbia_ptaper,columbia,ptaper,2,columbia_ptaper_sch-page-002.webp,0d751aed5dc26c216184f1ed58c51b74d5436bbfff0dd02cdc74d4d0641df1af,171152
columbia_sat,columbia,sat,1,columbia_sat_sch-page-001.webp,59f14696d08a7d6847083cbee8797a347401cbfb0ca4eff75fff3a7ef0f8b097,357362
columbia_tbmp,columbia,tbmp,1,columbia_tbmp_sch-page-001.webp,67a4692557a7feb409fa750000136a466c02df5b00b7e6791b3289b67326af20,151698
columbia_tbmp-2022,columbia,tbmp-2022,1,columbia_tbmp-2022_sch-page-001.webp,70e782ad44ebdc13e05d0dc402f21416e7243858939dc14805e3a06efe129df2,198382
columbia_tomahawk,columbia,tomahawk,1,columbia_tomahawk_sch-page-001.webp,4250b7de2684189430c2fca17ac7a831d1b376d39954f0eaec899a4b0d95d0c5,222628
columbia_xh-ad,columbia,xh-ad,1,columbia_xh-ad_sch-page-001.webp,4f62c06010ffff8320d570c1b6b8003cdece1ff1b5b88177115264ca07f65d1a,36724
dura-stilts_d14-22,dura-stilts,d14-22,1,dura-stilts_d14-22_sch-page-001.webp,9b99253dce8ee2c6a8b0bb46f11fa303657eeb48ce4caf7e047c8fca6f1ec909,323254
dura-stilts_d18-30,dura-stilts,d18-30,1,dura-stilts_d18-30_sch-page-001.webp,a9c24993f0e0cc2a97d62c50381ba323960783cca1cecc9401ea7421363fd138,305922
dura-stilts_d24-40,dura-stilts,d24-40,1,dura-stilts_d24-40_sch-page-001.webp,c4eab6670fd61a5773131a6866b35a71f5fe5d6309ccc0654ff3c1bc4d0c5dfd,308272
level5_4-707,level5,4-707,1,level5_4-707_sch-page-001.webp,a29208d0033ce37ab394d3a0dfc63f8b96f777757634bbcf6dea8cabd2cb7a7e,27208
level5_4-734,level5,4-734,1,level5_4-734_sch-page-001.webp,9cda4f4cc826c76853dbdbd217c816986d86f6d7aa300ae54ab58d040c0b0f2a,72006
level5_4-764,level5,4-764,1,level5_4-764_sch-page-001.webp,7a32b6bee40f0c3830a2fa663d236888c8cd6850e4bf1ac229123f46d81117dc,76088
level5_4-765,level5,4-765,1,level5_4-765_sch-page-001.webp,e4e0f14b2a6943330fa7c3b288e15ed8609efaa26ec33a1d8aec983814d9b3b8,79386
level5_4-766,level5,4-766,1,level5_4-766_sch-page-001.webp,b0567288b2367832632caab2f04cca040acf803ac821be3d977056b6b23bd10e,90002
level5_4-767,level5,4-767,1,level5_4-767_sch-page-001.webp,f895efe3e2bf53fcd1165e7d06b8bd2ff74ab7e0bc8dea7ebebec4a464b85570,89986
level5_4-768,level5,4-768,1,level5_4-768_sch-page-001.webp,de3edeb1a3e205a55e40671579e82af5a5d25a57f2e5d35f22e1d55c910cf506,81118
level5_4-769,level5,4-769,1,level5_4-769_sch-page-001.webp,9fbab6eb9516482959b361fd69d551ed66c8cc72bdd0589c2379f5db979f60c4,79790
level5_4-771,level5,4-771,1,level5_4-771_sch-page-001.webp,cceb148afa5e7b30f00b78f2a5be746f243c2de59eeeea6404b4af4b42604f4d,50744
level5_7097,level5,7097,1,level5_7097_sch-page-001.webp,adadcfd8a91c9acd4f6267038e4a971d6b2935999259e61ae7858db0b4d316b7,26350
level5_7218,level5,7218,1,level5_7218_sch-page-001.webp,b7599c95fd5272ca7cf458c5d122d9ecee83136b85a226b5fa7d9c08a5c36d16,60610
level5_7293,level5,7293,1,level5_7293_sch-page-001.webp,ee6dedd6789d11ea008a2f1bc8c9b15990f051d408517cf5ac38314c08264045,26958
level5_7377,level5,7377,1,level5_7377_sch-page-001.webp,f924580ecb1d5ce6f922968be8ab52978f6520dcd9743fde581d162ec8d8a8f1,42792
level5_9333,level5,9333,1,level5_9333_sch-page-001.webp,d1d0488e7e1556a645d18b642dcd6641bbdd97e84feee1420aa4ee84395e388a,22318
platinum_pt-bh,platinum,pt-bh,1,platinum_pt-bh_sch-page-001.webp,8c4c03fa42221ca12b6fe6b31cf989b43ef3cd166d79a5894adec662f3ac6c54,1514984
platinum_pt-cah50,platinum,pt-cah50,1,platinum_pt-cah50_sch-page-001.webp,a79940fb2bbe3a66cb057a66328829be7d51d962f13b8811f51bc7dfe18f6843,1708648
platinum_pt-cf,platinum,pt-cf,1,platinum_pt-cf_sch-page-001.webp,695566b5399e9afae8dfebaf085b67c8dd2b5449f7a1872d1245cc0bbbc7ffa8,1985020
platinum_pt-cfh50,platinum,pt-cfh50,1,platinum_pt-cfh50_sch-page-001.webp,ab6b35454e35a48546278d91389d7a755ec7ddfefb72ae29528d459d4992b972,1221146
platinum_pt-cp,platinum,pt-cp,1,platinum_pt-cp_sch-page-001.webp,438c23b32023e9cbf6d0e73e2f8714d6d940d602dff77ab3de238172ce4ea182,1539476
platinum_pt-crh50,platinum,pt-crh50,1,platinum_pt-crh50_sch-page-001.webp,4dd4a47817abff48ef4c329120ab4be43493fc83f4b6e688091e8a06a7ec1148,1587646
platinum_pt-fb,platinum,pt-fb,1,platinum_pt-fb_sch-page-001.webp,dd7726b45556d5134708ca0995818592f1dceac9c3057c72dd51cf81fb130dc2,2147050
platinum_pt-ocr,platinum,pt-ocr,1,platinum_pt-ocr_sch-page-001.webp,23aabe1ac346a3a3fb08001edd2498a10932a180b2b6cb1986e08f77a28c58ff,962552
tapetech_07tt,tapetech,07tt,1,tapetech_07tt_sch-page-001.webp,a517a21db9acd9bbdb32bda572827682a5ab858779c5f3aebfd0a909063f3fbb,2355318
tapetech_07tt,tapetech,07tt,2,tapetech_07tt_sch-page-002.webp,986fe59e5bc93de0eff94475788fa3a2fadc1413540301725b639a0390d8a169,2373956
tapetech_07tt,tapetech,07tt,3,tapetech_07tt_sch-page-003.webp,9fdf32aac902f8923e4e7fc11d3173a39abb9b4c2dce5fe417092a4e11c5e021,200066
tapetech_07tt,tapetech,07tt,4,tapetech_07tt_sch-page-004.webp,9b3240287d520afe08fac86cee06fe0f8f9c8628fa7bd11ff48483b0f2226d75,1734130
tapetech_17tt,tapetech,17tt,1,tapetech_17tt_sch-page-001.webp,0f8b1b5951a87542cdb3e4f9ec1ff098ee776e48d57ecee68e196dd0c0fcb8cc,1682864
tapetech_42tt,tapetech,42tt,1,tapetech_42tt_sch-page-001.webp,41e71e3e3a137b3d30714a260cf24976872b05cc383db7b36ec9812657583acd,1392146
tapetech_48tt,tapetech,48tt,1,tapetech_48tt_sch-page-001.webp,83fd9db45e687bee2bcd2daa2a51157aeca0f1a1ba5ed212a595a447fc7daf9d,1909158
tapetech_76tt,tapetech,76tt,1,tapetech_76tt_sch-page-001.webp,9e61f4377c79724c1b07991ba9c2268b8ef0df1756f1953f7d72d15c8ec2f093,2072272
tapetech_8034tt,tapetech,8034tt,1,tapetech_8034tt_sch-page-001.webp,02e1d1ac20695f88e8ed18dc478dc3cf8111b51a1c770f5970d05c2aa93154ba,1955646
tapetech_85t,tapetech,85t,1,tapetech_85t_sch-page-001.webp,de7f2393e58f4d1c1b436dcceb2ba76650404829835fec8e580b42d6f138781d,1617462
tapetech_88tte,tapetech,88tte,1,tapetech_88tte_sch-page-001.webp,91d824f1e6c4b8f103453b4b1af40c2e99e08bfe4ea5c182b2e82ab6692eac03,211080
tapetech_90t,tapetech,90t,1,tapetech_90t_sch-page-001.webp,bae7282a7166d26f2f6744ea790661213ed0cfb2716a372a696695f8908a83db,1586438
tapetech_ehc07,tapetech,ehc07,1,tapetech_ehc07_sch-page-001.webp,ae6d74da6d626defd0b7d7810663d95dc02e8c629b587d5d7f8145791dd6a6f1,1840468
tapetech_ehc10,tapetech,ehc10,1,tapetech_ehc10_sch-page-001.webp,8a87c50f418dfc96fb7d456dbc77f918ba6550fc40f0cbd3bbb26503be6d337f,1910950
tapetech_ehc12,tapetech,ehc12,1,tapetech_ehc12_sch-page-001.webp,9d66f7457c751006391f4faeeb39f49201ca595c3983363cb16ac0016bbc4a69,267710
tapetech_ez07tt,tapetech,ez07tt,1,tapetech_ez07tt_sch-page-001.webp,c3de9153cff848061752fe56c2036b1f4c2bf4bc55eda2a9a259a97884646083,2106498
tapetech_ez10tt,tapetech,ez10tt,1,tapetech_ez10tt_sch-page-001.webp,33d13868e6240343bacd1cdb0190975c9563004f23fc9db59ed02177069539f8,720036
tapetech_ez12tt,tapetech,ez12tt,1,tapetech_ez12tt_sch-page-001.webp,720c5797c247be08eff049a6d1ad7babc466e1fbf3015c039812332ecee55680,718874
tapetech_ez15tt,tapetech,ez15tt,1,tapetech_ez15tt_sch-page-001.webp,e5fd2fe1b56cf35d18b19d0ecd8310bc2e717930cc85c20139a1bd15d70ff34c,754900
tapetech_pahc07,tapetech,pahc07,1,tapetech_pahc07_sch-page-001.webp,b02a1147b31d676237a74b0b0a614166f547af516f034c2578949f35096b2856,239596
tapetech_pahc10,tapetech,pahc10,1,tapetech_pahc10_sch-page-001.webp,d37f92ebd5a046432d1b936ba9e8d58f2dc1a4d2786512961cb361629f9e5310,2077150
tapetech_pahc12,tapetech,pahc12,1,tapetech_pahc12_sch-page-001.webp,c81df243548d9ca6a6fb34852ede304563014bcb3b4d3baba2f8204ec013b563,220304
tapetech_qb06-qsx,tapetech,qb06-qsx,1,tapetech_qb06-qsx_sch-page-001.webp,b48976c4ebf21cc50d95f9bd2044c4405607bc833c8041cbe258f079362ee92f,1648920
tapetech_qb08-qsx,tapetech,qb08-qsx,1,tapetech_qb08-qsx_sch-page-001.webp,00e5193569eb312d49c931aafac3794dcdfa289a2a6a03a80429749431523753,2170668
tapetech_xhtt,tapetech,xhtt,1,tapetech_xhtt_sch-page-001.webp,a873adf0972d4c7a03383321701c78a3b3b5aceb0f42ab38be9ce9602614e4d8,1304096
