site_key,endpoint_kind,method,endpoint_template,same_origin,content_types,statuses,sources,resource_types,platform_hints,observed_count,successful_count,structured_count,direct_fetch_confirmed,example_url,detected_fields,json_keys
all_wall,browser_fetch,GET,https://api.ipify.org/?format=%7Bvalue%7D,False,application/json,200,browser,fetch,,1,1,1,False,https://api.ipify.org/?format=json,,ip
all_wall,browser_fetch,POST,https://features.affirm.com/v1/initialize?k=%7Bvalue%7D&st=%7Bvalue%7D&sv=%7Bvalue%7D&t=%7Bvalue%7D&sid=%7Bvalue%7D&se=%7Bvalue%7D,False,application/json,200,browser,fetch,,1,1,1,False,https://features.affirm.com/v1/initialize?k=client-BLeunOm46BdfZXjMSze5uyovKdEpzUhn7N21W2D4jiC&st=javascript-client&sv=3.14.1&t=1786962909239&sid=59eaad2f-96e6-4347-bc02-4752747dbe9b&se=1,name,1367233524|1514322023|1579767121|1876850083|1984400002|2042103365|2123354126|2441149960|2493480461|2499364797|2843591856|2893580290|2946869560|3090634860|3269982013|3446633318|3569783987|367862564|3701258714|3716627837|4017451054|4139716291|4179065854|4279199542|470561494|70009104|alaviewportimpressionsamplerate|browser_name|browser_version|browsername|browserversion|can_record_session|company_lcut|country|customids|derived_fields|device_id|dynamic_configs|evaluated_keys|feature_gates|full_checksum|gate|gatevalue|generator|generic_ari|group|group_name|has_updates|hash_used|hashed_sdk_key_used|id_type|ip|is_device_based|is_experiment_active|is_user_in_experiment|layer_configs|name|names|os_name|os_version|osname|osversion|param_stores|passed|publicapikeys|recording_blocked|rule_id|ruleid|sdkparams|secondary_exposures|session_recording_rate|stableid|target_app_used|time|value|variant
all_wall,browser_fetch,POST,https://features.affirm.com/v1/rgstr?k=%7Bvalue%7D&st=%7Bvalue%7D&sv=%7Bvalue%7D&t=%7Bvalue%7D&sid=%7Bvalue%7D&ec=%7Bvalue%7D,False,application/json,202,browser,fetch,,1,1,1,False,https://features.affirm.com/v1/rgstr?k=client-BLeunOm46BdfZXjMSze5uyovKdEpzUhn7N21W2D4jiC&st=javascript-client&sv=3.14.1&t=1786962909681&sid=59eaad2f-96e6-4347-bc02-4752747dbe9b&ec=6,,success
all_wall,browser_fetch,GET,https://www.affirm.com/api/v2/cookie_sent,False,application/json,200,browser,fetch,,2,2,2,False,https://www.affirm.com/api/v2/cookie_sent,,cookie_sent
all_wall,browser_fetch,GET,https://www.affirm.com/api/v2/session/touch_track,False,application/json,200,browser,fetch,,1,1,1,False,https://www.affirm.com/api/v2/session/touch_track,,id
all_wall,browser_fetch,GET,https://www.all-wall.com/api/cms/v2/contents?path=%7Bvalue%7D&pagetype=%7Bvalue%7D&locale=%7Blocale%7D,True,application/json,200,browser,fetch,,1,1,1,False,https://www.all-wall.com/api/cms/v2/contents?path=%2FTapeTech-EasyClean-Automatic-Taper&pagetype=ProductDetails.Full.View&locale=en_US,,data
all_wall,browser_fetch,GET,https://www.all-wall.com/api/cms/v2/sites/domain,True,application/json,200,browser,fetch,suitecommerce,1,1,1,False,https://www.all-wall.com/api/cms/v2/sites/domain,,commercecategoriesenabled|companyid|data|hasimagesizecustomfields|siteid|sitemanagementtoolsenabled|systemdomain
all_wall,browser_xhr,GET,https://ixfd2-api.bc0a.com/api/ixf/1.0.0/get_capsule/f00000000303991/{id}?client=%7Bvalue%7D&client_version=%7Bvalue%7D,False,application/json,200,browser,xhr,,2,2,2,False,https://ixfd2-api.bc0a.com/api/ixf/1.0.0/get_capsule/f00000000303991/332478547?client=js_sdk&client_version=1.5.36,,account_id|capsule_version|config|date_created|date_published|engine_version|feature_group|is_universal_capsule_enabled|key|nodes|non_script_content|publishing_engine|script_content|type|version
all_wall,browser_xhr,GET,https://www.all-wall.com/api/cacheable/items?c=%7Bsite_id%7D&country=%7Bcountry%7D&currency=%7Bcurrency%7D&custitem60=%7Bvalue%7D&facet.exclude=%7Bvalue%7D&fieldset=%7Bfieldset%7D&id=%7Bid%7D&include=%7Bvalue%7D&language=%7Blocale%7D&n=%7Bsite_id%7D&pricelevel=%7Bprice_level%7D&use_pcv=%7Bvalue%7D,True,application/json,200,browser,xhr,suitecommerce,2,2,2,False,https://www.all-wall.com/api/cacheable/items?c=590358&country=US&currency=USD&custitem60=false&facet.exclude=custitem60&fieldset=relateditems_details&id=11704&include=&language=en&n=6&pricelevel=5&use_pcv=F,currency|items|price,054209f|altimagetext|automatictaperrepairkitfor07tt|automatictaperreplacementcables6pk|backend|backendtype|bycurrentuserloginstatus|bystockavailability|code|corrections|correlateditems_detail|country|currency|custitem_brand|custitem_ns_pr_count|custitem_ns_pr_rating|displayname|fields|inpersonalizedcatalog|internalid|isbackorderable|isinstock|ispricevisible|ispricevisible_detail|ispurchasable|ispurchasable_detail|itemid|itemimages_detail|itemoptions_detail|items|itemtype|label|language|locale|manufacturer|maximumquantity|media|minimumquantity|onlinecustomerprice|onlinecustomerprice_detail|onlinecustomerprice_formatted|outofstockbehavior|outofstockmessage|price|price_formatted|priceschedule|quantityavailable|region|relateditems_detail|showoutofstockmessage|stockdescription|storedescription|storedisplayname2|storedisplaythumbnail|tapetech76tteclp|tapetechbazookaoil|tapetechez10tt|tapetechez12tt|tapetechgooseneck|tapetechtaperrebuildkitpkat02|tapetechxtenderflatboxhandle88tte|total|type|url|urlcomponent|urls|volatility|warnings
all_wall,browser_xhr,GET,https://www.all-wall.com/api/cacheable/items?c=%7Bsite_id%7D&country=%7Bcountry%7D&currency=%7Bcurrency%7D&custitem60=%7Bvalue%7D&facet.exclude=%7Bvalue%7D&fieldset=%7Bfieldset%7D&include=%7Bvalue%7D&language=%7Blocale%7D&n=%7Bsite_id%7D&pricelevel=%7Bprice_level%7D&url=%7Bproduct_slug%7D&use_pcv=%7Bvalue%7D,True,application/json,200,browser,xhr,,1,1,1,False,https://www.all-wall.com/api/cacheable/items?c=590358&country=US&currency=USD&custitem60=false&facet.exclude=custitem60&fieldset=details&include=facets&language=en&n=6&pricelevel=5&url=TapeTech-EasyClean-Automatic-Taper&use_pcv=F,currency|items|mpn|name,altimagetext|backend|backendtype|bycurrentuserloginstatus|bystockavailability|categories|code|commercecategory|corrections|country|currency|custitem26|custitem52|custitem53|custitem55|custitem56|custitem57|custitem_brand|custitem_item_image_full|custitem_ns_pr_count|custitem_ns_pr_item_attributes|custitem_ns_pr_rating|custitem_ns_pr_rating_by_rate|custitem_option10description|custitem_option10ids|custitem_option10price|custitem_option10value|custitem_option11description|custitem_option11ids|custitem_option11price|custitem_option11value|custitem_option12description|custitem_option12ids|custitem_option12price|custitem_option12value|custitem_option13description|custitem_option13ids|custitem_option13price|custitem_option13value|custitem_option14description|custitem_option14ids|custitem_option14price|custitem_option14value|custitem_option15description|custitem_option15ids|custitem_option15price|custitem_option15value|custitem_option16description|custitem_option16ids|custitem_option16price|custitem_option16value|custitem_option1description|custitem_option1ids|custitem_option1price|custitem_option1value|custitem_option2description|custitem_option2ids|custitem_option2price|custitem_option2value|custitem_option3description|custitem_option3ids|custitem_option3price|custitem_option3value|custitem_option4description|custitem_option4ids|custitem_option4price|custitem_option4value|custitem_option5description|custitem_option5ids|custitem_option5price|custitem_option5value|custitem_option6description|custitem_option6ids|custitem_option6price|custitem_option6value|custitem_option7description|custitem_option7ids|custitem_option7price|custitem_option7value|custitem_option8description|custitem_option8ids|custitem_option8price|custitem_option8value|custitem_option9description|custitem_option9ids|custitem_option9price|custitem_option9value|custitem_tab_video|custitem_tab_video_2|custitem_tab_video_2_thumbnail|custitem_tab_video_3|custitem_tab_video_3_thumbnail|custitem_tab_video_4|custitem_tab_video_4_thumbnail|custitem_user_manual|custitem_video_thumbnail|displayname|facets|fields|id|inpersonalizedcatalog|internalid|isbackorderable|isinstock|ispricevisible|ispricevisible_detail|ispurchasable|ispurchasable_detail|itemid|itemimages_detail|itemoptions_detail|items|itemtype|label|language|locale|manufacturer|max|media|metataghtml|min|mpn|name|onlinecustomerprice|onlinecustomerprice_detail|onlinecustomerprice_formatted|outofstockbehavior|outofstockmessage|pagetitle|pricelevel1|pricelevel1_formatted|pricelevel5|pricelevel5_formatted|primarypath|quantityavailable|ranges|region|relateditemsdescription|showoutofstockmessage|stockdescription|storedetaileddescription|storedisplayname2|type|url|url_fragment_aliases|urlcomponent|urls|values|volatility|warnings
all_wall,browser_xhr,GET,https://www.all-wall.com/scs/services/LiveOrder.Service.ss?c=%7Bsite_id%7D&cur=%7Bvalue%7D&internalid=%7Bvalue%7D&n=%7Bsite_id%7D&t=%7Bvalue%7D,True,application/json,200,browser,xhr,suitecommerce,1,1,1,False,https://www.all-wall.com/scs/services/LiveOrder.Service.ss?c=590358&cur=1&internalid=cart&n=6&t=1786962908136,,addresses|agreetermcondition|billaddress|checkout|company|continueshopping|country|custbody_configurable_details|custbody_dotdigital_cart_id|customercenter|discountedsubtotal|discountedsubtotal_formatted|discountrate|discountrate_formatted|discounttotal|discounttotal_formatted|estimatedshipping|estimatedshipping_formatted|giftcertapplied|giftcertapplied_formatted|handlingcost|handlingcost_formatted|home|internalid|ismultishipto|ispaypalcomplete|itemcount|latest_addition|lines|lines_sort|login|logout|options|paymentmethods|promocodes|register|serversync|shipaddress|shipmethod|shipmethods|shippingcost|shippingcost_formatted|subtotal|subtotal_formatted|summary|tax2total|tax2total_formatted|taxondiscount|taxondiscount_formatted|taxonhandling|taxonhandling_formatted|taxonshipping|taxonshipping_formatted|taxtotal|taxtotal_formatted|total|total_formatted|totalcombinedtaxes|totalcombinedtaxes_formatted|touchpoints|viewcart|welcome|zip
all_wall,browser_xhr,GET,https://www.all-wall.com/scs/services/ProductList.Service.ss?c=%7Bsite_id%7D&n=%7Bsite_id%7D&_=%7Bvalue%7D,True,application/json,200,browser,xhr,suitecommerce,1,1,1,False,https://www.all-wall.com/scs/services/ProductList.Service.ss?c=590358&n=6&_=1786962907886,name,description|name|scopeid|scopename|templateid|typeid|typename
all_wall,browser_xhr,GET,https://www.all-wall.com/scs/services/ProductReviews.Service.ss?c=%7Bsite_id%7D&itemid=%7Bproduct_id%7D&n=%7Bsite_id%7D&no-cache=%7Bvalue%7D&order=%7Bvalue%7D&page=%7Bvalue%7D,True,application/json,200,browser,xhr,suitecommerce,1,1,1,False,https://www.all-wall.com/scs/services/ProductReviews.Service.ss?c=590358&itemid=11704&n=6&no-cache=1786962908118&order=created_on%3AASC&page=1,name|title,created_on|id|internalid|isverified|itemid|name|not_useful_count|page|rating|rating_per_attribute|records|recordsperpage|text|title|totalrecordsfound|useful_count|writer
all_wall,browser_xhr,GET,https://www.all-wall.com/scs/services/ShoppingUserEnvironment.Service.ss?lang=%7Blocale%7D&cur=%7Bvalue%7D&X-SC-Touchpoint=%7Bvalue%7D,True,application/json,200,browser,xhr,suitecommerce,1,1,1,False,https://www.all-wall.com/scs/services/ShoppingUserEnvironment.Service.ss?lang=en_US&cur=&X-SC-Touchpoint=shopping,currency|name,addressbook|balance|campaignsubscriptions|cases_config|checkout|code|companyname|consentlastupdate|continueshopping|cookieoptions|creditcards|creditholdoverride|creditlimit|currency|currencyname|customer|customercenter|customfields|date|dateformat|decimalseparator|defaultvalues|description|email|emailsubscribe|environment|firstname|groupseparator|gtm_datalayer|home|html|id|internalid|isdefault|isguest|isloggedin|isperson|isrecognized|language|languagename|lastname|listcase|listcompany|listcontact|listcrmmessage|listcustjob|listcustprofile|listexport|listfind|listissue|lists|listsubscriptions|locale|login|logout|longdateformat|middlename|name|negativeprefix|negativesuffix|origin|paymentterms|permissions|phoneinfo|precision|pricelevel|productlist_enabled|profile|published|register|regtacctrec|regtnonposting|serversync|session|sitesettings|stage|statusclose|statusstart|subscribed|subsidiary|symbol|symbolplacement|touchpoints|trancashsale|trancustcred|trancustdep|trancustinvc|trancustpymt|trandepappl|tranestimate|tranfind|tranitemship|tranpurchases|tranpurchasesreturns|tranrtnauth|transactions|transalesord|transalesordfulfill|transtatement|type|value|vatregistration|viewcart|welcome
all_wall,direct_replay,GET,https://api.ipify.org/?format=%7Bvalue%7D,False,application/json,200,direct_replay,probe,,1,1,1,True,https://api.ipify.org/?format=json,,ip
all_wall,direct_replay,GET,https://ixfd2-api.bc0a.com/api/ixf/1.0.0/get_capsule/f00000000303991/{id}?client=%7Bvalue%7D&client_version=%7Bvalue%7D,False,application/json,200,direct_replay,probe,,1,1,1,True,https://ixfd2-api.bc0a.com/api/ixf/1.0.0/get_capsule/f00000000303991/332478547?client=js_sdk&client_version=1.5.36,,account_id|capsule_version|config|date_created|date_published|engine_version|feature_group|is_universal_capsule_enabled|key|nodes|non_script_content|publishing_engine|script_content|type|version
als_taping_tools,browser_fetch,PUT,https://api-b2b.bigcommerce.com/api/v2/store-configs/channel-storefront-type,False,application/json,200,browser,fetch,bigcommerce,1,1,1,False,https://api-b2b.bigcommerce.com/api/v2/store-configs/channel-storefront-type,,code|data|message
als_taping_tools,browser_fetch,POST,https://api-b2b.bigcommerce.com/graphql,False,application/json,200,browser,fetch,bigcommerce,7,7,7,False,https://api-b2b.bigcommerce.com/graphql,name|title,accountsettings|addressbook|auto_update|b2b|b2benabled|b2c|b3channelid|backgroundcolor|backorderdisplaysettings|backorderenabled|bottomhtmlregionenabled|bottomhtmlregionhtml|buyagain|channel_id|channelcurrencies|channelid|channellogo|classselector|color|config|configid|country_iso2|createaccountbuttontext|createaccountpanelhtml|css|currencies|currency_code|currency_exchange_rate|customcss|dashboard|data|decimal_places|decimal_token|default_currency|default_for_country_codes|defaultshippingexpectationprompt|display|displaystorelogo|enabled|enabled_currencies|enabledstatus|enteredinclusivetax|export|extendeddisplay|extrafields|guest|horizontalpadding|iconurl|id|invoice|is_default|is_transactional|isenabled|key|language|last_updated|location|locationselector|message|messages|multistorefrontenabled|name|offset|orders|pagetitle|platform|primarybuttoncolor|primarycolor|quickorderpad|quotes|recentlyviewed|returns|shoppinglists|showbackordermessage|showdefaultshippingexpectationprompt|showquantityonbackorder|showquantityonhand|signinbuttontext|size|storeaddress|storebasicinfo|storecountry|storefrontconfig|storefrontconfigs|storefrontdefaultlanguage|storefrontsettings|storefronttoken|storelogo|storename|storesites|storeurl|text|thousands_token|timeformat|title|token|token_location|tophtmlregionenabled|tophtmlregionhtml|tradeprofessionalapplication|translationversion|type|urls|usermanagement|value|verticalpadding|wishlists
als_taping_tools,browser_fetch,POST,https://www.alstapingtools.com/graphql,True,application/json,200,browser,fetch,bigcommerce,2,2,2,False,https://www.alstapingtools.com/graphql,,currencies|data|edges|entityid|isactive|node|pdp|plp|settings|site|tax
als_taping_tools,browser_xhr,GET,https://a.klaviyo.com/forms/api/v3/geo-ip,False,application/json,200,browser,xhr,shopify,1,1,1,False,https://a.klaviyo.com/forms/api/v3/geo-ip,,continent_code|country_code
als_taping_tools,browser_xhr,PUT,https://clients6.google.com/drive/v2beta/files/1qJasDAXpEIcEkdcyc_L_kIi6iqnOKyfF?fields=%7Bvalue%7D&modifiedDateBehavior=%7Bvalue%7D&supportsTeamDrives=%7Bvalue%7D&enforceSingleParent=%7Bvalue%7D&key=%7Bvalue%7D,False,application/json,200,browser,xhr,,1,1,1,False,https://clients6.google.com/drive/v2beta/files/1qJasDAXpEIcEkdcyc_L_kIi6iqnOKyfF?fields=id%2Ckind%2ClastViewedByMeDate&modifiedDateBehavior=NO_CHANGE&supportsTeamDrives=true&enforceSingleParent=true&key=%5BREDACTED%5D,,id|kind
als_taping_tools,browser_xhr,GET,https://fast.a.klaviyo.com/custom-fonts/api/v1/company-fonts/onsite?company_id=%7Bvalue%7D,False,application/json,200,browser,xhr,shopify,1,1,1,False,https://fast.a.klaviyo.com/custom-fonts/api/v1/company-fonts/onsite?company_id=QYJEPx,variants,custom|fallback|family|font_type|google|id|typekit|variant_value|variants
als_taping_tools,browser_xhr,GET,https://static-forms.klaviyo.com/forms/api/v7/QYJEPx/full-forms,False,application/json,200,browser,xhr,,1,1,1,False,https://static-forms.klaviyo.com/forms/api/v7/QYJEPx/full-forms,name,a11y_identifier|action|action_id|action_type|active_color|alignment|allocation|alt_text|background_color|background_image|blacklist|block_background_color|blur|border|border_color|border_radius|border_style|border_width|bottom|channel_type|color|column_id|columns|company_sender_settings|component_id|component_type|components|content|cookie_timeout|coupon_data|coupon_type|cropped_asset_id|cropping_aspect_ratio|cropping_height|cropping_width|cropping_x|cropping_y|custom_company_font_id|custom_width|data|default_color|delay|device_type|direction|dismiss_button_styles|dismissed_alerts|display_order|drop_shadow|dynamic_info_config|email_address|email_settings|enabled|environment|existing_user|field_id|focus_color|font_family|font_size|font_style|font_weight|form_entity_form_view_dependencies|form_id|form_input_text_color|form_settings|form_specialties|form_type|form_type_direction|form_version_id|format|full_forms|full_width|height|hover_background_color|html|id|impact|independent_triggers|input_background_color|input_styles|is_max_width|label|left|letter_spacing|list_id|live_form_versions|margin|meta_fields|minimum_height|name|opt_in_keyword_id|opt_in_message|original_image_url|padding|padding_bottom|padding_top|parent_view_id|placeholder|placeholder_color|position|preset_size|related_nodes|reported_at|required|right|row_id|rows|show_klaviyo_branding|show_klaviyo_branding_fullpage_and_flyout_forms|show_label|size|specify_hover_background_color|styling|subject|suppress_success_form|teaser_id|teasers|text|text_styles|top|trigger_group_id|trigger_groups|trigger_id|trigger_type|triggers|type|update_timestamp|url|value|vertical_alignment|view_id|views|violations|vpph4i|whitelist|width|x_stroke|xcolor
als_taping_tools,direct_replay,GET,https://a.klaviyo.com/forms/api/v3/geo-ip,False,application/json,200,direct_replay,probe,shopify,1,1,1,True,https://a.klaviyo.com/forms/api/v3/geo-ip,,continent_code|country_code
als_taping_tools,direct_replay,GET,https://fast.a.klaviyo.com/custom-fonts/api/v1/company-fonts/onsite?company_id=%7Bvalue%7D,False,application/json,200,direct_replay,probe,shopify,1,1,1,True,https://fast.a.klaviyo.com/custom-fonts/api/v1/company-fonts/onsite?company_id=QYJEPx,variants,custom|fallback|family|font_type|google|id|typekit|variant_value|variants
als_taping_tools,direct_replay,GET,https://static-forms.klaviyo.com/forms/api/v7/QYJEPx/full-forms,False,application/json,200,direct_replay,probe,,1,1,1,True,https://static-forms.klaviyo.com/forms/api/v7/QYJEPx/full-forms,name,a11y_identifier|action|action_id|action_type|active_color|alignment|allocation|alt_text|background_color|background_image|blacklist|block_background_color|blur|border|border_color|border_radius|border_style|border_width|bottom|channel_type|color|column_id|columns|company_sender_settings|component_id|component_type|components|content|cookie_timeout|coupon_data|coupon_type|cropped_asset_id|cropping_aspect_ratio|cropping_height|cropping_width|cropping_x|cropping_y|custom_company_font_id|custom_width|data|default_color|delay|device_type|direction|dismiss_button_styles|dismissed_alerts|display_order|drop_shadow|dynamic_info_config|email_address|email_settings|enabled|environment|existing_user|field_id|focus_color|font_family|font_size|font_style|font_weight|form_entity_form_view_dependencies|form_id|form_input_text_color|form_settings|form_specialties|form_type|form_type_direction|form_version_id|format|full_forms|full_width|height|hover_background_color|html|id|impact|independent_triggers|input_background_color|input_styles|is_max_width|label|left|letter_spacing|list_id|live_form_versions|margin|meta_fields|minimum_height|name|opt_in_keyword_id|opt_in_message|original_image_url|padding|padding_bottom|padding_top|parent_view_id|placeholder|placeholder_color|position|preset_size|related_nodes|reported_at|required|right|row_id|rows|show_klaviyo_branding|show_klaviyo_branding_fullpage_and_flyout_forms|show_label|size|specify_hover_background_color|styling|subject|suppress_success_form|teaser_id|teasers|text|text_styles|top|trigger_group_id|trigger_groups|trigger_id|trigger_type|triggers|type|update_timestamp|url|value|vertical_alignment|view_id|views|violations|vpph4i|whitelist|width|x_stroke|xcolor
csr_building,browser_fetch,GET,https://api.smile.io/smile_js/preloadable_program_data?include=%7Bvalue%7D,False,application/json,200,browser,fetch,,1,1,1,False,https://api.smile.io/smile_js/preloadable_program_data?include=points_settings,,one|other|points_label|points_settings
csr_building,browser_fetch,GET,https://api.tapc.art/capture-kit?shopStore=%7Bvalue%7D&appId=%7Bvalue%7D,False,application/json,200,browser,fetch,shopify,1,1,1,False,https://api.tapc.art/capture-kit/?shopStore=csr-building-supplies.myshopify.com&appId=,title,appinfo|appinstalledoverrides|appstoreid|appstorelink|background|button|buttonbackground|buttontext|colors|dataurl|deeppinkpath|display|en|enabled|family|font|frequency|icon|matches|mobiledownloadbanner|on|period|placement|playstoreid|playstorelink|qrcode|showreviews|text|title|triggerdelayinms|unit|url|value
csr_building,browser_fetch,GET,https://cdn.codeblackbelt.com/also-bought/stats/rendered.json?value=%7Bvalue%7D&shop=%7Bvalue%7D,False,application/json,200,browser,fetch,shopify,1,1,1,False,https://cdn.codeblackbelt.com/also-bought/stats/rendered.json?value=10&shop=csr-building-supplies.myshopify.com,,
csr_building,browser_fetch,GET,https://cdn.codeblackbelt.com/frequently-bought-together/stats/rendered.json?value=%7Bvalue%7D&shop=%7Bvalue%7D,False,application/json,200,browser,fetch,shopify,1,1,1,False,https://cdn.codeblackbelt.com/frequently-bought-together/stats/rendered.json?value=3&shop=csr-building-supplies.myshopify.com,,
csr_building,browser_fetch,GET,https://cdn.codeblackbelt.com/json/preferences/also-bought.json?productIdList=%7Bvalue%7D&recentlyViewedProductIdList=%7Bvalue%7D&shop=%7Bvalue%7D&marketCountry=%7Bvalue%7D&marketCurrency=%7Bvalue%7D&path=%7Bvalue%7D&version=%7Bvalue%7D,False,application/json,200,browser,fetch,shopify,1,1,1,False,https://cdn.codeblackbelt.com/json/preferences/also-bought.json?productIdList=4385033945227&recentlyViewedProductIdList=&shop=csr-building-supplies.myshopify.com&marketCountry=US&marketCurrency=USD&path=%2Fen-us%2Fcollections%2Fcolumbia%2Fproducts%2Fcolumbia-corner-roller-cr&version=202608171040,name|products|sku|title|variants|vendor,add_to_cart_additional_styles|add_to_cart_background_color|add_to_cart_color|add_to_cart_hover_background_color|add_to_cart_hover_color|add_to_cart_label|added_to_cart_label|alireviews_rating_character|app_translation_support|background_color|border_color|buyable|cart_page_mobile_target|cart_page_mobile_target_placement|cart_page_target|cart_page_target_placement|compare_at_price_additional_styles|compare_at_price_bold|compare_at_price_color|control_button_additional_styles|control_icon_additional_styles|custom_css|custom_js|default_variant|description|disabled_on_cart_page|disabled_on_product_pages|enable_facebook_pixel|enable_tracking|id|image_alt_text|image_url|label|max_width|money_format|money_with_currency_format|name|preferences|product_box_additional_styles|product_box_content_centered|product_box_margins|product_box_width|product_description_additional_styles|product_description_bold|product_description_color|product_description_length|product_description_min_height|product_image_fitted|product_image_height|product_name_additional_styles|product_name_bold|product_name_color|product_name_min_height|product_name_tag|product_page_mobile_target|product_page_mobile_target_placement|product_page_target|product_page_target_placement|product_vendor_additional_styles|product_vendor_bold|product_vendor_color|product_vendor_length|product_vendor_min_height|products|products_excluded_from_primary_market|products_translation_support|recommendation_box_additional_styles|redirect_policy|regular_price_additional_styles|regular_price_bold|regular_price_color|review_count_additional_styles|review_count_color|reviews_app|sale_price_additional_styles|sale_price_bold|sale_price_color|sale_tag_additional_styles|sale_tag_background_color|sale_tag_color|sale_tag_label|shop_country_code|shop_currency_compare_at_price|shop_currency_price|shop_default_currency|shop_default_language|shop_id|show_add_to_cart|show_border|show_compare_at_price|show_compare_at_price_first|show_control_buttons|show_description|show_name|show_on_cart_page|show_on_product_pages|show_price|show_price_with_currency|show_rating|show_review_count|show_sale_tag|show_variant_selector|show_vendor|signature|sku|stamped_api_key|star_rating_additional_styles|star_rating_color|theme|title|title_additional_styles|title_bold|title_centered|title_color|title_length|title_size|title_tag|url|use_superscript_decimals|variant_id|variant_selector_additional_styles|variant_selector_background_color|variant_selector_border_color|variant_selector_color|variant_sku|variants|vendor|vertical_padding|yotpo_app_key
csr_building,browser_fetch,GET,https://cdn.codeblackbelt.com/json/preferences/frequently-bought-together.json?productId=%7Bproduct_id%7D&shop=%7Bvalue%7D&marketCountry=%7Bvalue%7D&marketCurrency=%7Bvalue%7D&path=%7Bvalue%7D&version=%7Bvalue%7D,False,application/json,200,browser,fetch,shopify,1,1,1,False,https://cdn.codeblackbelt.com/json/preferences/frequently-bought-together.json?productId=4385033945227&shop=csr-building-supplies.myshopify.com&marketCountry=US&marketCurrency=USD&path=%2Fen-us%2Fcollections%2Fcolumbia%2Fproducts%2Fcolumbia-corner-roller-cr&version=202608171040,name|product|products|sku|title|variants|vendor,added_button_label|alireviews_rating_character|app_translation_support|background_color|border_color|box_additional_styles|button_additional_styles|button_background_color|button_color|button_hover_background_color|button_hover_color|button_label|buyable|cart_page_mobile_target|cart_page_mobile_target_placement|cart_page_target|cart_page_target_placement|checkbox_color|checkbox_size|compare_at_price_additional_styles|compare_at_price_bold|compare_at_price_color|custom_css|custom_js|default_variant|description|description_additional_styles|description_bold|description_color|description_length|disabled_on_cart_page|disabled_on_product_pages|discount_amount|discount_applied_message_additional_styles|discount_applied_message_mobile_target|discount_applied_message_mobile_target_placement|discount_applied_message_target|discount_applied_message_target_placement|discount_hmac|discount_individual|discount_message|discount_message_additional_styles|discount_message_background_color|discount_message_bold|discount_message_border|discount_message_border_color|discount_message_color|discount_message_horizontal_padding|discount_message_size|discount_message_vertical_padding|discount_minimum_amount_requirement|discount_percentage|discount_requirements_relaxed_in_secondary_markets|discount_timestamp|discount_type|enable_facebook_pixel|enable_tracking|id|image_additional_styles|image_alt_text|image_fitted|image_height|image_hide_if_unchecked|image_margins|image_opacity_if_unchecked|image_url|image_width|initial_selection_state|label|layout|max_width|mobile_target|mobile_target_placement|money_format|money_with_currency_format|name|name_additional_styles|name_bold|name_color|name_tag|number_of_recommendations_to_offer_discount|offer_discount|preferences|pricing_plan|product|product_id|product_page_mobile_target|product_page_mobile_target_placement|product_page_target|product_page_target_placement|products|products_excluded_from_primary_market|products_translation_support|redirect_policy|regular_price_additional_styles|regular_price_bold|regular_price_color|review_count_additional_styles|review_count_color|reviews_app|sale_price_additional_styles|sale_price_bold|sale_price_color|shop_country_code|shop_currency_compare_at_price|shop_currency_price|shop_default_currency|shop_default_language|shop_id|show_border|show_compare_at_price|show_compare_at_price_first|show_description|show_on_cart_page|show_on_product_pages|show_price|show_price_with_currency|show_rating|show_review_count|signature|sku|stamped_api_key|star_rating_additional_styles|star_rating_color|target|target_placement|theme|this_item_label|title|title_additional_styles|title_bold|title_color|title_length|title_size|title_tag|total_price_label|url|use_superscript_decimals|variant_id|variant_selector_additional_styles|variant_selector_background_color|variant_selector_border_color|variant_selector_color|variant_sku|variants|vendor|vertical_padding|white_plus_icon|yotpo_app_key
csr_building,browser_fetch,GET,https://csrbuilding.com/cart.js,True,text/javascript,200,browser,fetch,shopify,1,1,1,False,https://csrbuilding.com/cart.js,currency|items,attributes|cart_level_discount_applications|currency|discount_codes|item_count|items|items_subtotal_price|note|original_total_price|requires_shipping|token|total_discount|total_price|total_weight
csr_building,browser_fetch,GET,https://csrbuilding.com/en-us/cart.json,True,application/json,200,browser,fetch,shopify,1,1,1,False,https://csrbuilding.com/en-us/cart.json,currency|items,attributes|cart_level_discount_applications|currency|discount_codes|item_count|items|items_subtotal_price|note|original_total_price|requires_shipping|token|total_discount|total_price|total_weight
csr_building,browser_fetch,GET,https://csrbuilding.com/en-us/products/{handle},True,application/json,200,browser,fetch,shopify,13,13,13,False,https://csrbuilding.com/en-us/products/columbia-standard-flushers,barcode|compare_at_price|handle|name|price|product|sku|title|variants|vendor,alt|barcode|body_html|compare_at_price|compare_at_price_currency|created_at|fulfillment_service|grams|handle|height|id|image|image_id|images|increment|inventory_management|max|min|name|option1|option2|option3|options|position|price|price_currency|product|product_id|product_type|published_at|published_scope|quantity_price_breaks|quantity_rule|requires_shipping|sku|src|tags|taxable|template_suffix|title|updated_at|values|variant_ids|variants|vendor|weight|weight_unit|width
csr_building,browser_fetch,GET,https://csrbuilding.com/en-us/variants/{variant_id}?section_id=%7Bvalue%7D,True,text/html,200,browser,fetch,shopify,1,1,0,False,https://csrbuilding.com/en-us/variants/31471150596235/?section_id=pickup-availability,,
csr_building,browser_fetch,GET,https://csrbuilding.com/products/{handle}.js,True,text/javascript,200,browser,fetch,shopify,1,1,1,False,https://csrbuilding.com/products/columbia-corner-roller-cr.js,available|barcode|compare_at_price|handle|name|price|price_max|price_min|sku|title|variants|vendor,alt|aspect_ratio|available|barcode|compare_at_price|compare_at_price_max|compare_at_price_min|compare_at_price_varies|created_at|description|featured_image|handle|height|id|images|increment|inventory_management|max|media|media_type|min|name|option1|option2|option3|options|position|preview_image|price|price_max|price_min|price_varies|public_title|published_at|quantity_price_breaks|quantity_rule|requires_selling_plan|requires_shipping|selling_plan_allocations|selling_plan_groups|sku|src|tags|taxable|title|type|url|values|variants|vendor|weight|width
csr_building,browser_fetch,GET,https://csrbuilding.com/services/login_with_shop/buyer/finalize,True,application/json,200,browser,fetch,shopify,1,1,1,False,https://csrbuilding.com/services/login_with_shop/buyer/finalize,,recognized
csr_building,browser_fetch,POST,https://data.securykit.com/api/visit/note,False,application/json,200,browser,fetch,,1,1,1,False,https://data.securykit.com/api/visit/note,,cp|fa|hb|pv|ret|status|url
csr_building,browser_fetch,GET,https://fast.a.klaviyo.com/atlas/api/public/settings/VLBUtn,False,application/json,200,browser,fetch,,1,1,1,False,https://fast.a.klaviyo.com/atlas/api/public/settings/VLBUtn,,action_text|add_to_cart_button|add_to_cart_error|add_to_cart_fill_color|add_to_cart_popover_settings|add_to_cart_success|add_to_cart_text_color|agent_name|ai_agent_enabled|ai_agent_settings|alignment|allow_wishlist_sharing|app_block_fill_color|app_block_font|app_block_style_choice|are_conversation_starters_enabled|authentication|background_color|bottom|bottom_spacing|button|button_color|card|card_shape|cart|cart_name|color|content_blocks|coupon_name|custom_css|custom_layout|custom_text|customer_hub_onboarded|default_onsite_locale|default_returns_enabled|design|destination|element_order|embedded_integrations|embedded_product_recs|enabled|enabled_onsite|faq|favorites_fill_color|favorites_icon_color|feed_enabled|feed_id|feed_settings|fill_color|filter_out_of_stock_products|font|font_color|font_family|font_weight|fonts|foreground_color|general|heading_color|heading_font|heading_text|headless_shopify_settings|height|help_settings|hide_from_groups|horizontal_spacing|hub_launcher|icon_color|icon_image_url|icon_style|image_settings|is_custom|is_identified_state_enabled|is_otp_enabled|layout|left|locale|loyalty|marketing_list_id|max_products|max_width|modal_type|nav_type|notify_emails|onsite_app_block|onsite_visibility|order_tracking|orders_action_text|padding|paragraph_color|paragraph_font|placement|position_on_desktop|privacy_policy_link|product_grid_padding|profile_action_text|provider|replace_account_links|replace_cart_links|return_action_text|returns|returns_platform|returns_settings_option|returns_url|returns_url_template|review_stars|reviews|right|scroll_threshold_percentage|shape|shopify_storefront_public_access_token|should_prompt_email_marketing|should_prompt_sms_marketing|show_add_to_cart|show_favorites|show_price|show_recommendations|show_to_groups|side_spacing|sign_in_button|store_display_name|store_id|store_type|store_url_domain|subscriptions|terms_of_service_link|text_case|text_color|text_transform|top|vertical_spacing|view_cart_action|visibility|visual_style|web_chat|web_chat_onboarded|welcome_message|welcome_message_delay|widget|widget_color|width|wishlists
csr_building,browser_fetch,GET,https://platform.smile.io/shopify_extensions/activity_rules?account_id=%7Bvalue%7D,False,application/json,200,browser,fetch,shopify,1,1,1,False,https://platform.smile.io/shopify_extensions/activity_rules?account_id=168972,name,account_id|action_text|action_url|activity_rule_definition|activity_rule_type|activity_rules|activity_type|category|category_slug|consumable_codes_available_count|created_at|customized_description_template|customized_details|customized_fulfill_reason_text_template|customized_fulfillment_action_text_template|customized_fulfillment_action_url_template|customized_fulfillment_name_template|customized_fulfillment_usage_instructions_template|customized_image_temp_s3_key|customized_image_url|customized_name|customized_name_template|customized_value_description_template|default_activity_rule_details|default_activity_rule_image_url|default_activity_rule_name|default_activity_rule_value_description_template|default_fulfill_reason_text_template|default_fulfill_source_description_template|default_sort_order|description|details|expiry_interval|expiry_interval_count|external_id|fulfilled_rewards_count|fulfillment_action_text_template|fulfillment_action_url_template|fulfillment_name_template|fulfillment_usage_instructions_template|id|image_url|is_discontinued|is_enabled|max|min|multiplier|name|name_template|no_rate_limit_conditions_reason|required_integration_type|requires_rate_limit|reward|reward_fulfillments_count|reward_program_id|reward_value_type|rewarded_count|supports_consumable_codes|supports_expiry|supports_rate_limit_conditions|type|updated_at|username|value|value_description|value_description_template
csr_building,browser_fetch,GET,https://platform.smile.io/shopify_extensions/init/points_on_product_page?channel_key=%7Bvalue%7D,False,application/json,200,browser,fetch,shopify,1,1,1,False,https://platform.smile.io/shopify_extensions/init/points_on_product_page?channel_key=channel_yleYDsBSl4eAucWdbk2QM9bJ,name,account|active_activity_rule_bonuses|candidate_participation|customer_locale|display_setting|exclude_discounted_products|excluded_shopify_product_ids|id|is_available|is_enabled|name|panel_header|points_delay_setting|points_label_plural|points_label_singular|points_program|visitor_title
csr_building,browser_fetch,GET,https://platform.smile.io/smile_ui/exchange_tokens?channel_key=%7Bvalue%7D,False,application/json,200,browser,fetch,,1,1,1,False,https://platform.smile.io/smile_ui/exchange_tokens?channel_key=channel_yleYDsBSl4eAucWdbk2QM9bJ,,publishable_key
csr_building,browser_fetch,GET,https://platform.smile.io/smile_ui/init?publishable_key=%7Bvalue%7D,False,application/json,200,browser,fetch,shopify,1,1,1,False,https://platform.smile.io/smile_ui/init?publishable_key=pub_0411f526df043e93,currency|name|title,account|account_id|active_activity_rule_bonuses|activity_rule_bonuses|advocate_reward|advocate_reward_id|alternate_symbols|banner_color|banner_color_preset|banner_font_color|banner_image_url|birthday_form_description|birthday_form_title|border_radius_style|button_border_radius_style|button_color|button_color_preset|button_font_color|candidate_participation|caption|card_border_radius_style|code_snippet|color|consumable_codes_available_count|created_at|cta|currency|customer_eligibility|customer_locale|customer_login_url|customer_signup_url|decimal_mark|delivery_type|description|disambiguate_symbol|display_setting|earn_more_points_icon_url|email_body_template|email_share_body_template|email_share_title_template|email_title_template|expiry_interval|expiry_interval_count|external_id|facebook_share_message_template|format|friend_tracking_reward|friend_tracking_reward_id|fulfilled_rewards_count|fulfillment_action_text_template|fulfillment_action_url_template|fulfillment_name_template|fulfillment_usage_instructions_template|header_bar_font_color|hidden_url_paths|hide_on_index_page|hide_smile_branding|html_entity|icon_color|icon_color_preset|icon_url|id|image_svg|image_url|initial_refresh_tiers_task|input_border_radius_style|interaction_medium|is_enabled|is_enhanced_option_active|is_visible|iso_code|iso_numeric|join_program_already_have_an_account|join_program_cta|join_program_program_description|join_program_title|key|last_enabled_at|launched_at|launcher|layout|link_color|link_color_preset|load_js_sdk_at_launch|milestone|milestone_description|milestone_description_highest_template|milestone_description_to_maintain_tier_template|milestone_description_to_next_tier_template|milestone_description_to_next_tier_within_interval_template|milestone_formatted|milestone_interval|milestone_interval_count|milestone_period|milestone_period_start_date|milestone_type|milestone_verb|milestone_vip_program|mobile_layout|mobile_text|my_rewards_summary_subtitle_template|my_rewards_summary_title_active|my_rewards_summary_title_inactive|name|name_template|nudges|panel|panel_header|points_caption|points_delay_setting|points_earning_title|points_expiry_inactive_floor_date|points_expiry_interval|points_expiry_interval_count|points_expiry_is_available|points_expiry_is_enabled|points_expiry_is_installed|points_explainer_description|points_explainer_earn_more_points_cta|points_explainer_spend_your_points_cta|points_explainer_title|points_history_title|points_label_plural|points_label_singular|points_program|points_summary_expiry_template|points_summary_header_template|points_summary_next_reward|points_title|primary_color|priority|receiver_reward_id|referral_detail_description|referral_detail_they_get_label|referral_detail_title|referral_detail_you_get_label|referral_landing_prompt|referral_reward|referral_share_by_email_message_placeholder|referral_share_by_email_message_title|referral_share_by_email_send_email_cta|referral_share_by_email_title|referral_share_by_email_to_placeholder|referral_share_by_email_to_title|referral_sharing_options|referrals_caption|referrals_explainer_description|referrals_explainer_they_get_label|referrals_explainer_title|referrals_explainer_you_get_label|referrals_history_title|referrals_program|referrals_summary_description_template|referrals_summary_subtitle_template|referrals_summary_title|referrals_summary_your_referral_code_label|referrals_title|requires_customer|requires_upgrade_to_enable|requires_upgrade_to_enable_points_expiry|reward_fulfillments_count|reward_program_card_order|reward_program_definition_id|reward_program_for_banner|reward_program_id|rewards_catalog_title|sales_channel|secondary_color|sender_reward_id|sign_in_cta|smallest_denomination|smile_ui_desktop_bottom_margin|smile_ui_desktop_position|smile_ui_desktop_side_margin|smile_ui_mobile_bottom_margin|smile_ui_mobile_position|smile_ui_mobile_side_margin|sort_order|spend_your_points_icon_url|subtitle|subunit|subunit_to_unit|supports_consumable_codes|supports_expiry|symbol|symbol_first|text|text_color|theme|thousands_separator|title|twitter_share_message_template|type|updated_at|url|url_path|uses_default_icon|uses_improved_mobile_launcher|value|vip_caption|vip_explainer_title|vip_history_title|vip_program_details_title|vip_program_tiers_description|vip_program_tiers_title|vip_summary_achieved_expiry_template|vip_tier_benefits|vip_tiers|vip_title|visibility_setting|visitor_caption|visitor_title|wallpaper_url|z_index
csr_building,browser_fetch,GET,https://shop.app/pay/session?v=%7Bvalue%7D&token=%7Bvalue%7D&shop_id=%7Bvalue%7D,False,application/json,200,browser,fetch,shopify,1,1,1,False,https://shop.app/pay/session?v=1&token=%5BREDACTED%5D&shop_id=27766784139,,eligible
csr_building,browser_xhr,GET,https://a.klaviyo.com/forms/api/v3/geo-ip,False,application/json,200,browser,xhr,shopify,1,1,1,False,https://a.klaviyo.com/forms/api/v3/geo-ip,,continent_code|country_code
csr_building,browser_xhr,GET,https://fast.a.klaviyo.com/custom-fonts/api/v1/company-fonts/onsite?company_id=%7Bvalue%7D,False,application/json,200,browser,xhr,shopify,1,1,1,False,https://fast.a.klaviyo.com/custom-fonts/api/v1/company-fonts/onsite?company_id=VLBUtn,variants,custom|display_name|fallback|family|font_type|google|id|typekit|typekit_url|variant_value|variants
csr_building,browser_xhr,GET,https://static-forms.klaviyo.com/forms/api/v7/VLBUtn/full-forms,False,application/json,200,browser,xhr,,1,1,1,False,https://static-forms.klaviyo.com/forms/api/v7/VLBUtn/full-forms,name,a11y_identifier|action|action_id|action_type|alignment|allocation|alt_text|arrangement|back_in_stock|background_color|background_image|blacklist|block_background_color|blur|body|border|border_color|border_radius|border_style|border_width|bottom|button_styles|channel|channel_settings|channel_type|channels|checkbox_label|color|column_id|columns|company_sender_settings|compliance_company_name|component_id|component_type|components|consent_type|content|cookie_timeout|custom_company_font_id|custom_width|data|default_color|desktop_mobile_target|device_type|dismiss_button_styles|dismissed_alerts|docking|drop_shadow|dynamic_button_id|dynamic_buttons|dynamic_info_config|email_address|email_settings|embed_alignment|enabled|environment|existing_user|exit_intent|field_id|flyout_options|focus_color|font_color|font_family|font_size|font_style|font_weight|form_entity_form_view_dependencies|form_id|form_input_text_color|form_settings|form_specialties|form_type|form_type_direction|form_version_id|format|full_forms|full_width|groups_targeting|height|hover_background_color|hover_text_color|html|id|image|impact|independent_triggers|input_background_color|input_styles|invalid_error_message|is_max_width|is_sms_consent_field|is_updating_s_m_s_consent|js_custom_trigger|key|label|left|letter_spacing|link|list_id|live_form_versions|margin|message_priority|meta_fields|minimum_height|mobile_overlay|name|new_window|opt_in_keyword_id|opt_in_message|options|padding|padding_bottom|padding_top|parent_view_id|placeholder|placeholder_color|position|preset_size|privacy_policy_url|redirect_url|related_nodes|reported_at|required|required_error_message|rich_text_styles|right|row_id|rows|selected_country_code|shopify_visitor_api|show_klaviyo_branding|show_klaviyo_branding_fullpage_and_flyout_forms|show_label|side_image|size|size_multiplier|sms|sms_consent_type|specify_hover_background_color|styling|subject|suppress_success_form|sync_email_consent|sync_sms_consent|terms_of_service_url|text|text_color|text_decoration|text_styles|to_phone_number|top|trigger_group_id|trigger_groups|trigger_id|trigger_type|triggers|ty4zfd|type|update_timestamp|url|uyejfj|v9kryp|value|vertical_alignment|view_id|views|violations|whitelist|width|x_stroke|xcolor
csr_building,direct_product_js,GET,https://csrbuilding.com/en-us/products/{handle}.js,True,text/javascript,200,direct_product_probe,probe,shopify,1,1,1,True,https://csrbuilding.com/en-us/products/columbia-corner-roller-cr.js,available|barcode|compare_at_price|handle|name|price|price_max|price_min|sku|title|variants|vendor,alt|aspect_ratio|available|barcode|compare_at_price|compare_at_price_max|compare_at_price_min|compare_at_price_varies|created_at|description|featured_image|handle|height|id|images|increment|inventory_management|max|media|media_type|min|name|option1|option2|option3|options|position|preview_image|price|price_max|price_min|price_varies|public_title|published_at|quantity_price_breaks|quantity_rule|requires_selling_plan|requires_shipping|selling_plan_allocations|selling_plan_groups|sku|src|tags|taxable|title|type|url|values|variants|vendor|weight|width
csr_building,direct_product_json,GET,https://csrbuilding.com/en-us/products/{handle}.json,True,application/json,200,direct_product_probe,probe,shopify,1,1,1,True,https://csrbuilding.com/en-us/products/columbia-corner-roller-cr.json,barcode|compare_at_price|handle|name|price|product|sku|title|variants|vendor,alt|barcode|body_html|compare_at_price|compare_at_price_currency|created_at|fulfillment_service|grams|handle|height|id|image|image_id|images|increment|inventory_management|max|min|name|option1|option2|option3|options|position|price|price_currency|product|product_id|product_type|published_at|published_scope|quantity_price_breaks|quantity_rule|requires_shipping|sku|src|tags|taxable|template_suffix|title|updated_at|values|variant_ids|variants|vendor|weight|weight_unit|width
csr_building,direct_replay,GET,https://a.klaviyo.com/forms/api/v3/geo-ip,False,application/json,200,direct_replay,probe,shopify,1,1,1,True,https://a.klaviyo.com/forms/api/v3/geo-ip,,continent_code|country_code
csr_building,direct_replay,GET,https://api.tapc.art/capture-kit?shopStore=%7Bvalue%7D&appId=%7Bvalue%7D,False,application/json,200,direct_replay,probe,shopify,1,1,1,True,https://api.tapc.art/capture-kit/?shopStore=csr-building-supplies.myshopify.com&appId=,title,appinfo|appinstalledoverrides|appstoreid|appstorelink|background|button|buttonbackground|buttontext|colors|dataurl|deeppinkpath|display|en|enabled|family|font|frequency|icon|matches|mobiledownloadbanner|on|period|placement|playstoreid|playstorelink|qrcode|showreviews|text|title|triggerdelayinms|unit|url|value
csr_building,direct_replay,GET,https://cdn.codeblackbelt.com/json/preferences/also-bought.json?productIdList=%7Bvalue%7D&recentlyViewedProductIdList=%7Bvalue%7D&shop=%7Bvalue%7D&marketCountry=%7Bvalue%7D&marketCurrency=%7Bvalue%7D&path=%7Bvalue%7D&version=%7Bvalue%7D,False,application/json,200,direct_replay,probe,shopify,1,1,1,True,https://cdn.codeblackbelt.com/json/preferences/also-bought.json?productIdList=4385033945227&recentlyViewedProductIdList=&shop=csr-building-supplies.myshopify.com&marketCountry=US&marketCurrency=USD&path=%2Fen-us%2Fcollections%2Fcolumbia%2Fproducts%2Fcolumbia-corner-roller-cr&version=202608171040,,error
csr_building,direct_replay,GET,https://cdn.codeblackbelt.com/json/preferences/frequently-bought-together.json?productId=%7Bproduct_id%7D&shop=%7Bvalue%7D&marketCountry=%7Bvalue%7D&marketCurrency=%7Bvalue%7D&path=%7Bvalue%7D&version=%7Bvalue%7D,False,application/json,200,direct_replay,probe,shopify,1,1,1,True,https://cdn.codeblackbelt.com/json/preferences/frequently-bought-together.json?productId=4385033945227&shop=csr-building-supplies.myshopify.com&marketCountry=US&marketCurrency=USD&path=%2Fen-us%2Fcollections%2Fcolumbia%2Fproducts%2Fcolumbia-corner-roller-cr&version=202608171040,,error
csr_building,direct_replay,GET,https://csrbuilding.com/cart.js,True,text/javascript,200,direct_replay,probe,shopify,1,1,1,True,https://csrbuilding.com/cart.js,currency|items,attributes|cart_level_discount_applications|currency|discount_codes|item_count|items|items_subtotal_price|note|original_total_price|requires_shipping|token|total_discount|total_price|total_weight
csr_building,direct_replay,GET,https://csrbuilding.com/en-us/cart.json,True,application/json,200,direct_replay,probe,shopify,1,1,1,True,https://csrbuilding.com/en-us/cart.json,currency|items,attributes|cart_level_discount_applications|currency|discount_codes|item_count|items|items_subtotal_price|note|original_total_price|requires_shipping|token|total_discount|total_price|total_weight
csr_building,direct_replay,GET,https://fast.a.klaviyo.com/custom-fonts/api/v1/company-fonts/onsite?company_id=%7Bvalue%7D,False,application/json,200,direct_replay,probe,shopify,1,1,1,True,https://fast.a.klaviyo.com/custom-fonts/api/v1/company-fonts/onsite?company_id=VLBUtn,variants,custom|display_name|fallback|family|font_type|google|id|typekit|typekit_url|variant_value|variants
csr_building,direct_replay,GET,https://platform.smile.io/shopify_extensions/activity_rules?account_id=%7Bvalue%7D,False,application/json,200,direct_replay,probe,shopify,1,1,1,True,https://platform.smile.io/shopify_extensions/activity_rules?account_id=168972,name,account_id|action_text|action_url|activity_rule_definition|activity_rule_type|activity_rules|activity_type|category|category_slug|created_at|customized_details|customized_fulfill_reason_text_template|customized_image_temp_s3_key|customized_image_url|customized_name|customized_value_description_template|default_activity_rule_details|default_activity_rule_image_url|default_activity_rule_name|default_activity_rule_value_description_template|default_fulfill_reason_text_template|default_fulfill_source_description_template|default_sort_order|description|details|id|image_url|is_discontinued|is_enabled|max|min|multiplier|name|no_rate_limit_conditions_reason|required_integration_type|requires_rate_limit|reward|reward_program_id|reward_value_type|rewarded_count|supports_rate_limit_conditions|type|updated_at|username|value|value_description|value_description_template
csr_building,direct_replay,GET,https://static-forms.klaviyo.com/forms/api/v7/VLBUtn/full-forms,False,application/json,200,direct_replay,probe,,1,1,1,True,https://static-forms.klaviyo.com/forms/api/v7/VLBUtn/full-forms,name,a11y_identifier|action|action_id|action_type|alignment|allocation|alt_text|arrangement|back_in_stock|background_color|background_image|blacklist|block_background_color|blur|body|border|border_color|border_radius|border_style|border_width|bottom|button_styles|channel|channel_settings|channel_type|channels|checkbox_label|color|column_id|columns|company_sender_settings|compliance_company_name|component_id|component_type|components|consent_type|content|cookie_timeout|custom_company_font_id|custom_width|data|default_color|desktop_mobile_target|device_type|dismiss_button_styles|dismissed_alerts|docking|drop_shadow|dynamic_button_id|dynamic_buttons|dynamic_info_config|email_address|email_settings|embed_alignment|enabled|environment|existing_user|exit_intent|field_id|flyout_options|focus_color|font_color|font_family|font_size|font_style|font_weight|form_entity_form_view_dependencies|form_id|form_input_text_color|form_settings|form_specialties|form_type|form_type_direction|form_version_id|format|full_forms|full_width|groups_targeting|height|hover_background_color|hover_text_color|html|id|image|impact|independent_triggers|input_background_color|input_styles|invalid_error_message|is_max_width|is_sms_consent_field|is_updating_s_m_s_consent|js_custom_trigger|key|label|left|letter_spacing|link|list_id|live_form_versions|margin|message_priority|meta_fields|minimum_height|mobile_overlay|name|new_window|opt_in_keyword_id|opt_in_message|options|padding|padding_bottom|padding_top|parent_view_id|placeholder|placeholder_color|position|preset_size|privacy_policy_url|redirect_url|related_nodes|reported_at|required|required_error_message|rich_text_styles|right|row_id|rows|selected_country_code|shopify_visitor_api|show_klaviyo_branding|show_klaviyo_branding_fullpage_and_flyout_forms|show_label|side_image|size|size_multiplier|sms|sms_consent_type|specify_hover_background_color|styling|subject|suppress_success_form|sync_email_consent|sync_sms_consent|terms_of_service_url|text|text_color|text_decoration|text_styles|to_phone_number|top|trigger_group_id|trigger_groups|trigger_id|trigger_type|triggers|ty4zfd|type|update_timestamp|url|uyejfj|v9kryp|value|vertical_alignment|view_id|views|violations|whitelist|width|x_stroke|xcolor
wall_tools,browser_fetch,GET,https://form-assets.mailchimp.com/snippet/config/{id}/variation/{id}?site=%7Bvalue%7D,False,application/json,200,browser,fetch,,1,1,1,False,https://form-assets.mailchimp.com/snippet/config/104194098/variation/395325?site=aef6c58f9182762cead8aafc0,name|title,1024|375|__ismodifyingstep|__lastaction|actiononclosed|actiononreload|actions|active|aligncontent|alignitems|animateonlyonce|animationdelay|animationduration|animationname|animations|background|backgroundimage|backgroundposition|backgroundrepeat|backgroundsize|bordercolor|borderradius|borderstyle|borderwidth|bottom|capturedbyexperience|codesnippets|color|connected_site_id|content|created_at|css|datacustomtype|datatype|devicetypes|disableddevices|disabledintegrations|display|displaymethod|displaymethodqueryselector|duration|eibackgroundimage|eifontprovider|eitextbalance|element_ids|elementid|elements|elementsubtype|elementtype|embeddedselector|error|experience_id|externalid|filesize|flexdirection|flexgrow|flexshrink|flexwrap|focus|fontfamily|fonts|fontsize|fontstyle|fontweight|format|front_id|gap|googleanalyticsevent|haserrors|hasphoneinputinfirststep|height|hover|id|image|imagesbybreakpoint|initialorder|inputerrorstyles|inputsubtype|integrationconfig|iphone6|is_winner|isdefault|isembedded|islogo|justifycontent|label|left|letterspacing|lineheight|linkedads|marginbottom|margintop|maxwidth|middle|mimetype|minheight|mobile_channel_config|name|normal|occurrencescount|occurrencesmode|omittedelementnames|opacity|operation|order|original_name|overflow|overflowx|overflowy|padding|paddingbottom|paddingleft|paddingright|paddingtop|parent_front_id|paths|pauserules|placeholder|position|predicate|priority|qualifier|relativestepid|reload|renderoutsideiframe|required|right|rules|segments|selected|sharedstyleid|sharedstyles|smalldesktop|startrules|status|steps|stoprules|strokelinecap|strokewidth|styles|subelementpseudostatestyles|subject|subtype|tags|template_id|textalign|textdecoration|texttransform|timerange|title|top|triggers|triggersold|ts|type|unit|updated_at|url|validatestep|value|variationhash|viewport|viewports|width
wall_tools,browser_fetch,GET,https://form-assets.mailchimp.com/snippet/config/{id}?site=%7Bvalue%7D,False,application/json,200,browser,fetch,,1,1,1,False,https://form-assets.mailchimp.com/snippet/config/104194098?site=aef6c58f9182762cead8aafc0,name|title,__ismodifyingstep|__lastaction|account_id|accountid|actiononclosed|actiononreload|analyticsendpointurl|appversion|cantakeoverall|capturedbyexperience|companylogourl|conjunction|connected_site_id|created_at|datacustomtype|datatype|devicetypes|displaymethod|displaymethodqueryselector|duration|embeddedselector|enabledintegrations|experience_id|experiences|fonts|format|frequency|front_id|geolocationserviceurl|googleanalyticsevent|haserrors|hash|hostedformpagebackgroundcolor|id|image|integrationconfig|is_winner|isembedded|linkedads|mcaudienceid|mcaudienceuniqueid|mcflags|meta|mobile_channel_config|name|namespace|occurrencescount|occurrencesmode|onloadcodeextensions|operation|options|order|pageshowrules|parent_front_id|paths|pauseifpageshowrulesnolongermatch|pauserules|pauserulesets|predicate|preventshowingifseenothercampaignwithininterval|priority|qualifier|realmid|rules|rulesets|segmentid|segments|selectedconnectedsiteid|sessionhandling|sms_multiple_country_select_enabled|startrules|startrulesets|startsegmentid|status|steps|stoprules|stoprulesets|subject|tags|template_id|timerange|title|triggerconfig|triggers|triggersfromvariation|triggersold|type|unit|updated_at|url|value|variations|version|version_id|versiontargetingconfig|viewports
wall_tools,browser_fetch,POST,https://hn.inspectlet.com/ginit/{id},False,application/json,200,browser,fetch,,1,1,1,False,https://hn.inspectlet.com/ginit/609979791,,noinspectlet
wall_tools,browser_xhr,POST,https://api.findify.io/v4/{uuid}/autocomplete,False,application/json,200,browser,xhr,bigcommerce,1,1,1,False,https://api.findify.io/v4/f701e626-1fc2-4ccd-a04d-fe3dad4311e6/autocomplete,availability|items|price|sku|title|variants,availability|boosted|content|created_at|custom_fields|discount|explanation|finalrank|free-shipping|id|image_url|in-stock|is_available|item_group_id|item_limit|items|meta|original|out-of-stock|pinned|popularityboost|price|product_url|q|quantity|reviews|rid|sale_price|score|selected_variant_id|sku|stickers|suggestion_limit|suggestions|tags|thumbnail_url|title|value|variants
wall_tools,browser_xhr,POST,https://api.findify.io/v4/{uuid}/recommend/product-findify-rec-1,False,application/json,200,browser,xhr,bigcommerce,1,1,1,False,https://api.findify.io/v4/f701e626-1fc2-4ccd-a04d-fe3dad4311e6/recommend/product-findify-rec-1,availability|items|price|sku|title|variants,availability|boosted|created_at|custom_fields|discount|explanation|finalrank|free-shipping|id|image_2_url|image_url|in-stock|inventory_tracking|is_available|item_group_id|item_ids|items|limit|meta|offset|original|out-of-stock|pinned|popularityboost|price|product_url|quantity|recommendationtype|reviews|rid|sale_price|score|selected_variant_id|sku|stickers|tags|title|total|updated_at|user_id|variants
wall_tools,browser_xhr,GET,https://sdk.beeketing.com/global/setting/production.json,False,application/json,200,browser,xhr,woocommerce,1,1,1,False,https://sdk.beeketing.com/global/setting/production.json,name,abtestlastchangetime|apps|built_at|data|devices|name|payments|platforms|value
wall_tools,browser_xhr,GET,https://sdk.beeketing.com/shop/NTljNDQ1ZmFmNzgwOTVlMDdlY2U5M2MwODJhMGUyMGI=.json,False,application/json,200,browser,xhr,bigcommerce,1,1,1,False,https://sdk.beeketing.com/shop/NTljNDQ1ZmFmNzgwOTVlMDdlY2U5M2MwODJhMGUyMGI=.json,currency|name,absolute_domain|active|active_button_position|addtocartidentity|api_key|applycodesuccessfully|apps|assetslastcheck|assetsversion|auto_url|auto_url_v2|autoajaxcartdetected|autoapply|bk_setting_already_write_review|buildtime|button|cart_discount|cartdiscount|cboost|cboost_timestamp|checkitout|checkout|checkout_flow|checkoutnowgift|cluster_id|codediscount|completenow|congratulation|content|copied|copydiscount|currency|customscript|customshopsettings|detectajaxcart|disableabtest|discount|discount_bar_color|discount_bar_message1|discount_bar_message2|discount_bar_message3|discount_bar_text_align|discount_bar_text_color|discountbarsetting|discountcode|discountcontent|discountlabel|discountmessage|domain|draft_order_url|email|enable|enable_discount_bar|enable_facebook|enable_minimize_icon|enable_remind_title_tab|enable_sale_motivator|enable_success_message|enable_twitter|enterinfo|facebookappid|free_gift|free_ship|freegift|freelabel|freeship|freeshipmessage|get_bulk_code_url|getdeal|getgiftsuccessfully|greatdiscount|header|id|intro_search_products_collections|is_first_time_show_progress_bar|is_test_apply_code|isexpired|ispurchased|isrequireajaxform|language|last_billing_cycle|level|message|message_align|message_font|message_font_size|message_is_bold|message_is_italic|message_is_underline|message_text_color|mins|mobile_disabled|moneyformat|moreitems|motivation_active|motivationtitle|name|not_support_url|nothank|number_cancel_subscription_via_button|offers|overrideaddcartbutton|paymentstatus|platform|popup_icon|remind_bar_active|remind_bar_active_continue_shopping|remind_bar_cart_discount_message|remind_bar_color_bar|remind_bar_color_checkout_button|remind_bar_color_text_checkout_button|remind_bar_color_text_content|remind_bar_direct_link|remind_bar_free_gift_message|remind_bar_free_ship_message|remind_bar_position_bar|remind_bar_text_checkout_button|remind_bar_text_content|remind_bar_text_continue_button|remind_title_tab_text|sale_motivator_position|sale_motivator_process_color|sale_motivator_progress_background|sale_motivator_show_on_mobile|salesmotivatorsetting|secs|settings|settingversion|shared_facebook_url|shared_facebook_url_sdk2|sharefacebook|sharetwitter|shop|shopassetversion|shopassetversionstracked|shopnow|shopnowonpopup|socials|subject_align|subject_font|subject_font_size|subject_is_bold|subject_is_italic|subject_is_underline|subject_text_color|thankyoudiscount|thankyougift|theme|theme_background|themecdown|timezone|toptext|translate|translation|unbindaddtocartbutton|uniquenames|usefbpixeltrack|yougotshipping
wall_tools,browser_xhr,POST,https://www.paypal.com/xoplatform/logger/api/logger?disableSetCookie=%7Bvalue%7D,False,application/json,200,browser,xhr,,2,2,2,False,https://www.paypal.com/xoplatform/logger/api/logger?disableSetCookie=true,name,country|cssbaseurl|datastring|date|debug|determiner|directionality|fpti|hostname|jsbaseurl|jsurl|language|links|locale|locality|name|pageinfo|resourcebaseurl|rlogid|script|serverurl|sys|templatebaseurl|timezone|tracking|value|varname
wall_tools,direct_replay,GET,https://form-assets.mailchimp.com/snippet/config/{id}/variation/{id}?site=%7Bvalue%7D,False,application/json,200,direct_replay,probe,,1,1,1,True,https://form-assets.mailchimp.com/snippet/config/104194098/variation/395325?site=aef6c58f9182762cead8aafc0,name|title,1024|375|__ismodifyingstep|__lastaction|actiononclosed|actiononreload|actions|active|aligncontent|alignitems|animateonlyonce|animationdelay|animationduration|animationname|animations|background|backgroundimage|backgroundposition|backgroundrepeat|backgroundsize|bordercolor|borderradius|borderstyle|borderwidth|bottom|capturedbyexperience|codesnippets|color|connected_site_id|content|created_at|css|datacustomtype|datatype|devicetypes|disableddevices|disabledintegrations|display|displaymethod|displaymethodqueryselector|duration|eibackgroundimage|eifontprovider|eitextbalance|element_ids|elementid|elements|elementsubtype|elementtype|embeddedselector|error|experience_id|externalid|filesize|flexdirection|flexgrow|flexshrink|flexwrap|focus|fontfamily|fonts|fontsize|fontstyle|fontweight|format|front_id|gap|googleanalyticsevent|haserrors|hasphoneinputinfirststep|height|hover|id|image|imagesbybreakpoint|initialorder|inputerrorstyles|inputsubtype|integrationconfig|iphone6|is_winner|isdefault|isembedded|islogo|justifycontent|label|left|letterspacing|lineheight|linkedads|marginbottom|margintop|maxwidth|middle|mimetype|minheight|mobile_channel_config|name|normal|occurrencescount|occurrencesmode|omittedelementnames|opacity|operation|order|original_name|overflow|overflowx|overflowy|padding|paddingbottom|paddingleft|paddingright|paddingtop|parent_front_id|paths|pauserules|placeholder|position|predicate|priority|qualifier|relativestepid|reload|renderoutsideiframe|required|right|rules|segments|selected|sharedstyleid|sharedstyles|smalldesktop|startrules|status|steps|stoprules|strokelinecap|strokewidth|styles|subelementpseudostatestyles|subject|subtype|tags|template_id|textalign|textdecoration|texttransform|timerange|title|top|triggers|triggersold|ts|type|unit|updated_at|url|validatestep|value|variationhash|viewport|viewports|width
wall_tools,direct_replay,GET,https://form-assets.mailchimp.com/snippet/config/{id}?site=%7Bvalue%7D,False,application/json,200,direct_replay,probe,,1,1,1,True,https://form-assets.mailchimp.com/snippet/config/104194098?site=aef6c58f9182762cead8aafc0,name|title,__ismodifyingstep|__lastaction|account_id|accountid|actiononclosed|actiononreload|analyticsendpointurl|appversion|cantakeoverall|capturedbyexperience|companylogourl|conjunction|connected_site_id|created_at|datacustomtype|datatype|devicetypes|displaymethod|displaymethodqueryselector|duration|embeddedselector|enabledintegrations|experience_id|experiences|fonts|format|frequency|front_id|geolocationserviceurl|googleanalyticsevent|haserrors|hash|hostedformpagebackgroundcolor|id|image|integrationconfig|is_winner|isembedded|linkedads|mcaudienceid|mcaudienceuniqueid|mcflags|meta|mobile_channel_config|name|namespace|occurrencescount|occurrencesmode|onloadcodeextensions|operation|options|order|pageshowrules|parent_front_id|paths|pauseifpageshowrulesnolongermatch|pauserules|pauserulesets|predicate|preventshowingifseenothercampaignwithininterval|priority|qualifier|realmid|rules|rulesets|segmentid|segments|selectedconnectedsiteid|sessionhandling|sms_multiple_country_select_enabled|startrules|startrulesets|startsegmentid|status|steps|stoprules|stoprulesets|subject|tags|template_id|timerange|title|triggerconfig|triggers|triggersfromvariation|triggersold|type|unit|updated_at|url|value|variations|version|version_id|versiontargetingconfig|viewports
wall_tools,direct_replay,GET,https://sdk.beeketing.com/global/setting/production.json,False,application/json,200,direct_replay,probe,woocommerce,1,1,1,True,https://sdk.beeketing.com/global/setting/production.json,name,abtestlastchangetime|apps|built_at|data|devices|name|payments|platforms|value
wall_tools,direct_replay,GET,https://sdk.beeketing.com/shop/NTljNDQ1ZmFmNzgwOTVlMDdlY2U5M2MwODJhMGUyMGI=.json,False,application/json,200,direct_replay,probe,bigcommerce,1,1,1,True,https://sdk.beeketing.com/shop/NTljNDQ1ZmFmNzgwOTVlMDdlY2U5M2MwODJhMGUyMGI=.json,currency|name,absolute_domain|active|active_button_position|addtocartidentity|api_key|applycodesuccessfully|apps|assetslastcheck|assetsversion|auto_url|auto_url_v2|autoajaxcartdetected|autoapply|bk_setting_already_write_review|buildtime|button|cart_discount|cartdiscount|cboost|cboost_timestamp|checkitout|checkout|checkout_flow|checkoutnowgift|cluster_id|codediscount|completenow|congratulation|content|copied|copydiscount|currency|customscript|customshopsettings|detectajaxcart|disableabtest|discount|discount_bar_color|discount_bar_message1|discount_bar_message2|discount_bar_message3|discount_bar_text_align|discount_bar_text_color|discountbarsetting|discountcode|discountcontent|discountlabel|discountmessage|domain|draft_order_url|email|enable|enable_discount_bar|enable_facebook|enable_minimize_icon|enable_remind_title_tab|enable_sale_motivator|enable_success_message|enable_twitter|enterinfo|facebookappid|free_gift|free_ship|freegift|freelabel|freeship|freeshipmessage|get_bulk_code_url|getdeal|getgiftsuccessfully|greatdiscount|header|id|intro_search_products_collections|is_first_time_show_progress_bar|is_test_apply_code|isexpired|ispurchased|isrequireajaxform|language|last_billing_cycle|level|message|message_align|message_font|message_font_size|message_is_bold|message_is_italic|message_is_underline|message_text_color|mins|mobile_disabled|moneyformat|moreitems|motivation_active|motivationtitle|name|not_support_url|nothank|number_cancel_subscription_via_button|offers|overrideaddcartbutton|paymentstatus|platform|popup_icon|remind_bar_active|remind_bar_active_continue_shopping|remind_bar_cart_discount_message|remind_bar_color_bar|remind_bar_color_checkout_button|remind_bar_color_text_checkout_button|remind_bar_color_text_content|remind_bar_direct_link|remind_bar_free_gift_message|remind_bar_free_ship_message|remind_bar_position_bar|remind_bar_text_checkout_button|remind_bar_text_content|remind_bar_text_continue_button|remind_title_tab_text|sale_motivator_position|sale_motivator_process_color|sale_motivator_progress_background|sale_motivator_show_on_mobile|salesmotivatorsetting|secs|settings|settingversion|shared_facebook_url|shared_facebook_url_sdk2|sharefacebook|sharetwitter|shop|shopassetversion|shopassetversionstracked|shopnow|shopnowonpopup|socials|subject_align|subject_font|subject_font_size|subject_is_bold|subject_is_italic|subject_is_underline|subject_text_color|thankyoudiscount|thankyougift|theme|theme_background|themecdown|timezone|toptext|translate|translation|unbindaddtocartbutton|uniquenames|usefbpixeltrack|yougotshipping
