sku,taxon_key,position,evidence,review_status
COL-180-GRIP-FLAT-BOX-HANDLE,automatic_handles_extensions,10,approved migration from exact path: Taping & Finishing Tools > Automatic Taping Tools > Handles & Extensions,approved
COL-ANGLE-HEAD,automatic_angle_heads_corner_finishers,10,approved migration from exact path: Taping & Finishing Tools > Automatic Taping Tools > Angle Heads & Corner Finishers,approved
COL-AUTOMATIC-FAT-BOY-BOX,flat_boxes,10,approved migration from exact path: Taping & Finishing Tools > Automatic Taping Tools > Flat Boxes,approved
COL-AUTOMATIC-FLAT-BOX,flat_boxes,10,approved migration from exact path: Taping & Finishing Tools > Automatic Taping Tools > Flat Boxes,approved
COL-AUTOMATIC-TAPER,automatic_tapers,10,approved migration from exact path: Taping & Finishing Tools > Automatic Taping Tools > Automatic Tapers,approved
PTAPER,automatic_tapers,10,approved migration from exact path: Taping & Finishing Tools > Automatic Taping Tools > Automatic Tapers,approved
COL-BILLET-MUD-APPLICATOR,semi_compound_applicators,10,approved migration from exact path: Taping & Finishing Tools > Semi-Automatic Taping Tools > Compound Applicators,approved
COL-BOX-FILLER,automatic_goosenecks_box_fillers,10,approved migration from exact path: Taping & Finishing Tools > Automatic Taping Tools > Goosenecks & Box Fillers,approved
COL-CAM-LOCK-TUBE,semi_compound_tubes,10,approved migration from exact path: Taping & Finishing Tools > Semi-Automatic Taping Tools > Compound Tubes,approved
COL-COMBO-FLUSHER,semi_corner_flushers,10,approved migration from exact path: Taping & Finishing Tools > Semi-Automatic Taping Tools > Corner Flushers,approved
COL-COMPOUND-TUBE,semi_compound_tubes,10,approved migration from exact path: Taping & Finishing Tools > Semi-Automatic Taping Tools > Compound Tubes,approved
COL-DIRECT-FLUSHER,semi_corner_flushers,10,approved migration from exact path: Taping & Finishing Tools > Semi-Automatic Taping Tools > Corner Flushers,approved
COL-FAT-BOY-FLAT-BOX,flat_boxes,10,approved migration from exact path: Taping & Finishing Tools > Automatic Taping Tools > Flat Boxes,approved
COL-FLAT-FINISHER-BOX,flat_boxes,10,approved migration from exact path: Taping & Finishing Tools > Automatic Taping Tools > Flat Boxes,approved
COL-GOOSENECK,automatic_goosenecks_box_fillers,10,approved migration from exact path: Taping & Finishing Tools > Automatic Taping Tools > Goosenecks & Box Fillers,approved
COL-HOT-MUD-PUMP,automatic_loading_pumps,10,approved migration from exact path: Taping & Finishing Tools > Automatic Taping Tools > Loading Pumps,approved
COL-MATRIX-FLAT-BOX-HANDLE,automatic_handles_extensions,10,approved migration from exact path: Taping & Finishing Tools > Automatic Taping Tools > Handles & Extensions,approved
COL-NAIL-SPOTTER,automatic_nail_spotters,10,approved migration from exact path: Taping & Finishing Tools > Automatic Taping Tools > Nail Spotters,approved
COL-ONE-HANDLE,automatic_handles_extensions,10,approved migration from exact path: Taping & Finishing Tools > Automatic Taping Tools > Handles & Extensions,approved
COL-OUTSIDE-CORNER-ROLLER,automatic_corner_rollers,10,approved migration from exact path: Taping & Finishing Tools > Automatic Taping Tools > Corner Rollers,approved
COL-PREDATOR-MATRIX-HANDLE,automatic_handles_extensions,10,approved migration from exact path: Taping & Finishing Tools > Automatic Taping Tools > Handles & Extensions,approved
COL-PREDATOR-ONE-HANDLE,automatic_handles_extensions,10,approved migration from exact path: Taping & Finishing Tools > Automatic Taping Tools > Handles & Extensions,approved
COL-STANDARD-FLUSHER,semi_corner_flushers,10,approved migration from exact path: Taping & Finishing Tools > Semi-Automatic Taping Tools > Corner Flushers,approved
COL-THROTTLE-CORNER-FLUSHER-BOX,automatic_angle_boxes_corner_applicators,10,approved migration from exact path: Taping & Finishing Tools > Automatic Taping Tools > Angle Boxes & Corner Applicators,approved
TCS,tool_storage_cases,10,approved migration from exact path: Taping & Finishing Tools > Tool Storage & Cases,approved
RC,tool_storage_cases,10,approved migration from exact path: Taping & Finishing Tools > Tool Storage & Cases,approved
COL-UHMW-MUD-APPLICATOR,semi_compound_applicators,10,approved migration from exact path: Taping & Finishing Tools > Semi-Automatic Taping Tools > Compound Applicators,approved
SACS,semi_tool_sets,10,approved migration from exact path: Taping & Finishing Tools > Semi-Automatic Taping Tools > Tool Sets,approved
CPFP,automatic_loading_pumps,10,approved migration from exact path: Taping & Finishing Tools > Automatic Taping Tools > Loading Pumps,approved
CPFGN,automatic_goosenecks_box_fillers,10,approved migration from exact path: Taping & Finishing Tools > Automatic Taping Tools > Goosenecks & Box Fillers,approved
FA280,replacement_parts,10,approved migration from exact path: Replacement Parts,approved
FA268,replacement_parts,10,approved migration from exact path: Replacement Parts,approved
FA270,replacement_parts,10,approved migration from exact path: Replacement Parts,approved
FA228,replacement_parts,10,approved migration from exact path: Replacement Parts,approved
FA229,replacement_parts,10,approved migration from exact path: Replacement Parts,approved
FA230,replacement_parts,10,approved migration from exact path: Replacement Parts,approved
FA253,replacement_parts,10,approved migration from exact path: Replacement Parts,approved
FA252,replacement_parts,10,approved migration from exact path: Replacement Parts,approved
FA202,replacement_parts,10,approved migration from exact path: Replacement Parts,approved
FA200,replacement_parts,10,approved migration from exact path: Replacement Parts,approved
FA203,replacement_parts,10,approved migration from exact path: Replacement Parts,approved
FA3,replacement_parts,10,approved migration from exact path: Replacement Parts,approved
CT109,replacement_parts,10,approved migration from exact path: Replacement Parts,approved
FA296,replacement_parts,10,approved migration from exact path: Replacement Parts,approved
FA295,replacement_parts,10,approved migration from exact path: Replacement Parts,approved
FA379,replacement_parts,10,approved migration from exact path: Replacement Parts,approved
FA286,replacement_parts,10,approved migration from exact path: Replacement Parts,approved
FA288,replacement_parts,10,approved migration from exact path: Replacement Parts,approved
FA291,replacement_parts,10,approved migration from exact path: Replacement Parts,approved
FA299,replacement_parts,10,approved migration from exact path: Replacement Parts,approved
FA313,replacement_parts,10,approved migration from exact path: Replacement Parts,approved
FA301,replacement_parts,10,approved migration from exact path: Replacement Parts,approved
FA300,replacement_parts,10,approved migration from exact path: Replacement Parts,approved
FA294,replacement_parts,10,approved migration from exact path: Replacement Parts,approved
FA297,replacement_parts,10,approved migration from exact path: Replacement Parts,approved
FA298,replacement_parts,10,approved migration from exact path: Replacement Parts,approved
FA302,replacement_parts,10,approved migration from exact path: Replacement Parts,approved
FA320,replacement_parts,10,approved migration from exact path: Replacement Parts,approved
HFFB14,replacement_parts,10,approved migration from exact path: Replacement Parts,approved
FFB25,replacement_parts,10,approved migration from exact path: Replacement Parts,approved
AH3,replacement_parts,10,approved migration from exact path: Replacement Parts,approved
FA380,replacement_parts,10,approved migration from exact path: Replacement Parts,approved
FA225,replacement_parts,10,approved migration from exact path: Replacement Parts,approved
FA224,replacement_parts,10,approved migration from exact path: Replacement Parts,approved
FA271,replacement_parts,10,approved migration from exact path: Replacement Parts,approved
FA272,replacement_parts,10,approved migration from exact path: Replacement Parts,approved
FA273,replacement_parts,10,approved migration from exact path: Replacement Parts,approved
FA312,replacement_parts,10,approved migration from exact path: Replacement Parts,approved
FA274,replacement_parts,10,approved migration from exact path: Replacement Parts,approved
FA275,replacement_parts,10,approved migration from exact path: Replacement Parts,approved
FA276,replacement_parts,10,approved migration from exact path: Replacement Parts,approved
FA316,replacement_parts,10,approved migration from exact path: Replacement Parts,approved
FA382,replacement_parts,10,approved migration from exact path: Replacement Parts,approved
FA199,replacement_parts,10,approved migration from exact path: Replacement Parts,approved
FA365,replacement_parts,10,approved migration from exact path: Replacement Parts,approved
FA206,replacement_parts,10,approved migration from exact path: Replacement Parts,approved
FA207,replacement_parts,10,approved migration from exact path: Replacement Parts,approved
FA219,replacement_parts,10,approved migration from exact path: Replacement Parts,approved
FA213,replacement_parts,10,approved migration from exact path: Replacement Parts,approved
FA214,replacement_parts,10,approved migration from exact path: Replacement Parts,approved
FA2,replacement_parts,10,approved migration from exact path: Replacement Parts,approved
FA210,replacement_parts,10,approved migration from exact path: Replacement Parts,approved
FA212,replacement_parts,10,approved migration from exact path: Replacement Parts,approved
FA220,replacement_parts,10,approved migration from exact path: Replacement Parts,approved
FA218,replacement_parts,10,approved migration from exact path: Replacement Parts,approved
FA216,replacement_parts,10,approved migration from exact path: Replacement Parts,approved
FA215,replacement_parts,10,approved migration from exact path: Replacement Parts,approved
FA303,replacement_parts,10,approved migration from exact path: Replacement Parts,approved
FA307,replacement_parts,10,approved migration from exact path: Replacement Parts,approved
FA305,replacement_parts,10,approved migration from exact path: Replacement Parts,approved
FA306,replacement_parts,10,approved migration from exact path: Replacement Parts,approved
CFB10,replacement_parts,10,approved migration from exact path: Replacement Parts,approved
FA317,replacement_parts,10,approved migration from exact path: Replacement Parts,approved
FA232,replacement_parts,10,approved migration from exact path: Replacement Parts,approved
FA234,replacement_parts,10,approved migration from exact path: Replacement Parts,approved
FA233,replacement_parts,10,approved migration from exact path: Replacement Parts,approved
FA245,replacement_parts,10,approved migration from exact path: Replacement Parts,approved
FA244,replacement_parts,10,approved migration from exact path: Replacement Parts,approved
FFB11,replacement_parts,10,approved migration from exact path: Replacement Parts,approved
FA239,replacement_parts,10,approved migration from exact path: Replacement Parts,approved
FA227,replacement_parts,10,approved migration from exact path: Replacement Parts,approved
FA236,replacement_parts,10,approved migration from exact path: Replacement Parts,approved
FA235,replacement_parts,10,approved migration from exact path: Replacement Parts,approved
FA237,replacement_parts,10,approved migration from exact path: Replacement Parts,approved
FA238,replacement_parts,10,approved migration from exact path: Replacement Parts,approved
FA241,replacement_parts,10,approved migration from exact path: Replacement Parts,approved
FA243,replacement_parts,10,approved migration from exact path: Replacement Parts,approved
FA231,replacement_parts,10,approved migration from exact path: Replacement Parts,approved
FA247,replacement_parts,10,approved migration from exact path: Replacement Parts,approved
FA254,replacement_parts,10,approved migration from exact path: Replacement Parts,approved
FA267,replacement_parts,10,approved migration from exact path: Replacement Parts,approved
FA262,replacement_parts,10,approved migration from exact path: Replacement Parts,approved
FA257,replacement_parts,10,approved migration from exact path: Replacement Parts,approved
FA256,replacement_parts,10,approved migration from exact path: Replacement Parts,approved
FA265,replacement_parts,10,approved migration from exact path: Replacement Parts,approved
FA260,replacement_parts,10,approved migration from exact path: Replacement Parts,approved
FA261,replacement_parts,10,approved migration from exact path: Replacement Parts,approved
FA376,replacement_parts,10,approved migration from exact path: Replacement Parts,approved
FA264,replacement_parts,10,approved migration from exact path: Replacement Parts,approved
FA258,replacement_parts,10,approved migration from exact path: Replacement Parts,approved
FA249,replacement_parts,10,approved migration from exact path: Replacement Parts,approved
FFB5,replacement_parts,10,approved migration from exact path: Replacement Parts,approved
FFB9,replacement_parts,10,approved migration from exact path: Replacement Parts,approved
HNS7,replacement_parts,10,approved migration from exact path: Replacement Parts,approved
FFB5A,replacement_parts,10,approved migration from exact path: Replacement Parts,approved
MP32,replacement_parts,10,approved migration from exact path: Replacement Parts,approved
FFB8,replacement_parts,10,approved migration from exact path: Replacement Parts,approved
CT103,replacement_parts,10,approved migration from exact path: Replacement Parts,approved
CT125A,replacement_parts,10,approved migration from exact path: Replacement Parts,approved
BH24A,replacement_parts,10,approved migration from exact path: Replacement Parts,approved
CFB16,replacement_parts,10,approved migration from exact path: Replacement Parts,approved
CR-3,replacement_parts,10,approved migration from exact path: Replacement Parts,approved
HNS8,replacement_parts,10,approved migration from exact path: Replacement Parts,approved
AH9-CLIP,replacement_parts,10,approved migration from exact path: Replacement Parts,approved
BH9,replacement_parts,10,approved migration from exact path: Replacement Parts,approved
HH16A,replacement_parts,10,approved migration from exact path: Replacement Parts,approved
HH10B,replacement_parts,10,approved migration from exact path: Replacement Parts,approved
CFB8,replacement_parts,10,approved migration from exact path: Replacement Parts,approved
FFB36,replacement_parts,10,approved migration from exact path: Replacement Parts,approved
CT87A,replacement_parts,10,approved migration from exact path: Replacement Parts,approved
HH7,replacement_parts,10,approved migration from exact path: Replacement Parts,approved
MH9A,replacement_parts,10,approved migration from exact path: Replacement Parts,approved
CT16,replacement_parts,10,approved migration from exact path: Replacement Parts,approved
HH13,replacement_parts,10,approved migration from exact path: Replacement Parts,approved
HH14,replacement_parts,10,approved migration from exact path: Replacement Parts,approved
MH8,replacement_parts,10,approved migration from exact path: Replacement Parts,approved
HH12,replacement_parts,10,approved migration from exact path: Replacement Parts,approved
HH-BRASS-CONNECTOR,replacement_parts,10,approved migration from exact path: Replacement Parts,approved
CT72,replacement_parts,10,approved migration from exact path: Replacement Parts,approved
CT73,replacement_parts,10,approved migration from exact path: Replacement Parts,approved
BH26,replacement_parts,10,approved migration from exact path: Replacement Parts,approved
BH7,replacement_parts,10,approved migration from exact path: Replacement Parts,approved
HH19,replacement_parts,10,approved migration from exact path: Replacement Parts,approved
CT35,replacement_parts,10,approved migration from exact path: Replacement Parts,approved
CT55,replacement_parts,10,approved migration from exact path: Replacement Parts,approved
CT56,replacement_parts,10,approved migration from exact path: Replacement Parts,approved
CT31,replacement_parts,10,approved migration from exact path: Replacement Parts,approved
CT83,replacement_parts,10,approved migration from exact path: Replacement Parts,approved
CT82,replacement_parts,10,approved migration from exact path: Replacement Parts,approved
CT88,replacement_parts,10,approved migration from exact path: Replacement Parts,approved
CT85,replacement_parts,10,approved migration from exact path: Replacement Parts,approved
CT81,replacement_parts,10,approved migration from exact path: Replacement Parts,approved
HH9,replacement_parts,10,approved migration from exact path: Replacement Parts,approved
HP44,replacement_parts,10,approved migration from exact path: Replacement Parts,approved
AHA,replacement_parts,10,approved migration from exact path: Replacement Parts,approved
CMH,automatic_handles_extensions,10,approved migration from exact path: Taping & Finishing Tools > Automatic Taping Tools > Handles & Extensions,approved
CC,automatic_corner_rollers,10,approved migration from exact path: Taping & Finishing Tools > Automatic Taping Tools > Corner Rollers,approved
CR,automatic_corner_rollers,10,approved migration from exact path: Taping & Finishing Tools > Automatic Taping Tools > Corner Rollers,approved
CT86,replacement_parts,10,approved migration from exact path: Replacement Parts,approved
FA259,replacement_parts,10,approved migration from exact path: Replacement Parts,approved
FA292,replacement_parts,10,approved migration from exact path: Replacement Parts,approved
HNS4,replacement_parts,10,approved migration from exact path: Replacement Parts,approved
FA311,replacement_parts,10,approved migration from exact path: Replacement Parts,approved
FA315,replacement_parts,10,approved migration from exact path: Replacement Parts,approved
PCLT42,semi_compound_tubes,10,approved migration from exact path: Taping & Finishing Tools > Semi-Automatic Taping Tools > Compound Tubes,approved
PCMT42,semi_compound_tubes,10,approved migration from exact path: Taping & Finishing Tools > Semi-Automatic Taping Tools > Compound Tubes,approved
PHMP,automatic_loading_pumps,10,approved migration from exact path: Taping & Finishing Tools > Automatic Taping Tools > Loading Pumps,approved
SAT,semi_automatic_tapers,10,approved migration from exact path: Taping & Finishing Tools > Semi-Automatic Taping Tools > Semi-Automatic Tapers,approved
CFB5B,replacement_parts,10,approved migration from exact path: Replacement Parts,approved
CT132,replacement_parts,10,approved migration from exact path: Replacement Parts,approved
MH7,replacement_parts,10,approved migration from exact path: Replacement Parts,approved
MH5,replacement_parts,10,approved migration from exact path: Replacement Parts,approved
CT45,replacement_parts,10,approved migration from exact path: Replacement Parts,approved
MH16,replacement_parts,10,approved migration from exact path: Replacement Parts,approved
CT112,replacement_parts,10,approved migration from exact path: Replacement Parts,approved
CT104,replacement_parts,10,approved migration from exact path: Replacement Parts,approved
CT105,replacement_parts,10,approved migration from exact path: Replacement Parts,approved
CT10A,replacement_parts,10,approved migration from exact path: Replacement Parts,approved
CT47,replacement_parts,10,approved migration from exact path: Replacement Parts,approved
CT50,replacement_parts,10,approved migration from exact path: Replacement Parts,approved
CR4,replacement_parts,10,approved migration from exact path: Replacement Parts,approved
CT42A,replacement_parts,10,approved migration from exact path: Replacement Parts,approved
CT13,replacement_parts,10,approved migration from exact path: Replacement Parts,approved
CFB4,replacement_parts,10,approved migration from exact path: Replacement Parts,approved
HNS15,replacement_parts,10,approved migration from exact path: Replacement Parts,approved
CFB7,replacement_parts,10,approved migration from exact path: Replacement Parts,approved
HNS-DOOR-SPRING,replacement_parts,10,approved migration from exact path: Replacement Parts,approved
CT-SPROCKET,replacement_parts,10,approved migration from exact path: Replacement Parts,approved
CFB15,replacement_parts,10,approved migration from exact path: Replacement Parts,approved
FFB17,replacement_parts,10,approved migration from exact path: Replacement Parts,approved
FFB16,replacement_parts,10,approved migration from exact path: Replacement Parts,approved
CFB11A,replacement_parts,10,approved migration from exact path: Replacement Parts,approved
FFB32,replacement_parts,10,approved migration from exact path: Replacement Parts,approved
CT78,replacement_parts,10,approved migration from exact path: Replacement Parts,approved
CT70,replacement_parts,10,approved migration from exact path: Replacement Parts,approved
CT87,replacement_parts,10,approved migration from exact path: Replacement Parts,approved
HH5,replacement_parts,10,approved migration from exact path: Replacement Parts,approved
HH30,replacement_parts,10,approved migration from exact path: Replacement Parts,approved
CT130,replacement_parts,10,approved migration from exact path: Replacement Parts,approved
AH7,replacement_parts,10,approved migration from exact path: Replacement Parts,approved
CT127,replacement_parts,10,approved migration from exact path: Replacement Parts,approved
MP33,replacement_parts,10,approved migration from exact path: Replacement Parts,approved
MP28,replacement_parts,10,approved migration from exact path: Replacement Parts,approved
MP25,replacement_parts,10,approved migration from exact path: Replacement Parts,approved
MP2,replacement_parts,10,approved migration from exact path: Replacement Parts,approved
AH5,replacement_parts,10,approved migration from exact path: Replacement Parts,approved
AH6A,replacement_parts,10,approved migration from exact path: Replacement Parts,approved
MH21,replacement_parts,10,approved migration from exact path: Replacement Parts,approved
MH23,replacement_parts,10,approved migration from exact path: Replacement Parts,approved
MH22,replacement_parts,10,approved migration from exact path: Replacement Parts,approved
HH15,replacement_parts,10,approved migration from exact path: Replacement Parts,approved
CT115,replacement_parts,10,approved migration from exact path: Replacement Parts,approved
CT58,replacement_parts,10,approved migration from exact path: Replacement Parts,approved
CT126,replacement_parts,10,approved migration from exact path: Replacement Parts,approved
CT124,replacement_parts,10,approved migration from exact path: Replacement Parts,approved
HNS12,replacement_parts,10,approved migration from exact path: Replacement Parts,approved
CR11,replacement_parts,10,approved migration from exact path: Replacement Parts,approved
HH35,replacement_parts,10,approved migration from exact path: Replacement Parts,approved
MH4,replacement_parts,10,approved migration from exact path: Replacement Parts,approved
MH11,replacement_parts,10,approved migration from exact path: Replacement Parts,approved
AH1,replacement_parts,10,approved migration from exact path: Replacement Parts,approved
HFFB3-PLATE,replacement_parts,10,approved migration from exact path: Replacement Parts,approved
MP6,replacement_parts,10,approved migration from exact path: Replacement Parts,approved
HNSA-14,replacement_parts,10,approved migration from exact path: Replacement Parts,approved
MH1,replacement_parts,10,approved migration from exact path: Replacement Parts,approved
CR6,replacement_parts,10,approved migration from exact path: Replacement Parts,approved
HPA-48,replacement_parts,10,approved migration from exact path: Replacement Parts,approved
HH8,replacement_parts,10,approved migration from exact path: Replacement Parts,approved
MP5,replacement_parts,10,approved migration from exact path: Replacement Parts,approved
CR1,replacement_parts,10,approved migration from exact path: Replacement Parts,approved
FFB39,replacement_parts,10,approved migration from exact path: Replacement Parts,approved
CT20,replacement_parts,10,approved migration from exact path: Replacement Parts,approved
CFB15A,replacement_parts,10,approved migration from exact path: Replacement Parts,approved
BH6,replacement_parts,10,approved migration from exact path: Replacement Parts,approved
MH6,replacement_parts,10,approved migration from exact path: Replacement Parts,approved
CT79,replacement_parts,10,approved migration from exact path: Replacement Parts,approved
CT68,replacement_parts,10,approved migration from exact path: Replacement Parts,approved
CT2,replacement_parts,10,approved migration from exact path: Replacement Parts,approved
MH13,replacement_parts,10,approved migration from exact path: Replacement Parts,approved
CT-WAFER-BUSHING,replacement_parts,10,approved migration from exact path: Replacement Parts,approved
HP47,replacement_parts,10,approved migration from exact path: Replacement Parts,approved
HP46,replacement_parts,10,approved migration from exact path: Replacement Parts,approved
MP8,replacement_parts,10,approved migration from exact path: Replacement Parts,approved
HH17C,replacement_parts,10,approved migration from exact path: Replacement Parts,approved
BH4,replacement_parts,10,approved migration from exact path: Replacement Parts,approved
MH3,replacement_parts,10,approved migration from exact path: Replacement Parts,approved
BH3,replacement_parts,10,approved migration from exact path: Replacement Parts,approved
CT80,replacement_parts,10,approved migration from exact path: Replacement Parts,approved
MH2,replacement_parts,10,approved migration from exact path: Replacement Parts,approved
CT43,replacement_parts,10,approved migration from exact path: Replacement Parts,approved
MH3A,replacement_parts,10,approved migration from exact path: Replacement Parts,approved
BH1,replacement_parts,10,approved migration from exact path: Replacement Parts,approved
MP24,replacement_parts,10,approved migration from exact path: Replacement Parts,approved
MP23,replacement_parts,10,approved migration from exact path: Replacement Parts,approved
HFFB1A-10,replacement_parts,10,approved migration from exact path: Replacement Parts,approved
CT96,replacement_parts,10,approved migration from exact path: Replacement Parts,approved
CT98,replacement_parts,10,approved migration from exact path: Replacement Parts,approved
CT97,replacement_parts,10,approved migration from exact path: Replacement Parts,approved
CFB6,replacement_parts,10,approved migration from exact path: Replacement Parts,approved
HNS17A,replacement_parts,10,approved migration from exact path: Replacement Parts,approved
CT63,replacement_parts,10,approved migration from exact path: Replacement Parts,approved
CT62,replacement_parts,10,approved migration from exact path: Replacement Parts,approved
MP-PISTON-BACKING-WASHER,replacement_parts,10,approved migration from exact path: Replacement Parts,approved
CT64,replacement_parts,10,approved migration from exact path: Replacement Parts,approved
CT65,replacement_parts,10,approved migration from exact path: Replacement Parts,approved
HFFB4D,replacement_parts,10,approved migration from exact path: Replacement Parts,approved
MP36,replacement_parts,10,approved migration from exact path: Replacement Parts,approved
CT76,replacement_parts,10,approved migration from exact path: Replacement Parts,approved
FFB38,replacement_parts,10,approved migration from exact path: Replacement Parts,approved
HP45,replacement_parts,10,approved migration from exact path: Replacement Parts,approved
CT121A,replacement_parts,10,approved migration from exact path: Replacement Parts,approved
MP23A,replacement_parts,10,approved migration from exact path: Replacement Parts,approved
MH10,replacement_parts,10,approved migration from exact path: Replacement Parts,approved
CT19,replacement_parts,10,approved migration from exact path: Replacement Parts,approved
MH17,replacement_parts,10,approved migration from exact path: Replacement Parts,approved
MH15,replacement_parts,10,approved migration from exact path: Replacement Parts,approved
MH24,replacement_parts,10,approved migration from exact path: Replacement Parts,approved
MH18,replacement_parts,10,approved migration from exact path: Replacement Parts,approved
MH19,replacement_parts,10,approved migration from exact path: Replacement Parts,approved
MH25,replacement_parts,10,approved migration from exact path: Replacement Parts,approved
MH12,replacement_parts,10,approved migration from exact path: Replacement Parts,approved
CT107,replacement_parts,10,approved migration from exact path: Replacement Parts,approved
CT111,replacement_parts,10,approved migration from exact path: Replacement Parts,approved
MP14,replacement_parts,10,approved migration from exact path: Replacement Parts,approved
HH16,replacement_parts,10,approved migration from exact path: Replacement Parts,approved
CT-INSERT-BUSHING,replacement_parts,10,approved migration from exact path: Replacement Parts,approved
CT-NYLATRON-CHAIN-ROLLER,replacement_parts,10,approved migration from exact path: Replacement Parts,approved
HH23,replacement_parts,10,approved migration from exact path: Replacement Parts,approved
MP11,replacement_parts,10,approved migration from exact path: Replacement Parts,approved
HNS18,replacement_parts,10,approved migration from exact path: Replacement Parts,approved
BH2,replacement_parts,10,approved migration from exact path: Replacement Parts,approved
HP1,replacement_parts,10,approved migration from exact path: Replacement Parts,approved
MP3,replacement_parts,10,approved migration from exact path: Replacement Parts,approved
MP7,replacement_parts,10,approved migration from exact path: Replacement Parts,approved
CT67,replacement_parts,10,approved migration from exact path: Replacement Parts,approved
CT15,replacement_parts,10,approved migration from exact path: Replacement Parts,approved
CT92,replacement_parts,10,approved migration from exact path: Replacement Parts,approved
HH31,replacement_parts,10,approved migration from exact path: Replacement Parts,approved
HH32,replacement_parts,10,approved migration from exact path: Replacement Parts,approved
CT89,replacement_parts,10,approved migration from exact path: Replacement Parts,approved
AH1B,replacement_parts,10,approved migration from exact path: Replacement Parts,approved
CT101,replacement_parts,10,approved migration from exact path: Replacement Parts,approved
CT54,replacement_parts,10,approved migration from exact path: Replacement Parts,approved
CT40,replacement_parts,10,approved migration from exact path: Replacement Parts,approved
CT36,replacement_parts,10,approved migration from exact path: Replacement Parts,approved
HH33,replacement_parts,10,approved migration from exact path: Replacement Parts,approved
FFB7-SHOE,replacement_parts,10,approved migration from exact path: Replacement Parts,approved
CFB3,replacement_parts,10,approved migration from exact path: Replacement Parts,approved
CT90,replacement_parts,10,approved migration from exact path: Replacement Parts,approved
HNS12A,replacement_parts,10,approved migration from exact path: Replacement Parts,approved
HNS13,replacement_parts,10,approved migration from exact path: Replacement Parts,approved
CR2,replacement_parts,10,approved migration from exact path: Replacement Parts,approved
CT28,replacement_parts,10,approved migration from exact path: Replacement Parts,approved
CT125,replacement_parts,10,approved migration from exact path: Replacement Parts,approved
FFB37,replacement_parts,10,approved migration from exact path: Replacement Parts,approved
CT87-CS,replacement_parts,10,approved migration from exact path: Replacement Parts,approved
AH4,replacement_parts,10,approved migration from exact path: Replacement Parts,approved
CT7A,replacement_parts,10,approved migration from exact path: Replacement Parts,approved
MP39,replacement_parts,10,approved migration from exact path: Replacement Parts,approved
MH20,replacement_parts,10,approved migration from exact path: Replacement Parts,approved
AH18,replacement_parts,10,approved migration from exact path: Replacement Parts,approved
CT119,replacement_parts,10,approved migration from exact path: Replacement Parts,approved
AH1A,replacement_parts,10,approved migration from exact path: Replacement Parts,approved
FFB4B,replacement_parts,10,approved migration from exact path: Replacement Parts,approved
CT6A,replacement_parts,10,approved migration from exact path: Replacement Parts,approved
FFB4A,replacement_parts,10,approved migration from exact path: Replacement Parts,approved
CT116A,replacement_parts,10,approved migration from exact path: Replacement Parts,approved
AH8-CLIP,replacement_parts,10,approved migration from exact path: Replacement Parts,approved
DS-DURA-III,stilts,10,approved migration from exact path: Stilts & Accessories > Stilts,approved
LV5-CORNER-APPLICATOR,semi_compound_applicators,10,approved migration from exact path: Taping & Finishing Tools > Semi-Automatic Taping Tools > Compound Applicators,approved
LV5-CORNER-HANDLE-APPLICATOR-EXT,automatic_handles_extensions,10,approved migration from exact path: Taping & Finishing Tools > Automatic Taping Tools > Handles & Extensions,approved
BH11,replacement_parts,10,approved migration from exact path: Replacement Parts,approved
CR12,replacement_parts,10,approved migration from exact path: Replacement Parts,approved
CT57,replacement_parts,10,approved migration from exact path: Replacement Parts,approved
CT120,replacement_parts,10,approved migration from exact path: Replacement Parts,approved
CT14A,replacement_parts,10,approved migration from exact path: Replacement Parts,approved
FFB32A,replacement_parts,10,approved migration from exact path: Replacement Parts,approved
CT53,replacement_parts,10,approved migration from exact path: Replacement Parts,approved
CT92A,replacement_parts,10,approved migration from exact path: Replacement Parts,approved
HH10A,replacement_parts,10,approved migration from exact path: Replacement Parts,approved
BH5,replacement_parts,10,approved migration from exact path: Replacement Parts,approved
HH2,replacement_parts,10,approved migration from exact path: Replacement Parts,approved
HNS20,replacement_parts,10,approved migration from exact path: Replacement Parts,approved
LV5-CORNER-FINISHER,automatic_angle_heads_corner_finishers,10,approved migration from exact path: Taping & Finishing Tools > Automatic Taping Tools > Angle Heads & Corner Finishers,approved
LV5-CORNER-HANDLE-FINISHER-EXT,automatic_handles_extensions,10,approved migration from exact path: Taping & Finishing Tools > Automatic Taping Tools > Handles & Extensions,approved
LV5-CORNER-FLUSHER,semi_corner_flushers,10,approved migration from exact path: Taping & Finishing Tools > Semi-Automatic Taping Tools > Corner Flushers,approved
LV5-FLAT-BOX-MEGA,flat_boxes,10,approved migration from exact path: Taping & Finishing Tools > Automatic Taping Tools > Flat Boxes,approved
LV5-FLAT-BOX-STANDARD,flat_boxes,10,approved migration from exact path: Taping & Finishing Tools > Automatic Taping Tools > Flat Boxes,approved
LV5-FLAT-BOX-HANDLE-EXT,automatic_handles_extensions,10,approved migration from exact path: Taping & Finishing Tools > Automatic Taping Tools > Handles & Extensions,approved
LV5-FLAT-BOX-HANDLE-FIXED,automatic_handles_extensions,10,approved migration from exact path: Taping & Finishing Tools > Automatic Taping Tools > Handles & Extensions,approved
LV5-NAIL-SPOTTER,automatic_nail_spotters,10,approved migration from exact path: Taping & Finishing Tools > Automatic Taping Tools > Nail Spotters,approved
4-630,automatic_tool_sets,10,approved migration from exact path: Taping & Finishing Tools > Automatic Taping Tools > Tool Sets,approved
LV5-ENTRY-FINISHING-SET,automatic_tool_sets,10,approved migration from exact path: Taping & Finishing Tools > Automatic Taping Tools > Tool Sets,approved
4-677P,automatic_tool_sets,10,approved migration from exact path: Taping & Finishing Tools > Automatic Taping Tools > Tool Sets,approved
LV5-CORNER-ROLLER-HANDLE,automatic_handles_extensions,10,approved migration from exact path: Taping & Finishing Tools > Automatic Taping Tools > Handles & Extensions,approved
LV5-FIXED-HANDLE-50,automatic_handles_extensions,10,approved migration from exact path: Taping & Finishing Tools > Automatic Taping Tools > Handles & Extensions,approved
4-792,automatic_handles_extensions,10,approved migration from exact path: Taping & Finishing Tools > Automatic Taping Tools > Handles & Extensions,approved
4-760,automatic_tapers,10,approved migration from exact path: Taping & Finishing Tools > Automatic Taping Tools > Automatic Tapers,approved
4-715,automatic_goosenecks_box_fillers,10,approved migration from exact path: Taping & Finishing Tools > Automatic Taping Tools > Goosenecks & Box Fillers,approved
4-771,automatic_loading_pumps,10,approved migration from exact path: Taping & Finishing Tools > Automatic Taping Tools > Loading Pumps,approved
4-741,semi_compound_tubes,10,approved migration from exact path: Taping & Finishing Tools > Semi-Automatic Taping Tools > Compound Tubes,approved
4-707,automatic_corner_rollers,10,approved migration from exact path: Taping & Finishing Tools > Automatic Taping Tools > Corner Rollers,approved
5-311,semi_automatic_tapers,10,approved migration from exact path: Taping & Finishing Tools > Semi-Automatic Taping Tools > Semi-Automatic Tapers,approved
PT-CF,automatic_angle_heads_corner_finishers,10,approved migration from exact path: Taping & Finishing Tools > Automatic Taping Tools > Angle Heads & Corner Finishers,approved
PT-CT,semi_compound_tubes,10,approved migration from exact path: Taping & Finishing Tools > Semi-Automatic Taping Tools > Compound Tubes,approved
PT-BH,automatic_handles_extensions,10,approved migration from exact path: Taping & Finishing Tools > Automatic Taping Tools > Handles & Extensions,approved
PT-FB,flat_boxes,10,approved migration from exact path: Taping & Finishing Tools > Automatic Taping Tools > Flat Boxes,approved
4-714,automatic_goosenecks_box_fillers,10,approved migration from exact path: Taping & Finishing Tools > Automatic Taping Tools > Goosenecks & Box Fillers,approved
4-772,semi_compound_applicators,10,approved migration from exact path: Taping & Finishing Tools > Semi-Automatic Taping Tools > Compound Applicators,approved
4-773,automatic_handles_extensions,10,approved migration from exact path: Taping & Finishing Tools > Automatic Taping Tools > Handles & Extensions,approved
4-746,automatic_corner_rollers,10,approved migration from exact path: Taping & Finishing Tools > Automatic Taping Tools > Corner Rollers,approved
PT-NS,automatic_nail_spotters,10,approved migration from exact path: Taping & Finishing Tools > Automatic Taping Tools > Nail Spotters,approved
PT-SSCF,semi_corner_flushers,10,approved migration from exact path: Taping & Finishing Tools > Semi-Automatic Taping Tools > Corner Flushers,approved
PT-CORNER-HANDLE-50,automatic_handles_extensions,10,approved migration from exact path: Taping & Finishing Tools > Automatic Taping Tools > Handles & Extensions,approved
PT-90-APPLICATOR,semi_compound_applicators,10,approved migration from exact path: Taping & Finishing Tools > Semi-Automatic Taping Tools > Compound Applicators,approved
PT-CORNER-ROLLER,automatic_corner_rollers,10,approved migration from exact path: Taping & Finishing Tools > Automatic Taping Tools > Corner Rollers,approved
PT-FA,semi_compound_applicators,10,approved migration from exact path: Taping & Finishing Tools > Semi-Automatic Taping Tools > Compound Applicators,approved
PT-CA8,semi_compound_applicators,10,approved migration from exact path: Taping & Finishing Tools > Semi-Automatic Taping Tools > Compound Applicators,approved
PT-BF,automatic_goosenecks_box_fillers,10,approved migration from exact path: Taping & Finishing Tools > Automatic Taping Tools > Goosenecks & Box Fillers,approved
PT-CP,automatic_loading_pumps,10,approved migration from exact path: Taping & Finishing Tools > Automatic Taping Tools > Loading Pumps,approved
PT-FIN,automatic_tool_sets,10,approved migration from exact path: Taping & Finishing Tools > Automatic Taping Tools > Tool Sets,approved
PT-EXT3IN1-1,automatic_handles_extensions,10,approved migration from exact path: Taping & Finishing Tools > Automatic Taping Tools > Handles & Extensions,approved
PT-EBH,automatic_handles_extensions,10,approved migration from exact path: Taping & Finishing Tools > Automatic Taping Tools > Handles & Extensions,approved
SP-S1-A,stilts,10,approved migration from exact path: Stilts & Accessories > Stilts,approved
SP-S1-M,stilts,10,approved migration from exact path: Stilts & Accessories > Stilts,approved
SP-S1X-A,stilts,10,approved migration from exact path: Stilts & Accessories > Stilts,approved
SP-S1X-M,stilts,10,approved migration from exact path: Stilts & Accessories > Stilts,approved
SP-S2-A,stilts,10,approved migration from exact path: Stilts & Accessories > Stilts,approved
SP-S2-M,stilts,10,approved migration from exact path: Stilts & Accessories > Stilts,approved
PT-MNBH,automatic_handles_extensions,10,approved migration from exact path: Taping & Finishing Tools > Automatic Taping Tools > Handles & Extensions,approved
PT-AICA,semi_compound_applicators,10,approved migration from exact path: Taping & Finishing Tools > Semi-Automatic Taping Tools > Compound Applicators,approved
PT-TP,semi_automatic_tapers,10,approved migration from exact path: Taping & Finishing Tools > Semi-Automatic Taping Tools > Semi-Automatic Tapers,approved
PT-GN,automatic_goosenecks_box_fillers,10,approved migration from exact path: Taping & Finishing Tools > Automatic Taping Tools > Goosenecks & Box Fillers,approved
SP-S2X-A,stilts,10,approved migration from exact path: Stilts & Accessories > Stilts,approved
SP-S2X-M,stilts,10,approved migration from exact path: Stilts & Accessories > Stilts,approved
TT-APPLICATOR-HEAD,semi_compound_applicators,10,approved migration from exact path: Taping & Finishing Tools > Semi-Automatic Taping Tools > Compound Applicators,approved
TT-BRAKELESS-BOX-HANDLE,automatic_handles_extensions,10,approved migration from exact path: Taping & Finishing Tools > Automatic Taping Tools > Handles & Extensions,approved
TTPFB,semi_tool_sets,10,approved migration from exact path: Taping & Finishing Tools > Semi-Automatic Taping Tools > Tool Sets,approved
TTBTS,automatic_tool_sets,10,approved migration from exact path: Taping & Finishing Tools > Automatic Taping Tools > Tool Sets,approved
TTPPS-EF,automatic_tool_sets,10,approved migration from exact path: Taping & Finishing Tools > Automatic Taping Tools > Tool Sets,approved
TTSFS-2,automatic_tool_sets,10,approved migration from exact path: Taping & Finishing Tools > Automatic Taping Tools > Tool Sets,approved
TTCFS,semi_tool_sets,10,approved migration from exact path: Taping & Finishing Tools > Semi-Automatic Taping Tools > Tool Sets,approved
TTSFS,automatic_tool_sets,10,approved migration from exact path: Taping & Finishing Tools > Automatic Taping Tools > Tool Sets,approved
TTPPS,automatic_tool_sets,10,approved migration from exact path: Taping & Finishing Tools > Automatic Taping Tools > Tool Sets,approved
TTPSS,automatic_tool_sets,10,approved migration from exact path: Taping & Finishing Tools > Automatic Taping Tools > Tool Sets,approved
TTBBS,automatic_tool_sets,10,approved migration from exact path: Taping & Finishing Tools > Automatic Taping Tools > Tool Sets,approved
TTCFS-M,semi_tool_sets,10,approved migration from exact path: Taping & Finishing Tools > Semi-Automatic Taping Tools > Tool Sets,approved
TT-COMBO-CORNER-FLUSHER,semi_corner_flushers,10,approved migration from exact path: Taping & Finishing Tools > Semi-Automatic Taping Tools > Corner Flushers,approved
TT-COMPOUND-TUBE,semi_compound_tubes,10,approved migration from exact path: Taping & Finishing Tools > Semi-Automatic Taping Tools > Compound Tubes,approved
TT-CORNER-APPLICATOR,semi_compound_applicators,10,approved migration from exact path: Taping & Finishing Tools > Semi-Automatic Taping Tools > Compound Applicators,approved
TT-CORNER-FINISHER,automatic_angle_heads_corner_finishers,10,approved migration from exact path: Taping & Finishing Tools > Automatic Taping Tools > Angle Heads & Corner Finishers,approved
TT-CORNER-ROLLER,automatic_corner_rollers,10,approved migration from exact path: Taping & Finishing Tools > Automatic Taping Tools > Corner Rollers,approved
TT-COVE-APPLICATOR-HEAD,semi_compound_applicators,10,approved migration from exact path: Taping & Finishing Tools > Semi-Automatic Taping Tools > Compound Applicators,approved
TT-DIRECT-CORNER-FLUSHER,semi_corner_flushers,10,approved migration from exact path: Taping & Finishing Tools > Semi-Automatic Taping Tools > Corner Flushers,approved
TT-EASYCLEAN-AUTOMATIC-TAPER,automatic_tapers,10,approved migration from exact path: Taping & Finishing Tools > Automatic Taping Tools > Automatic Tapers,approved
TT-EASYCLEAN-FINISHING-BOX,flat_boxes,10,approved migration from exact path: Taping & Finishing Tools > Automatic Taping Tools > Flat Boxes,approved
TT-EASYCLEAN-PUMP,automatic_loading_pumps,10,approved migration from exact path: Taping & Finishing Tools > Automatic Taping Tools > Loading Pumps,approved
TT-EASYFINISH-BOX-HANDLE,automatic_handles_extensions,10,approved migration from exact path: Taping & Finishing Tools > Automatic Taping Tools > Handles & Extensions,approved
TT-FLAT-BOX-HANDLE,automatic_handles_extensions,10,approved migration from exact path: Taping & Finishing Tools > Automatic Taping Tools > Handles & Extensions,approved
TT-GOOSENECK,automatic_goosenecks_box_fillers,10,approved migration from exact path: Taping & Finishing Tools > Automatic Taping Tools > Goosenecks & Box Fillers,approved
TT-MAXXBOX-HIGH-CAPACITY-FINISHING-BOX,flat_boxes,10,approved migration from exact path: Taping & Finishing Tools > Automatic Taping Tools > Flat Boxes,approved
TT-NAIL-SPOTTER,automatic_nail_spotters,10,approved migration from exact path: Taping & Finishing Tools > Automatic Taping Tools > Nail Spotters,approved
TT-POWER-ASSIST-MAXXBOX-FINISHING-BOX,flat_boxes,10,approved migration from exact path: Taping & Finishing Tools > Automatic Taping Tools > Flat Boxes,approved
TT-QUICKBOX-QSX-FINISHING-BOX,flat_boxes,10,approved migration from exact path: Taping & Finishing Tools > Automatic Taping Tools > Flat Boxes,approved
TT-SUPPORT-HANDLE,automatic_handles_extensions,10,approved migration from exact path: Taping & Finishing Tools > Automatic Taping Tools > Handles & Extensions,approved
TT-SUPPORT-HANDLE-ADAPTER,automatic_handles_extensions,10,approved migration from exact path: Taping & Finishing Tools > Automatic Taping Tools > Handles & Extensions,approved
TT-WIZARD-COMPACT-FINISHING-BOX-HANDLE,automatic_handles_extensions,10,approved migration from exact path: Taping & Finishing Tools > Automatic Taping Tools > Handles & Extensions,approved
TT-MUDRUNNER,semi_compound_applicators,10,approved migration from exact path: Taping & Finishing Tools > Semi-Automatic Taping Tools > Compound Applicators,approved
CTA01TT,semi_compound_tubes,10,approved migration from exact path: Taping & Finishing Tools > Semi-Automatic Taping Tools > Compound Tubes,approved
MRX01TT,semi_compound_applicators,10,approved migration from exact path: Taping & Finishing Tools > Semi-Automatic Taping Tools > Compound Applicators,approved
90T,automatic_goosenecks_box_fillers,10,approved migration from exact path: Taping & Finishing Tools > Automatic Taping Tools > Goosenecks & Box Fillers,approved
GSR-TT,automatic_goosenecks_box_fillers,10,approved migration from exact path: Taping & Finishing Tools > Automatic Taping Tools > Goosenecks & Box Fillers,approved
804003F,replacement_parts,10,approved migration from exact path: Replacement Parts,approved
