dtb_sku,dtb_name,dtb_brand,dtb_price,dtb_map_price,competitor_site,competitor_title,competitor_brand,competitor_sku,competitor_mpn,competitor_gtin,competitor_url,competitor_price,competitor_regular_price,competitor_sale_price,currency,availability,variant,match_method,match_score,price_delta,price_delta_pct
10FBB,"Columbia Fat Boy Flat Box - 10""",Columbia Tools,454.23,454.23,Al's Taping Tools,"Columbia 10"" Fat Boy Drywall Flat Finishing Box",Columbia Taping Tools,10FBB,,,https://www.alstapingtools.com/columbia-10-fat-boy-drywall-flat-finishing-box/,454.23,454.23,,USD,,,competitor_sku_to_mpn_exact,98.0,0.00,0.00
10FBBA,"Columbia Automatic Fat Boy Box - 10""",Columbia Tools,492.08,492.08,Al's Taping Tools,"Columbia 10"" Automatic Assist Drywall Tool Flat Box",Columbia Taping Tools,10FBBA,,,https://www.alstapingtools.com/columbia-10-automatic-assist-drywall-tool-flat-box/,492.08,492.08,,USD,,,competitor_sku_to_mpn_exact,98.0,0.00,0.00
10FFB,"Columbia Flat Finisher Box - 10""",Columbia Tools,400.16,400.16,Al's Taping Tools,"Columbia 10"" Drywall Flat Finishing Box",Columbia Taping Tools,10FFB,,,https://www.alstapingtools.com/columbia-10-drywall-flat-finishing-box/,400.16,400.16,,USD,,,competitor_sku_to_mpn_exact,98.0,0.00,0.00
12FBB,"Columbia Fat Boy Flat Box - 12""",Columbia Tools,465.05,465.05,Al's Taping Tools,"Columbia 12"" Fat Boy Drywall Flat Finishing Box",Columbia Taping Tools,12FBB,,,https://www.alstapingtools.com/columbia-12-fat-boy-drywall-flat-finishing-box/,465.05,465.05,,USD,,,competitor_sku_to_mpn_exact,98.0,0.00,0.00
12FBBA,"Columbia Automatic Fat Boy Box - 12""",Columbia Tools,502.90,502.90,Al's Taping Tools,"Columbia 12"" Fat Boy Automatic Assist Drywall Flat Box",Columbia Taping Tools,12FBBA,,,https://www.alstapingtools.com/columbia-12-fat-boy-automatic-assist-drywall-flat-box/,502.90,502.90,,USD,,,competitor_sku_to_mpn_exact,98.0,0.00,0.00
12FFB,"Columbia Flat Finisher Box - 12""",Columbia Tools,410.97,410.97,Al's Taping Tools,"Columbia 12"" Drywall Flat Finishing Box",Columbia Taping Tools,12FFB,,,https://www.alstapingtools.com/columbia-12-drywall-flat-finishing-box/,410.97,410.97,,USD,,,competitor_sku_to_mpn_exact,98.0,0.00,0.00
14FFB,"Columbia Flat Finisher Box - 14""",Columbia Tools,421.79,421.79,Al's Taping Tools,"Columbia 14"" Drywall Flat Finishing Box",Columbia Taping Tools,14FFB,,,https://www.alstapingtools.com/columbia-14-drywall-flat-finishing-box/,421.79,421.79,,USD,,,competitor_sku_to_mpn_exact,98.0,0.00,0.00
14FFBA,"Columbia Automatic Flat Box - 14""",Columbia Tools,438.01,438.01,Al's Taping Tools,"Columbia 14"" Automatic Assist Drywall Flat Box",Columbia Taping Tools,14FFBA,,,https://www.alstapingtools.com/columbia-14-automatic-assist-drywall-flat-box/,438.01,438.01,,USD,,,competitor_sku_to_mpn_exact,98.0,0.00,0.00
2.5AH,"Columbia Angle Head - 2.5""",Columbia Tools,421.79,421.79,Al's Taping Tools,"Columbia 2.5"" Angle Head w/ Wheels",Columbia Taping Tools,2.5AH,,,https://www.alstapingtools.com/columbia-2-5-angle-head-w-wheels/,421.79,421.79,,USD,,,competitor_sku_to_mpn_exact,98.0,0.00,0.00
2.5DF,"Columbia Direct Flusher - 2.5""",Columbia Tools,127.62,127.62,Al's Taping Tools,"Columbia Taping Tools 2.5"" Direct Drywall Corner Flusher",Columbia Taping Tools,2.5DF,,,https://www.alstapingtools.com/columbia-taping-tools-2-5-direct-drywall-corner-flusher/,127.62,127.62,,USD,,,competitor_sku_to_mpn_exact,98.0,0.00,0.00
2.5SF,"Columbia Standard Flusher - 2.5""",Columbia Tools,116.80,116.80,Al's Taping Tools,"Columbia Taping Tools 2.5"" Standard Drywall Corner Flusher with Wheels",Columbia Taping Tools,2.5SF,,,https://www.alstapingtools.com/columbia-taping-tools-2-5-standard-drywall-corner-flusher-with-wheels/,116.80,116.80,,USD,,,competitor_sku_to_mpn_exact,98.0,0.00,0.00
2AH,"Columbia Angle Head - 2""",Columbia Tools,410.97,410.97,Al's Taping Tools,"Columbia 2"" Angle Head w/ Wheels",Columbia Taping Tools,2AH,,,https://www.alstapingtools.com/columbia-2-angle-head-w-wheels/,410.97,410.97,,USD,,,competitor_sku_to_mpn_exact,98.0,0.00,0.00
2NS,"Columbia Nail Spotter - 2""",Columbia Tools,324.00,297.41,Al's Taping Tools,"Columbia Taping Tools 2"" Nail Spotter",Columbia Taping Tools,2NS,,,https://www.alstapingtools.com/columbia-taping-tools-2-nail-spotter/,297.41,297.41,,USD,,,competitor_sku_to_mpn_exact,98.0,-26.59,-8.21
3.5AH,"Columbia Angle Head - 3.5""",Columbia Tools,457.35,454.23,Al's Taping Tools,"Columbia 3.5"" Angle Head w/ Wheels",Columbia Taping Tools,3.5AH,,,https://www.alstapingtools.com/columbia-3-5-angle-head-w-wheels/,454.23,454.23,,USD,,,competitor_sku_to_mpn_exact,98.0,-3.12,-0.68
3.5DF,"Columbia Direct Flusher - 3.5""",Columbia Tools,146.00,146.00,Al's Taping Tools,"Columbia Taping Tools 3.5"" Direct Drywall Corner Flusher with Wheels",Columbia Taping Tools,3.5DF,,,https://www.alstapingtools.com/columbia-taping-tools-3-5-direct-drywall-corner-flusher-with-wheels/,146.00,146.00,,USD,,,competitor_sku_to_mpn_exact,98.0,0.00,0.00
3.5SF,"Columbia Standard Flusher - 3.5""",Columbia Tools,133.02,133.02,Al's Taping Tools,"Columbia Taping Tools 3.5"" Standard Drywall Corner Flusher with Wheels",Columbia Taping Tools,3.5SF,,,https://www.alstapingtools.com/columbia-taping-tools-3-5-standard-drywall-corner-flusher-with-wheels/,133.02,133.02,,USD,,,competitor_sku_to_mpn_exact,98.0,0.00,0.00
3AH,"Columbia Angle Head - 3""",Columbia Tools,443.42,443.42,Al's Taping Tools,"Columbia 3"" Angle Head w/ Wheels",Columbia Taping Tools,3AH,,,https://www.alstapingtools.com/columbia-3-angle-head-w-wheels/,443.42,443.42,,USD,,,competitor_sku_to_mpn_exact,98.0,0.00,0.00
3BH,Columbia 180° Grip Flat Box Handle - 3',Columbia Tools,189.26,189.26,Al's Taping Tools,"Columbia 36"" 180-Grip Featherweight Flat Box Handle",Columbia Taping Tools,3BH,,,https://www.alstapingtools.com/columbia-36-180-grip-featherweight-flat-box-handle/,189.26,189.26,,USD,,,competitor_sku_to_mpn_exact,98.0,0.00,0.00
3CSF,"Columbia Combo Flusher - 3""",Columbia Tools,172.42,168.71,Al's Taping Tools,Columbia Combo Flusher,Columbia Taping Tools,3CSF,,,https://www.alstapingtools.com/columbia-combo-flusher/,163.31,163.31,,USD,,,competitor_sku_to_mpn_exact,98.0,-9.11,-5.28
3DF,"Columbia Direct Flusher - 3""",Columbia Tools,133.02,133.02,Al's Taping Tools,"Columbia Taping Tools 3"" Direct Drywall Corner Flusher",Columbia Taping Tools,3DF,,,https://www.alstapingtools.com/columbia-taping-tools-3-direct-drywall-corner-flusher/,133.02,133.02,,USD,,,competitor_sku_to_mpn_exact,98.0,0.00,0.00
3NS,"Columbia Nail Spotter - 3""",Columbia Tools,324.00,308.23,Al's Taping Tools,"Columbia Taping Tools 3"" Hinged Nail Spotter",Columbia Taping Tools,3NS,,,https://www.alstapingtools.com/columbia-taping-tools-3-hinged-nail-spotter/,308.23,308.23,,USD,,,competitor_sku_to_mpn_exact,98.0,-15.77,-4.87
3SF,"Columbia Standard Flusher - 3""",Columbia Tools,122.21,122.21,Al's Taping Tools,"Columbia Taping Tools 3"" Standard Drywall Corner Flusher with Wheels",Columbia Taping Tools,3SF,,,https://www.alstapingtools.com/columbia-taping-tools-3-standard-drywall-corner-flusher-with-wheels/,122.21,122.21,,USD,,,competitor_sku_to_mpn_exact,98.0,0.00,0.00
3WTDF,"Columbia Direct Flusher - 3"" Widetrack",Columbia Tools,140.60,140.60,Al's Taping Tools,"Columbia Taping Tools 3"" Widetrack Direct Drywall Corner Flusher",Columbia Taping Tools,3WTDF,,,https://www.alstapingtools.com/columbia-taping-tools-3-widetrack-direct-drywall-corner-flusher/,115.00,115.00,,USD,,,competitor_sku_to_mpn_exact,98.0,-25.60,-18.21
42BH,"Columbia 180° Grip Flat Box Handle - 42""",Columbia Tools,205.49,205.49,Al's Taping Tools,"Columbia 42"" 180-Grip Featherweight Flat Box Handle",Columbia Taping Tools,42BH,,,https://www.alstapingtools.com/columbia-42-180-grip-featherweight-flat-box-handle/,205.49,205.49,,USD,,,competitor_sku_to_mpn_exact,98.0,0.00,0.00
4BH,Columbia 180° Grip Flat Box Handle - 4',Columbia Tools,210.89,210.89,Al's Taping Tools,"Columbia 48"" 180-Grip Featherweight Flat Box Handle",Columbia Taping Tools,4BH,,,https://www.alstapingtools.com/columbia-48-180-grip-featherweight-flat-box-handle/,210.89,210.89,,USD,,,competitor_sku_to_mpn_exact,98.0,0.00,0.00
4SF,"Columbia Standard Flusher - 4""",Columbia Tools,140.60,140.60,Al's Taping Tools,"Columbia Taping Tools 4"" Standard Drywall Corner Flusher with Wheels",Columbia Taping Tools,4SF,,,https://www.alstapingtools.com/columbia-taping-tools-4-standard-drywall-corner-flusher-with-wheels/,140.60,140.60,,USD,,,competitor_sku_to_mpn_exact,98.0,0.00,0.00
5.5FFB,"Columbia Flat Finisher Box - 5.5""",Columbia Tools,367.71,367.71,Al's Taping Tools,"Columbia 5.5"" Drywall Flat Finisher Box",Columbia Taping Tools,5.5FFB,,,https://www.alstapingtools.com/columbia-5-5-drywall-flat-finisher-box/,367.71,367.71,,USD,,,competitor_sku_to_mpn_exact,98.0,0.00,0.00
5BH,Columbia 180° Grip Flat Box Handle - 5',Columbia Tools,221.71,221.71,Al's Taping Tools,"Columbia 60"" 180-Grip Featherweight Flat Box Handle",Columbia Taping Tools,5BH,,,https://www.alstapingtools.com/columbia-60-180-grip-featherweight-flat-box-handle/,221.71,221.71,,USD,,,competitor_sku_to_mpn_exact,98.0,0.00,0.00
6BH,Columbia 180° Grip Flat Box Handle - 6',Columbia Tools,232.52,232.52,Al's Taping Tools,"Columbia 72"" 180-Grip Featherweight Flat Box Handle",Columbia Taping Tools,6BH,,,https://www.alstapingtools.com/columbia-72-180-grip-featherweight-flat-box-handle/,232.52,232.52,,USD,,,competitor_sku_to_mpn_exact,98.0,0.00,0.00
7CFB,"Columbia Throttle Corner Flusher Box - 7""",Columbia Tools,313.64,313.64,Al's Taping Tools,"Columbia 7"" ThrottleBox Angle Box",Columbia Taping Tools,7CFB,,,https://www.alstapingtools.com/columbia-7-throttlebox-angle-box/,313.64,313.64,,USD,,,competitor_sku_to_mpn_exact,98.0,0.00,0.00
7FFB,"Columbia Flat Finisher Box - 7""",Columbia Tools,378.53,378.53,Al's Taping Tools,Columbia Drywall Taping Tools 7” Hinged Flat Finisher Box,Columbia Taping Tools,7FFB,,,https://www.alstapingtools.com/columbia-drywall-taping-tools-7-hinged-flat-finisher-box/,378.53,378.53,,USD,,,competitor_sku_to_mpn_exact,98.0,0.00,0.00
8CFB,"Columbia Throttle Corner Flusher Box - 8""",Columbia Tools,324.82,324.45,Al's Taping Tools,"Columbia 8"" ThrottleBox Angle Box",Columbia Taping Tools,8CFB,,,https://www.alstapingtools.com/columbia-8-throttlebox-angle-box/,324.45,324.45,,USD,,,competitor_sku_to_mpn_exact,98.0,-0.37,-0.11
8FBB,"Columbia Fat Boy Flat Box - 8""",Columbia Tools,443.42,443.42,Al's Taping Tools,"Columbia 8"" Fat Boy Drywall Flat Finishing Box",Columbia Taping Tools,8FBB,,,https://www.alstapingtools.com/columbia-8-fat-boy-drywall-flat-finishing-box/,443.42,443.42,,USD,,,competitor_sku_to_mpn_exact,98.0,0.00,0.00
8FBBA,"Columbia Automatic Fat Boy Box - 8""",Columbia Tools,481.27,481.27,Al's Taping Tools,"Columbia 8"" Fat Boy Automatic Assist Drywall Flat Box",Columbia Taping Tools,8FBBA,,,https://www.alstapingtools.com/columbia-8-fat-boy-automatic-assist-drywall-flat-box/,481.27,481.27,,USD,,,competitor_sku_to_mpn_exact,98.0,0.00,0.00
8FFB,"Columbia Flat Finisher Box - 8""",Columbia Tools,389.34,389.34,Al's Taping Tools,"Columbia 8"" Drywall Flat Finisher Box",Columbia Taping Tools,8FFB,,,https://www.alstapingtools.com/columbia-8-drywall-flat-finisher-box/,389.34,389.34,,USD,,,competitor_sku_to_mpn_exact,98.0,0.00,0.00
AHA,Angle Head Adapter,Columbia Tools,24.87,24.87,Al's Taping Tools,Columbia Angle Head Ball Adapter,Columbia Taping Tools,AHA,,,https://www.alstapingtools.com/columbia-angle-head-ball-adapter/,24.87,24.87,,USD,,,competitor_sku_to_mpn_exact,98.0,0.00,0.00
BF,Columbia Box Filler - Standard,Columbia Tools,75.71,75.71,Al's Taping Tools,Columbia Box Filler,Columbia Taping Tools,BF,,,https://www.alstapingtools.com/columbia-box-filler/,75.71,75.71,,USD,,,competitor_sku_to_mpn_exact,98.0,0.00,0.00
C1H,Columbia One Handle - Fixed,Columbia Tools,64.89,64.89,Al's Taping Tools,Columbia ONE Handle,Columbia Taping Tools,C1H,,,https://www.alstapingtools.com/columbia-one-handle/,64.89,64.89,,USD,,,competitor_sku_to_mpn_exact,98.0,0.00,0.00
C1HEXT,Columbia One Handle - Extendable 3'-5',Columbia Tools,135.19,135.19,Al's Taping Tools,Columbia ONE Extendable Handle 3'-5',Columbia Taping Tools,C1HEXT,,,https://www.alstapingtools.com/columbia-one-extendable-handle-3-5/,135.19,135.19,,USD,,,competitor_sku_to_mpn_exact,98.0,0.00,0.00
CBNCR,Columbia Outside Corner Roller - Bullnose,Columbia Tools,86.52,86.52,Al's Taping Tools,Columbia Outside Bullnose Corner Roller,Columbia Taping Tools,CBNCR,,,https://www.alstapingtools.com/columbia-outside-bullnose-corner-roller/,86.52,86.52,,USD,,,competitor_sku_to_mpn_exact,98.0,0.00,0.00
CC,Columbia Corner Cobra,Columbia Tools,401.00,367.71,Al's Taping Tools,Columbia Corner Cobra Adjustable Inside & Outside Corner Roller,Columbia Taping Tools,CC,,,https://www.alstapingtools.com/columbia-corner-cobra-adjustable-inside-outside-corner-roller/,367.71,367.71,,USD,,,competitor_sku_to_mpn_exact,98.0,-33.29,-8.30
CEXT90,Columbia Billet Mud Applicator - External 90,Columbia Tools,127.62,127.62,Al's Taping Tools,Columbia Outside 90 Corner Applicator Head,Columbia Taping Tools,CEXT90,,,https://www.alstapingtools.com/columbia-outside-90-corner-applicator-head/,127.62,127.62,,USD,,,competitor_sku_to_mpn_exact,98.0,0.00,0.00
CFLT,Columbia Billet Mud Applicator - Flat,Columbia Tools,91.93,91.93,Al's Taping Tools,"Columbia 4"" Flat Applicator Head",Columbia Taping Tools,CFLT,,,https://www.alstapingtools.com/columbia-4-flat-applicator-head/,91.93,91.93,,USD,,,competitor_sku_to_mpn_exact,98.0,0.00,0.00
CLT32,"Columbia Cam Lock Tube - 32""",Columbia Tools,279.72,268.21,Al's Taping Tools,"Columbia 32"" Cam-Lock Compound Mud Tube",Columbia Taping Tools,CLT32,,,https://www.alstapingtools.com/columbia-32-cam-lock-compound-mud-tube/,268.21,268.21,,USD,,,competitor_sku_to_mpn_exact,98.0,-11.51,-4.11
CLT42,"Columbia Cam Lock Tube - 42""",Columbia Tools,297.33,280.11,Al's Taping Tools,"Columbia 42"" Cam-Lock Compound Mud Tube",Columbia Taping Tools,CLT42,,,https://www.alstapingtools.com/columbia-42-cam-lock-compound-mud-tube/,280.11,280.11,,USD,,,competitor_sku_to_mpn_exact,98.0,-17.22,-5.79
CLT55,"Columbia Cam Lock Tube - 55""",Columbia Tools,307.89,278.10,Al's Taping Tools,"Columbia 55"" Cam-Lock Compound Mud Tube",Columbia Taping Tools,CLT55,,,https://www.alstapingtools.com/columbia-55-cam-lock-compound-mud-tube/,278.10,278.10,,USD,,,competitor_sku_to_mpn_exact,98.0,-29.79,-9.68
CMH,Columbia Closet Monster Handle,Columbia Tools,119.76,113.56,Al's Taping Tools,"Columbia Closet Monster 18"" Flat Box Handle",Columbia Taping Tools,CMH,,,https://www.alstapingtools.com/columbia-closet-monster-18-flat-box-handle/,113.56,113.56,,USD,,,competitor_sku_to_mpn_exact,98.0,-6.20,-5.18
CMT24,"Columbia Compound Tube - 24""",Columbia Tools,197.91,197.91,Al's Taping Tools,"Columbia 24"" Drywall Corner Finishing Compound Mud Tube",Columbia Taping Tools,CMT24,,,https://www.alstapingtools.com/columbia-24-drywall-corner-finishing-compound-mud-tube/,197.91,197.91,,USD,,,competitor_sku_to_mpn_exact,98.0,0.00,0.00
CMT32,"Columbia Compound Tube - 32""",Columbia Tools,208.73,208.73,Al's Taping Tools,"Columbia 32"" Drywall Corner Finishing Compound Mud Tube",Columbia Taping Tools,CMT32,,,https://www.alstapingtools.com/columbia-32-drywall-corner-finishing-compound-mud-tube/,208.73,208.73,,USD,,,competitor_sku_to_mpn_exact,98.0,0.00,0.00
CMT42,"Columbia Compound Tube - 42""",Columbia Tools,221.71,221.71,Al's Taping Tools,"Columbia 42"" Drywall Corner Finishing Compound Mud Tube",Columbia Taping Tools,CMT42,,,https://www.alstapingtools.com/columbia-42-drywall-corner-finishing-compound-mud-tube/,221.71,221.71,,USD,,,competitor_sku_to_mpn_exact,98.0,0.00,0.00
COBCR,Columbia Outside Corner Roller - Standard,Columbia Tools,86.52,86.52,Al's Taping Tools,Columbia Taping Tools Standard Outside 90 Corner Bead Roller,Columbia Taping Tools,COBCR,,,https://www.alstapingtools.com/columbia-taping-tools-standard-outside-90-corner-bead-roller/,86.52,86.52,,USD,,,competitor_sku_to_mpn_exact,98.0,0.00,0.00
COBCRW,Columbia Outside Corner Roller - Wide,Columbia Tools,86.52,86.52,Al's Taping Tools,Columbia Taping Tools Superwide Outside 90 Corner Bead Roller,Columbia Taping Tools,COBCRW,,,https://www.alstapingtools.com/columbia-taping-tools-superwide-outside-90-corner-bead-roller/,86.52,86.52,,USD,,,competitor_sku_to_mpn_exact,98.0,0.00,0.00
CR,Columbia Corner Roller,Columbia Tools,167.63,167.63,Al's Taping Tools,Columbia Corner Roller,Columbia Taping Tools,CR,,,https://www.alstapingtools.com/columbia-corner-roller/,167.63,167.63,,USD,,,competitor_sku_to_mpn_exact,98.0,0.00,0.00
FMH,Columbia UHMW Mud Applicator - L-Trim,Columbia Tools,98.00,91.93,Al's Taping Tools,Columbia L-Trim Mud Applicator Head FMH,Columbia Taping Tools,FMH,,,https://www.alstapingtools.com/columbia-l-trim-mud-applicator-head-fmh/,91.93,91.93,,USD,,,competitor_sku_to_mpn_exact,98.0,-6.07,-6.19
GN,Columbia Gooseneck - Standard,Columbia Tools,86.00,,Al's Taping Tools,Columbia Gooseneck,Columbia Taping Tools,GN,,,https://www.alstapingtools.com/columbia-gooseneck/,108.15,108.15,,USD,,,sku_exact,97.0,22.15,25.76
HMP,Columbia Hot Mud Pump - Standard,Columbia Tools,410.97,410.97,Al's Taping Tools,Columbia Hot Mud Pump,Columbia Taping Tools,HMP,,,https://www.alstapingtools.com/columbia-hot-mud-pump/,410.97,410.97,,USD,,,competitor_sku_to_mpn_exact,98.0,0.00,0.00
IA90,Columbia UHMW Mud Applicator - Inside 90°,Columbia Tools,98.00,91.93,Al's Taping Tools,Columbia 90 Inside Corner Mud Head,Columbia Taping Tools,IA90,,,https://www.alstapingtools.com/columbia-90-inside-corner-mud-head/,91.93,91.93,,USD,,,competitor_sku_to_mpn_exact,98.0,-6.07,-6.19
ICA2-1,"Columbia Billet Mud Applicator - Inside Corner - 2 Wheels - 1""",Columbia Tools,68.13,68.13,Al's Taping Tools,Columbia Inside Corner Applicator 2 Wheels,Columbia Taping Tools,ICA2-1,,,https://www.alstapingtools.com/columbia-inside-corner-applicator-2-wheels/,68.13,68.13,,USD,,,competitor_sku_to_mpn_exact,98.0,0.00,0.00
ICA4-1,"Columbia Billet Mud Applicator - Inside Corner - 4 Wheels - 1""",Columbia Tools,85.44,85.44,Al's Taping Tools,Columbia Inside Corner Applicator 4 Wheels,Columbia Taping Tools,ICA4-1,,,https://www.alstapingtools.com/columbia-inside-corner-applicator-4-wheels/,85.44,85.44,,USD,,,competitor_sku_to_mpn_exact,98.0,0.00,0.00
ICATW,Columbia Billet Mud Applicator - Two-Way Internal Corner - 4 Wheels,Columbia Tools,116.80,116.80,Al's Taping Tools,Columbia Inside 90 Applicator with Wheels,Columbia Taping Tools,ICATW,,,https://www.alstapingtools.com/columbia-inside-90-applicator-with-wheels/,116.80,116.80,,USD,,,competitor_sku_to_mpn_exact,98.0,0.00,0.00
MH,"Columbia Matrix Flat Box Handle - 40""-60""",Columbia Tools,409.00,351.49,Al's Taping Tools,Columbia MATRIX Extendable Flat Box Handle,Columbia Taping Tools,MH,,,https://www.alstapingtools.com/columbia-matrix-extendable-flat-box-handle/,351.49,351.49,,USD,,,competitor_sku_to_mpn_exact,98.0,-57.51,-14.06
MHL,"Columbia Matrix Flat Box Handle - 56""-76""",Columbia Tools,495.00,373.12,Al's Taping Tools,"Columbia Matrix Long Extendable Drywall Flat Box Handle 56"" to 76""",Columbia Taping Tools,MHL,,,https://www.alstapingtools.com/columbia-matrix-long-extendable-drywall-flat-box-handle-56-to-76/,373.12,373.12,,USD,,,competitor_sku_to_mpn_exact,98.0,-121.88,-24.62
MHS,"Columbia Matrix Flat Box Handle - 29""-39""",Columbia Tools,375.00,340.67,Al's Taping Tools,"Columbia Short Matrix Flat Box Handle 29""-39""",Columbia Taping Tools,MHS,,,https://www.alstapingtools.com/columbia-short-matrix-flat-box-handle-29-39/,340.67,340.67,,USD,,,competitor_sku_to_mpn_exact,98.0,-34.33,-9.15
OA90,Columbia UHMW Mud Applicator - Outside 90°,Columbia Tools,98.00,91.93,Al's Taping Tools,Columbia Tools Drywall Outside Corner Bead Mud Applicator,Columbia Taping Tools,OA90,,,https://www.alstapingtools.com/columbia-tools-drywall-outside-corner-bead-mud-applicator/,91.93,91.93,,USD,,,competitor_sku_to_mpn_exact,98.0,-6.07,-6.19
PC1H,Columbia Predator One Handle - 4' Fixed,Columbia Tools,95.79,95.79,Al's Taping Tools,Columbia Predator One Carbon Fiber Handle,Columbia Taping Tools,PC1H,,,https://www.alstapingtools.com/columbia-predator-one-carbon-fiber-handle/,95.79,95.79,,USD,,,competitor_sku_to_mpn_exact,98.0,0.00,0.00
PC1HEXT,Columbia Predator One Handle - Extendable 3'-5',Columbia Tools,164.85,160.27,Al's Taping Tools,Columbia Predator One Extendable Carbon Fiber Handle (3-5'),Columbia Taping Tools,PC1HEXT,,,https://www.alstapingtools.com/columbia-predator-one-extendable-carbon-fiber-handle-3-5/,160.27,160.27,,USD,,,competitor_sku_to_mpn_exact,98.0,-4.58,-2.78
PHMP,Columbia Predator Mud Pump,Columbia Tools,496.42,496.42,Al's Taping Tools,Columbia Predator Mud Pump,Columbia Taping Tools,PHMP,,,https://www.alstapingtools.com/columbia-predator-mud-pump/,496.42,496.42,,USD,,,competitor_sku_to_mpn_exact,98.0,0.00,0.00
RC,Columbia Tool Case - Road Case,Columbia Tools,1020.16,1020.16,Al's Taping Tools,Columbia Road Case,Columbia Taping Tools,RC,,,https://www.alstapingtools.com/columbia-road-case/,1020.16,1020.16,,USD,,,competitor_sku_to_mpn_exact,98.0,0.00,0.00
SAT,Columbia Semi Automatic Taper,Columbia Tools,243.34,243.34,Al's Taping Tools,Columbia Semi Auto Taper Drywall Taping Tool,Columbia Taping Tools,SAT,,,https://www.alstapingtools.com/columbia-semi-auto-taper-drywall-taping-tool/,243.34,243.34,,USD,,,competitor_sku_to_mpn_exact,98.0,0.00,0.00
STAPER,Columbia Automatic Taper - Sawed Off 39 in.,Columbia Tools,1683.00,1649.29,Al's Taping Tools,"Columbia ""Sawed Off"" Mini Automatic Taper",Columbia Taping Tools,STAPER,,,https://www.alstapingtools.com/columbia-sawed-off-mini-automatic-taper/,1649.29,1649.29,,USD,,,sku_exact,97.0,-33.71,-2.00
TAPER,Columbia Automatic Taper - Standard 53 in.,Columbia Tools,1683.00,1649.29,Al's Taping Tools,Columbia Taper Cutter Block Assembly,Columbia Taping Tools,CTA-41,,,https://www.alstapingtools.com/columbia-taper-cutter-block-assembly/,115.76,115.76,,USD,,,brand_name_fuzzy,96.0,-1567.24,-93.12
TAPER,Columbia Automatic Taper - Standard 53 in.,Columbia Tools,1683.00,1649.29,Al's Taping Tools,Columbia One Sawed Off Predator Taper Body,Columbia Taping Tools,C1SPBODY,,,https://www.alstapingtools.com/columbia-one-sawed-off-predator-taper-body/,389.55,389.55,,USD,,,brand_name_fuzzy,96.0,-1293.45,-76.85
TAPER,Columbia Automatic Taper - Standard 53 in.,Columbia Tools,1683.00,1649.29,Al's Taping Tools,Columbia One Tall Boy Predator Taper Body,Columbia Taping Tools,C1TBBODY,,,https://www.alstapingtools.com/columbia-one-tall-boy-predator-taper-body/,519.02,519.02,,USD,,,brand_name_fuzzy,96.0,-1163.98,-69.16
TAPER,Columbia Automatic Taper - Standard 53 in.,Columbia Tools,1683.00,1649.29,Al's Taping Tools,Columbia Automatic Taper,Columbia Taping Tools,TAPER,,,https://www.alstapingtools.com/columbia-automatic-taper/,1649.29,1649.29,,USD,,,sku_exact,97.0,-33.71,-2.00
TAPER,Columbia Automatic Taper - Standard 53 in.,Columbia Tools,1683.00,1649.29,Al's Taping Tools,Columbia PREDATOR Carbon Fiber Automatic Taper,Columbia Taping Tools,PREDATOR,,,https://www.alstapingtools.com/columbia-predator-carbon-fiber-automatic-taper/,1838.55,1838.55,,USD,,,brand_name_fuzzy,96.0,155.55,9.24
TAPER,Columbia Automatic Taper - Standard 53 in.,Columbia Tools,1683.00,1649.29,Al's Taping Tools,"Columbia PREDATOR ""Sawed Off"" Mini Carbon Fiber Automatic Taper",Columbia Taping Tools,SPTAPER,,,https://www.alstapingtools.com/columbia-predator-sawed-off-mini-carbon-fiber-automatic-taper/,1838.55,1838.55,,USD,,,brand_name_fuzzy,96.0,155.55,9.24
TAPER,Columbia Automatic Taper - Standard 53 in.,Columbia Tools,1683.00,1649.29,Al's Taping Tools,"Columbia 10"" and 12"" Full Set w/ Predator Taper Upgrade",Columbia Taping Tools,G10105-2,,,https://www.alstapingtools.com/columbia-10-and-12-full-set-w-predator-taper-upgrade/,3895.00,4100.00,3895.00,USD,,,brand_name_fuzzy,96.0,2212.00,131.43
TBGN,Columbia Gooseneck - Tall Boy,Columbia Tools,146.00,146.00,Al's Taping Tools,Columbia Tall Boy Gooseneck,Columbia Taping Tools,TBGN,,,https://www.alstapingtools.com/columbia-tall-boy-gooseneck/,146.00,146.00,,USD,,,competitor_sku_to_mpn_exact,98.0,0.00,0.00
TBMP,Columbia Hot Mud Pump - Tall Boy,Columbia Tools,524.60,492.08,Al's Taping Tools,Columbia Tall Boy Loading Pump,Columbia Taping Tools,TBMP,,,https://www.alstapingtools.com/columbia-tall-boy-loading-pump/,492.08,492.08,,USD,,,competitor_sku_to_mpn_exact,98.0,-32.52,-6.20
D14-22,Dura-III Adjustable - 14”-22”,Dura-Stilts,400.00,,Al's Taping Tools,"Dura-Stilts Dura-III Adjustable Drywall Stilts 14""-22""",Dura Stilts,DURASTILTSMALL,,,https://www.alstapingtools.com/dura-stilts-dura-iii-adjustable-drywall-stilts-14-22/,385.00,385.00,,USD,,,brand_name_fuzzy,100.0,-15.00,-3.75
D14-22,Dura-III Adjustable - 14”-22”,Dura-Stilts,400.00,,Al's Taping Tools,"Dura-Stilts IV Adjustable Drywall Stilts 14""-22""",Dura Stilts,DURA IV SMALL,,,https://www.alstapingtools.com/dura-stilts-iv-adjustable-drywall-stilts-14-22/,415.89,415.89,,USD,,,brand_name_fuzzy,92.3076923076923,15.89,3.97
D18-30,Dura-III Adjustable - 18”-30”,Dura-Stilts,415.00,,Al's Taping Tools,"Dura-Stilts Dura-III Adjustable Drywall Stilts 18""-30""",Dura Stilts,DURASTILTMEDIUM,,,https://www.alstapingtools.com/dura-stilts-dura-iii-adjustable-drywall-stilts-18-30/,415.00,415.00,,USD,,,brand_name_fuzzy,100.0,0.00,0.00
D18-30,Dura-III Adjustable - 18”-30”,Dura-Stilts,415.00,,Al's Taping Tools,"Dura-Stilts IV Adjustable Drywall Stilts 18""-30""",Dura Stilts,DURA IV MED,,,https://www.alstapingtools.com/dura-stilts-iv-adjustable-drywall-stilts-18-30/,459.93,459.93,,USD,,,brand_name_fuzzy,92.3076923076923,44.93,10.83
D24-40,Dura-III Adjustable - 24”-40”,Dura-Stilts,435.00,,Al's Taping Tools,"Dura-Stilts IV Adjustable Drywall Stilts 24""-40""",Dura Stilts,DURA IV LRG,,,https://www.alstapingtools.com/dura-stilts-iv-adjustable-drywall-stilts-24-40/,395.00,395.00,,USD,,,brand_name_fuzzy,92.3076923076923,-40.00,-9.20
D24-40,Dura-III Adjustable - 24”-40”,Dura-Stilts,435.00,,Al's Taping Tools,"Dura-Stilts Dura-III Adjustable Drywall Stilts 24""-40""",Dura Stilts,DURASTILTLARGE,,,https://www.alstapingtools.com/dura-stilts-dura-iii-adjustable-drywall-stilts-24-40/,420.00,420.00,,USD,,,brand_name_fuzzy,100.0,-15.00,-3.45
4-777,"LEVEL5 Corner Roller Handle - 54""",LEVEL5,92.22,,Al's Taping Tools,Level5 Corner Roller Handle,Level 5,4-777,,,https://www.alstapingtools.com/level5-corner-roller-handle/,45.00,45.00,,USD,,,competitor_sku_to_mpn_exact,98.0,-47.22,-51.20
PT-10FB,"Platinum Flat Finishing Box - 10""",Platinum Drywall Tools,195.00,,Al's Taping Tools,"Platinum Drywall Tools 10"" Flat Box",,PT-10FB,,,https://www.alstapingtools.com/platinum-drywall-tools-10-flat-box/,120.00,195.00,120.00,USD,,,sku_exact,97.0,-75.00,-38.46
PT-12FB,"Platinum Flat Finishing Box - 12""",Platinum Drywall Tools,205.00,,Al's Taping Tools,"Platinum Drywall Tools 12"" Flat Box",,PT-12FB,,,https://www.alstapingtools.com/platinum-drywall-tools-12-flat-box/,125.00,205.00,125.00,USD,,,sku_exact,97.0,-80.00,-39.02
PT-14FB,"Platinum Flat Finishing Box - 14""",Platinum Drywall Tools,215.00,,Al's Taping Tools,"Platinum Drywall Tools 14"" Flat Box",,PT-14FB,,,https://www.alstapingtools.com/platinum-drywall-tools-14-flat-box/,130.00,230.00,130.00,USD,,,sku_exact,97.0,-85.00,-39.53
PT-2.5CF,"Platinum Stainless Steel Corner Flusher - 2.5""",Platinum Drywall Tools,75.00,,Al's Taping Tools,"Platinum Drywall Tools 2.5"" Drywall Corner Flusher / Glazer",,PT-2.5CF,,,https://www.alstapingtools.com/platinum-drywall-tools-2-5-drywall-corner-flusher-glazer/,40.00,75.00,40.00,USD,,,sku_exact,97.0,-35.00,-46.67
PT-2NS,"Platinum Nail Spotter - 2""",Platinum Drywall Tools,160.00,,Al's Taping Tools,"Platinum Drywall Tools 2"" Nail Spotter",,PT-NS2,,,https://www.alstapingtools.com/platinum-drywall-tools-2-nail-spotter/,95.00,150.00,95.00,USD,,,brand_name_fuzzy,95.71428571428572,-65.00,-40.62
PT-3.5CF,"Platinum Stainless Steel Corner Flusher - 3.5""",Platinum Drywall Tools,80.00,,Al's Taping Tools,Platinum Drywall Tools 3.5” Drywall Corner Flusher/Glazer,,PT-3.5CF,,,https://www.alstapingtools.com/platinum-drywall-tools-3-5-drywall-corner-flusher-glazer/,50.00,80.00,50.00,USD,,,sku_exact,97.0,-30.00,-37.50
PT-3NS,"Platinum Nail Spotter - 3""",Platinum Drywall Tools,160.00,,Al's Taping Tools,"Platinum Drywall Tools 3"" Nail Spotter",,PT-NS3,,,https://www.alstapingtools.com/platinum-drywall-tools-3-nail-spotter/,95.00,160.00,95.00,USD,,,brand_name_fuzzy,95.71428571428572,-65.00,-40.62
PT-8FB,"Platinum Flat Finishing Box - 8""",Platinum Drywall Tools,185.00,,Al's Taping Tools,"Platinum Drywall Tools 8"" Flat Box",,PT-8FB,,,https://www.alstapingtools.com/platinum-drywall-tools-8-flat-box/,115.00,185.00,115.00,USD,,,sku_exact,97.0,-70.00,-37.84
PT-AICA,Platinum 4 Wheel Inside Angle / Corner Applicator,Platinum Drywall Tools,89.00,,Al's Taping Tools,Platinum 4 Wheel Inside Angle / Corner Applicator,,PT-ICAAL,,,https://www.alstapingtools.com/platinum-4-wheel-inside-angle-corner-applicator/,55.00,89.00,55.00,USD,,,brand_name_fuzzy,100.0,-34.00,-38.20
PT-BH42,"Platinum Flat Box Handle - 42""",Platinum Drywall Tools,95.00,,Al's Taping Tools,"Platinum Drywall Tools 42"" Drywall Flat Finisher Box Handle",,PT-BH42,,,https://www.alstapingtools.com/platinum-drywall-tools-42-drywall-flat-finisher-box-handle/,60.00,95.00,60.00,USD,,,sku_exact,97.0,-35.00,-36.84
PT-BH54,"Platinum Flat Box Handle - 54""",Platinum Drywall Tools,100.00,,Al's Taping Tools,"Platinum Drywall Tools 54"" Drywall Flat Finisher Box Handle",,PT-BH54,,,https://www.alstapingtools.com/platinum-drywall-tools-54-drywall-flat-finisher-box-handle/,60.00,95.00,60.00,USD,,,sku_exact,97.0,-40.00,-40.00
PT-CAH50,"Platinum 50"" Corner Tool Handle - Corner Box",Platinum Drywall Tools,49.00,,Al's Taping Tools,Platinum Corner Box Handle,,PT-CAH50,,,https://www.alstapingtools.com/platinum-corner-box-handle/,30.00,49.00,30.00,USD,,,sku_exact,97.0,-19.00,-38.78
PT-CF2.5,"Platinum Angle Head Corner Finisher with Wheels - 2.5""",Platinum Drywall Tools,239.00,,Al's Taping Tools,"Platinum Drywall Tools 2.5"" Angle Head Corner Finisher with Wheels",,PT-CF2.5,,,https://www.alstapingtools.com/platinum-drywall-tools-2-5-angle-head-corner-finisher-with-wheels/,145.00,235.00,145.00,USD,,,sku_exact,97.0,-94.00,-39.33
PT-CF3.5,"Platinum Angle Head Corner Finisher with Wheels - 3.5""",Platinum Drywall Tools,259.00,,Al's Taping Tools,"Platinum Drywall Tools 3.5"" Angle Head Corner Finisher",,PT-CF3.5,,,https://www.alstapingtools.com/platinum-drywall-tools-3-5-angle-head-corner-finisher/,155.00,245.00,155.00,USD,,,sku_exact,97.0,-104.00,-40.15
PT-CFH50,"Platinum 50"" Corner Tool Handle - Angle Head",Platinum Drywall Tools,49.00,,Al's Taping Tools,"Platinum 50"" Angle Head Handle",,PT-CFH50,,,https://www.alstapingtools.com/platinum-50-angle-head-handle/,30.00,49.00,30.00,USD,,,sku_exact,97.0,-19.00,-38.78
PT-CRE,Platinum Corner Roller - ECO Inside,Platinum Drywall Tools,59.00,,Al's Taping Tools,Platinum Drywall Tools Eco Inside Corner Roller,,PT-CRE,,,https://www.alstapingtools.com/platinum-drywall-tools-eco-inside-corner-roller/,35.00,59.00,35.00,USD,,,sku_exact,97.0,-24.00,-40.68
PT-CRH50,"Platinum 50"" Corner Tool Handle - Corner Roller",Platinum Drywall Tools,59.00,,Al's Taping Tools,Platinum Corner Roller Handle,,PT-CRH50,,,https://www.alstapingtools.com/platinum-corner-roller-handle/,30.00,49.00,30.00,USD,,,sku_exact,97.0,-29.00,-49.15
PT-CT24,"Platinum Compound Tube - 24""",Platinum Drywall Tools,150.00,,Al's Taping Tools,"Platinum Drywall Tools 24"" Compound Tube",,PT-CT24,,,https://www.alstapingtools.com/platinum-drywall-tools-24-compound-tube/,75.00,145.00,75.00,USD,,,sku_exact,97.0,-75.00,-50.00
PT-CT36,"Platinum Compound Tube - 36""",Platinum Drywall Tools,155.00,,Al's Taping Tools,"Platinum Drywall Tools 36"" Compound Tube",,PT-CT36,,,https://www.alstapingtools.com/platinum-drywall-tools-36-compound-tube/,80.00,150.00,80.00,USD,,,sku_exact,97.0,-75.00,-48.39
PT-CT42,"Platinum Compound Tube - 42""",Platinum Drywall Tools,160.00,,Al's Taping Tools,"Platinum Drywall Tools 42"" Compound Tube",,PT-CT42,,,https://www.alstapingtools.com/platinum-drywall-tools-42-compound-tube/,85.00,155.00,85.00,USD,,,sku_exact,97.0,-75.00,-46.88
PT-EBH,"Platinum Extendable Flat Box Handle 40"" – 64""",Platinum Drywall Tools,169.00,,Al's Taping Tools,"Platinum Drywall Tools Extendable Flat Box Handle 40""- 64""",,PT-EBH,,,https://www.alstapingtools.com/platinum-drywall-tools-extendable-flat-box-handle-40-64/,115.00,169.00,115.00,USD,,,sku_exact,97.0,-54.00,-31.95
PT-EXT3IN1-1,Platinum Extendable Angle Head Handle,Platinum Drywall Tools,75.00,,Al's Taping Tools,Platinum Drywall Tools Extendable Angle Head Handle,,PT-EXT3IN1-A,,,https://www.alstapingtools.com/platinum-drywall-tools-extendable-angle-head-handle/,60.00,75.00,60.00,USD,,,brand_name_fuzzy,100.0,-15.00,-20.00
PT-GN,Platinum Gooseneck,Platinum Drywall Tools,59.00,,Al's Taping Tools,Platinum Drywall Tools Gooseneck,,PT-GN,,,https://www.alstapingtools.com/platinum-drywall-tools-gooseneck/,45.00,60.00,45.00,USD,,,sku_exact,97.0,-14.00,-23.73
PT-ICA,Platinum 90° Corner Applicator - Inside,Platinum Drywall Tools,59.00,,Al's Taping Tools,Platinum Drywall Tools Inside 90 Degree Applicator Mud Head,,PT-ICA,,,https://www.alstapingtools.com/platinum-drywall-tools-inside-90-degree-applicator-mud-head/,40.00,59.00,40.00,USD,,,sku_exact,97.0,-19.00,-32.20
PT-OCA,Platinum 90° Corner Applicator - Outside,Platinum Drywall Tools,59.00,,Al's Taping Tools,Platinum Drywall Tools Outside 90 Degree Applicator Mud Head,,PT-OCA,,,https://www.alstapingtools.com/platinum-drywall-tools-outside-90-degree-applicator-mud-head/,45.00,69.00,45.00,USD,,,sku_exact,97.0,-14.00,-23.73
PT-TP,Platinum Semi Automatic Drywall Taper,Platinum Drywall Tools,145.00,,Al's Taping Tools,Platinum Drywall Tools Semi Automatic Super Taper,,PT-TP,,,https://www.alstapingtools.com/platinum-drywall-tools-semi-automatic-super-taper/,85.00,145.00,85.00,USD,,,sku_exact,97.0,-60.00,-41.38
S1-A-2640,"SurPro S1 Aluminum Drywall Stilts - 26""-40""",SurPro,340.00,,Al's Taping Tools,"Surpro 26-40"" S1 Aluminum Single Sided Drywall Stilts",Sur Pro,S1-A-2640,,,https://www.alstapingtools.com/surpro-26-40-s1-aluminum-single-sided-drywall-stilts/,305.00,305.00,,USD,,,competitor_sku_to_mpn_exact,98.0,-35.00,-10.29
S1-M-1624,"SurPro S1 Magnesium Drywall Stilts - 16""-24""",SurPro,368.00,,Al's Taping Tools,"SurPro S1 Single Sided Magnesium 16""-24"" Drywall Stilts",Sur Pro,S1-M-1624,,,https://www.alstapingtools.com/surpro-s1-single-sided-magnesium-16-24-drywall-stilts/,339.00,339.00,,USD,,,competitor_sku_to_mpn_exact,98.0,-29.00,-7.88
S1-M-2030,"SurPro S1 Magnesium Drywall Stilts - 20""-30""",SurPro,376.50,,Al's Taping Tools,"SurPro S1 Single Sided Magnesium 20""-30"" Drywall Stilts",Sur Pro,S1-M-2030,,,https://www.alstapingtools.com/surpro-s1-single-sided-magnesium-20-30-drywall-stilts/,345.00,345.00,,USD,,,competitor_sku_to_mpn_exact,98.0,-31.50,-8.37
S1-M-2640,"SurPro S1 Magnesium Drywall Stilts - 26""-40""",SurPro,385.00,,Al's Taping Tools,"SurPro S1 Single Sided Magnesium 26""-40"" Drywall Stilts",Sur Pro,S1-M-2640,,,https://www.alstapingtools.com/surpro-s1-single-sided-magnesium-26-40-drywall-stilts/,355.00,355.00,,USD,,,competitor_sku_to_mpn_exact,98.0,-30.00,-7.79
S1X-M-2131,"SurPro S1X Magnesium Drywall Stilts - 21""-31""",SurPro,430.00,,Al's Taping Tools,"SurPro S1X Single Sided Magnesium 20""-30"" Drywall Stilts",Sur Pro,S1X-M-2131,,,https://www.alstapingtools.com/surpro-s1x-single-sided-magnesium-20-30-drywall-stilts/,400.00,400.00,,USD,,,competitor_sku_to_mpn_exact,98.0,-30.00,-6.98
S1X-M-2640,"SurPro S1X Magnesium Drywall Stilts - 26""-40""",SurPro,441.00,,Al's Taping Tools,"SurPro S1X Single Sided Magnesium 26""-40"" Drywall Stilts",Sur Pro,S1X-M-2640,,,https://www.alstapingtools.com/surpro-s1x-single-sided-magnesium-26-40-drywall-stilts/,400.00,400.00,,USD,,,competitor_sku_to_mpn_exact,98.0,-41.00,-9.30
S2-M-1624,"SurPro S2 Magnesium Drywall Stilts - 16""-24""",SurPro,395.00,,Al's Taping Tools,"Sur-Pro Dual Arm Magnesium 16""-24"" Stilts",Sur Pro,S2-M-1624,,,https://www.alstapingtools.com/sur-pro-dual-arm-magnesium-16-24-stilts/,364.00,364.00,,USD,,,competitor_sku_to_mpn_exact,98.0,-31.00,-7.85
S2-M-2030,"SurPro S2 Magnesium Drywall Stilts - 20""-30""",SurPro,403.50,,Al's Taping Tools,"Sur-Pro Dual Arm Magnesium 20""-30"" Stilts",Sur Pro,S2-M-2030,,,https://www.alstapingtools.com/sur-pro-dual-arm-magnesium-20-30-stilts/,370.00,370.00,,USD,,,competitor_sku_to_mpn_exact,98.0,-33.50,-8.30
S2-M-2640,"SurPro S2 Magnesium Drywall Stilts - 26""-40""",SurPro,412.00,,Al's Taping Tools,"Sur-Pro Dual Arm Magnesium 26""-40"" Stilts",Sur Pro,S2-M-2640,,,https://www.alstapingtools.com/sur-pro-dual-arm-magnesium-26-40-stilts/,380.00,380.00,,USD,,,competitor_sku_to_mpn_exact,98.0,-32.00,-7.77
S2X-M-2131,"SurPro S2X Magnesium Drywall Stilts - 21""-31""",SurPro,479.00,,Al's Taping Tools,"SurPro S2X Magnesium Stilts 21""-31""",Sur Pro,S2X-M-2131,,,https://www.alstapingtools.com/surpro-s2x-magnesium-stilts-21-31/,450.00,450.00,,USD,,,competitor_sku_to_mpn_exact,98.0,-29.00,-6.05
S2X-M-2640,"SurPro S2X Magnesium Drywall Stilts - 26""-40""",SurPro,490.00,,Al's Taping Tools,"SurPro S2X Magnesium Stilts 26""-40""",Sur Pro,S2X-M-2640,,,https://www.alstapingtools.com/surpro-s2x-magnesium-stilts-26-40/,460.00,460.00,,USD,,,competitor_sku_to_mpn_exact,98.0,-30.00,-6.12
03TT,"TapeTech EasyClean® Automatic Taper - Mini-Taper 40.5""",TapeTech,1775.00,1775.00,Al's Taping Tools,TapeTech EasyClean Automatic Mini-Taper - 03TT,TapeTech,03TT,,,https://www.alstapingtools.com/tapetech-easyclean-automatic-mini-taper-03tt/,1775.00,1775.00,,USD,,,competitor_sku_to_mpn_exact,98.0,0.00,0.00
07TT,TapeTech EasyClean® Automatic Taper - Standard,TapeTech,1672.12,1599.00,Al's Taping Tools,TapeTech Automatic Taper Extension for 07TT Taper,TapeTech,ATX01TT,,,https://www.alstapingtools.com/tapetech-automatic-taper-extension-for-07tt-taper/,399.00,399.00,,USD,,,brand_name_fuzzy,96.0,-1273.12,-76.14
07TT,TapeTech EasyClean® Automatic Taper - Standard,TapeTech,1672.12,1599.00,Al's Taping Tools,TapeTech Easy Clean Automatic Taper,TapeTech,07TT,,,https://www.alstapingtools.com/tapetech-easy-clean-automatic-taper/,1599.00,1599.00,,USD,,,competitor_sku_to_mpn_exact,98.0,-73.12,-4.37
07TT-C,TapeTech EasyClean® Automatic Taper - Carbon Fiber,TapeTech,1816.18,1780.00,Al's Taping Tools,TapeTech Carbon Fiber Automatic Taper,TapeTech,07TT-C,,,https://www.alstapingtools.com/tapetech-carbon-fiber-automatic-taper/,1780.00,1780.00,,USD,,,competitor_sku_to_mpn_exact,98.0,-36.18,-1.99
15TTE,TapeTech Corner Roller - Inside Corner,TapeTech,189.00,189.00,Al's Taping Tools,TapeTech Inside Corner Roller,TapeTech,15TTE,,,https://www.alstapingtools.com/tapetech-inside-corner-roller/,189.00,189.00,,USD,,,competitor_sku_to_mpn_exact,98.0,0.00,0.00
16TT,TapeTech Applicator Head - Outside Corner,TapeTech,85.43,85.00,Al's Taping Tools,TapeTech 90 Outside Corner Applicator Head,TapeTech,16TT,,,https://www.alstapingtools.com/tapetech-90-outside-corner-applicator-head/,85.00,85.00,,USD,,,competitor_sku_to_mpn_exact,98.0,-0.43,-0.50
16TT90,TapeTech Applicator Head - Inside Corner,TapeTech,85.43,85.00,Al's Taping Tools,TapeTech 90 Inside Corner Mud Applicator,TapeTech,16TT90,,,https://www.alstapingtools.com/tapetech-90-inside-corner-mud-applicator/,85.00,85.00,,USD,,,competitor_sku_to_mpn_exact,98.0,-0.43,-0.50
17TT,TapeTech Corner Roller - Outside Corner,TapeTech,170.00,170.00,Al's Taping Tools,TapeTech Outside Corner Bead Roller - 17TT,TapeTech,17TT,,,https://www.alstapingtools.com/tapetech-outside-corner-bead-roller-17tt/,170.00,170.00,,USD,,,competitor_sku_to_mpn_exact,98.0,0.00,0.00
17TTE,TapeTech Corner Roller - Flex Tape Outside Corner,TapeTech,184.06,179.00,Al's Taping Tools,TapeTech Outside Corner Roller (for Flex Tape) - 17TTE,TapeTech,17TTE,,,https://www.alstapingtools.com/tapetech-outside-corner-roller-for-flex-tape-17tte/,179.00,179.00,,USD,,,competitor_sku_to_mpn_exact,98.0,-5.06,-2.75
40XTT,"TapeTech Corner Finisher - 2""",TapeTech,389.00,389.00,Al's Taping Tools,"TapeTech 2"" Angle Head Drywall Corner Finisher - 40XTT",TapeTech,40XTT,,,https://www.alstapingtools.com/tapetech-2-angle-head-drywall-corner-finisher-40xtt/,389.00,389.00,,USD,,,competitor_sku_to_mpn_exact,98.0,0.00,0.00
42TT,"TapeTech Corner Finisher - 2.5""",TapeTech,399.00,399.00,Al's Taping Tools,"TapeTech 2.5"" EasyRoll Angle Head Drywall Finishing Tool - 42TT",TapeTech,42TT,,,https://www.alstapingtools.com/tapetech-2-5-easyroll-angle-head-drywall-finishing-tool-42tt/,399.00,399.00,,USD,,,competitor_sku_to_mpn_exact,98.0,0.00,0.00
48TT,"TapeTech Corner Finisher - 3"" EasyRoll® Adjustable",TapeTech,429.00,429.00,Al's Taping Tools,"TapeTech 3"" EasyRoll Angle Head Drywall Finishing Tool - 48TT",TapeTech,48TT,,,https://www.alstapingtools.com/tapetech-3-easyroll-angle-head-drywall-finishing-tool-48tt/,429.00,429.00,,USD,,,competitor_sku_to_mpn_exact,98.0,0.00,0.00
48XTT,"TapeTech Corner Finisher - 3.5"" EasyRoll® Adjustable",TapeTech,448.22,439.00,Al's Taping Tools,"TapeTech 3.5"" EasyRoll Angle Head Corner Finisher - 48XTT",TapeTech,48XTT,,,https://www.alstapingtools.com/tapetech-3-5-easyroll-angle-head-corner-finisher-48xtt/,439.00,439.00,,USD,,,competitor_sku_to_mpn_exact,98.0,-9.22,-2.06
76TT,TapeTech EasyClean® Pump - Standard,TapeTech,399.00,,Al's Taping Tools,TapeTech EasyClean Loading Pump - 76TT,TapeTech,76TT,,,https://www.alstapingtools.com/tapetech-easyclean-loading-pump-76tt/,399.00,399.00,,USD,,,competitor_sku_to_mpn_exact,98.0,0.00,0.00
76XLTT,TapeTech EasyClean® Pump - Extra Long,TapeTech,659.00,659.00,Al's Taping Tools,TapeTech Extra Long EasyClean Tall Loading Pump - 76XLTT,TapeTech,76XLTT,,,https://www.alstapingtools.com/tapetech-extra-long-easyclean-tall-loading-pump-76xltt/,665.00,665.00,,USD,,,competitor_sku_to_mpn_exact,98.0,6.00,0.91
8000TT-PA,TapeTech Wizard® Compact Finishing Box Handle - Power Assist,TapeTech,109.00,109.00,Al's Taping Tools,TapeTech Wizard Compact Handle for Power Assist Boxes,TapeTech,8000TT-PA,,,https://www.alstapingtools.com/tapetech-wizard-compact-handle-for-power-assist-boxes/,109.00,109.00,,USD,,,competitor_sku_to_mpn_exact,98.0,0.00,0.00
8034TT,"TapeTech Flat Box Handle - 34""",TapeTech,229.00,229.00,Al's Taping Tools,"TapeTech 34"" Drywall Flat Finishing Box Handle - 8034TT",TapeTech,8034TT,,,https://www.alstapingtools.com/tapetech-34-drywall-flat-finishing-box-handle-8034tt/,229.00,229.00,,USD,,,competitor_sku_to_mpn_exact,98.0,0.00,0.00
8042TT,"TapeTech Flat Box Handle - 42""",TapeTech,234.00,234.00,Al's Taping Tools,"TapeTech 42"" Drywall Flat Finisher Box Handle - 8042TT",TapeTech,8042TT,,,https://www.alstapingtools.com/tapetech-42-drywall-flat-finisher-box-handle-8042tt/,234.00,234.00,,USD,,,competitor_sku_to_mpn_exact,98.0,0.00,0.00
8072TT,"TapeTech Flat Box Handle - 72""",TapeTech,249.00,249.00,Al's Taping Tools,"TapeTech 72"" Drywall Flat Finisher Box Handle - 8072TT",TapeTech,8072TT,,,https://www.alstapingtools.com/tapetech-72-drywall-flat-finisher-box-handle-8072tt/,249.00,249.00,,USD,,,competitor_sku_to_mpn_exact,98.0,0.00,0.00
8134TT,"TapeTech EasyFinish™ Box Handle - 34""",TapeTech,259.76,259.00,Al's Taping Tools,"TapeTech 34"" EasyFinish Flat Box Handle - 8134TT",TapeTech,8134TT,,,https://www.alstapingtools.com/tapetech-34-easyfinish-flat-box-handle-8134tt/,259.00,259.00,,USD,,,competitor_sku_to_mpn_exact,98.0,-0.76,-0.29
8142TT,"TapeTech EasyFinish™ Box Handle - 42""",TapeTech,269.00,269.00,Al's Taping Tools,"TapeTech 42"" EasyFinish Flat Box Handle - 8142TT",TapeTech,8142TT,,,https://www.alstapingtools.com/tapetech-42-easyfinish-flat-box-handle-8142tt/,269.00,269.00,,USD,,,competitor_sku_to_mpn_exact,98.0,0.00,0.00
8154TT,"TapeTech EasyFinish™ Box Handle - 54""",TapeTech,279.00,279.00,Al's Taping Tools,"TapeTech 54"" EasyFinish Flat Box Handle - 8154TT",TapeTech,8154TT,,,https://www.alstapingtools.com/tapetech-54-easyfinish-flat-box-handle-8154tt/,279.00,279.00,,USD,,,competitor_sku_to_mpn_exact,98.0,0.00,0.00
8172TT,"TapeTech EasyFinish™ Box Handle - 72""",TapeTech,291.28,289.00,Al's Taping Tools,"TapeTech 72"" EasyFinish Flat Box Handle - 8172TT",TapeTech,8172TT,,,https://www.alstapingtools.com/tapetech-72-easyfinish-flat-box-handle-8172tt/,289.00,289.00,,USD,,,competitor_sku_to_mpn_exact,98.0,-2.28,-0.78
85XLTT,TapeTech Gooseneck - Extra Long,TapeTech,199.00,,Al's Taping Tools,TapeTech Extra Long Gooseneck Adapter,TapeTech,85XLTT,,,https://www.alstapingtools.com/tapetech-extra-long-gooseneck-adapter/,199.00,199.00,,USD,,,competitor_sku_to_mpn_exact,98.0,0.00,0.00
90T,TapeTech Filler Adapter,TapeTech,79.00,79.00,Al's Taping Tools,TapeTech Drywall Box Filler Attachment - 90T,TapeTech,90T,,,https://www.alstapingtools.com/tapetech-drywall-box-filler-attachment-90t/,79.00,79.00,,USD,,,competitor_sku_to_mpn_exact,98.0,0.00,0.00
BHE,"TapeTech Brakeless Box Handle - Extendable 34""-60""",TapeTech,305.72,299.00,Al's Taping Tools,TapeTech Brakeless Extendable Flat Box Handle,TapeTech,BHE,,,https://www.alstapingtools.com/tapetech-brakeless-extendable-flat-box-handle/,299.00,299.00,,USD,,,competitor_sku_to_mpn_exact,98.0,-6.72,-2.20
CA07TT,"TapeTech Corner Applicator - 7""",TapeTech,315.00,315.00,Al's Taping Tools,"TapeTech 7"" Corner Applicator Head",TapeTech,CA07TT,,,https://www.alstapingtools.com/tapetech-7-corner-applicator-head/,315.00,315.00,,USD,,,competitor_sku_to_mpn_exact,98.0,0.00,0.00
CA08TT,"TapeTech Corner Applicator - 8""",TapeTech,330.00,330.00,Al's Taping Tools,"TapeTech 8"" Corner Applicator - CA08TT",TapeTech,CA08TT,,,https://www.alstapingtools.com/tapetech-8-corner-applicator-ca08tt/,330.00,330.00,,USD,,,competitor_sku_to_mpn_exact,98.0,0.00,0.00
CAA-TT,TapeTech Support Handle Adapter - Corner Applicator,TapeTech,45.00,45.00,Al's Taping Tools,TapeTech Corner Applicator Adapter - CAA-TT,TapeTech,CAA-TT,,,https://www.alstapingtools.com/tapetech-corner-applicator-adapter-caa-tt/,42.00,42.00,,USD,,,competitor_sku_to_mpn_exact,98.0,-3.00,-6.67
CF25TT,"TapeTech Direct Corner Flusher - 2.5""",TapeTech,114.00,114.00,Al's Taping Tools,"TapeTech 2.5"" Direct Flusher - CF25TT",TapeTech,CF25TT,,,https://www.alstapingtools.com/tapetech-2-5-direct-flusher-cf25tt/,114.00,114.00,,USD,,,competitor_sku_to_mpn_exact,98.0,0.00,0.00
CF30TT,"TapeTech Direct Corner Flusher - 3""",TapeTech,119.00,119.00,Al's Taping Tools,"TapeTech 3"" Direct Flusher",TapeTech,CF30TT,,,https://www.alstapingtools.com/tapetech-3-direct-flusher/,119.00,119.00,,USD,,,competitor_sku_to_mpn_exact,98.0,0.00,0.00
CF35TT,"TapeTech Direct Corner Flusher - 3.5""",TapeTech,125.00,125.00,Al's Taping Tools,"TapeTech 3.5"" Direct Flusher",TapeTech,CF35TT,,,https://www.alstapingtools.com/tapetech-3-5-direct-flusher/,125.00,125.00,,USD,,,competitor_sku_to_mpn_exact,98.0,0.00,0.00
CF40TT,"TapeTech Direct Corner Flusher - 4""",TapeTech,129.00,129.00,Al's Taping Tools,"TapeTech 4"" Direct Flusher - CF40TT",TapeTech,CF40TT,,,https://www.alstapingtools.com/tapetech-4-direct-flusher-cf40tt/,129.00,129.00,,USD,,,competitor_sku_to_mpn_exact,98.0,0.00,0.00
CFA-TT,TapeTech Support Handle Adapter - Corner Finisher,TapeTech,49.00,49.00,Al's Taping Tools,TapeTech Corner Finisher Ball Adapter - CFA-TT,TapeTech,CFA-TT,,,https://www.alstapingtools.com/tapetech-corner-finisher-ball-adapter-cfa-tt/,49.00,49.00,,USD,,,competitor_sku_to_mpn_exact,98.0,0.00,0.00
CH55TT,TapeTech Cove Applicator Head - 55 mm,TapeTech,99.00,99.00,Al's Taping Tools,TapeTech 55 mm Cove Applicator Head CH55TT,TapeTech,CH55TT,,,https://www.alstapingtools.com/tapetech-55-mm-cove-applicator-head-ch55tt/,138.19,138.19,,USD,,,competitor_sku_to_mpn_exact,98.0,39.19,39.59
CH75TT,TapeTech Cove Applicator Head - 75 mm,TapeTech,99.00,99.00,Al's Taping Tools,TapeTech 75 mm Cove Applicator Head CH75TT,TapeTech,CH75TT,,,https://www.alstapingtools.com/tapetech-75-mm-cove-applicator-head-ch75tt/,140.86,140.86,,USD,,,competitor_sku_to_mpn_exact,98.0,41.86,42.28
CH83TT,TapeTech Cove Applicator Head - 83 mm,TapeTech,99.00,99.00,Al's Taping Tools,TapeTech 83 mm Cove Applicator Head CH83TT,TapeTech,CH83TT,,,https://www.alstapingtools.com/tapetech-83-mm-cove-applicator-head-ch83tt/,144.85,144.85,,USD,,,competitor_sku_to_mpn_exact,98.0,45.85,46.31
CH90TT,TapeTech Cove Applicator Head - 90 mm,TapeTech,99.00,99.00,Al's Taping Tools,TapeTech 90 mm Cove Applicator Head CH90TT,TapeTech,CH90TT,,,https://www.alstapingtools.com/tapetech-90-mm-cove-applicator-head-ch90tt/,159.46,159.46,,USD,,,competitor_sku_to_mpn_exact,98.0,60.46,61.07
CT24TT,"TapeTech Compound Tube - 24""",TapeTech,189.00,189.00,Al's Taping Tools,"Tapetech 24"" Drywall Compound Tube - CT24TT",TapeTech,CT24TT,,,https://www.alstapingtools.com/tapetech-24-drywall-compound-tube-ct24tt/,189.00,189.00,,USD,,,competitor_sku_to_mpn_exact,98.0,0.00,0.00
CT36TT,"TapeTech Compound Tube - 36""",TapeTech,199.00,199.00,Al's Taping Tools,"TapeTech 36"" Drywall Compound Tube - CT36TT",TapeTech,CT36TT,,,https://www.alstapingtools.com/tapetech-36-drywall-compound-tube-ct36tt/,199.00,199.00,,USD,,,competitor_sku_to_mpn_exact,98.0,0.00,0.00
CT42TT,"TapeTech Compound Tube - 42""",TapeTech,211.09,209.00,Al's Taping Tools,"Tapetech 42"" Drywall Compound Tube - CT42TT",TapeTech,CT42TT,,,https://www.alstapingtools.com/tapetech-42-drywall-compound-tube-ct42tt/,209.00,209.00,,USD,,,competitor_sku_to_mpn_exact,98.0,-2.09,-0.99
CTA01TT,TapeTech Compound Tube Filler Adapter,TapeTech,19.99,19.99,Al's Taping Tools,TapeTech Compound Tube Filler Adapter - CTA01TT,TapeTech,CTA01TT,,,https://www.alstapingtools.com/tapetech-compound-tube-filler-adapter-cta01tt/,19.99,19.99,,USD,,,competitor_sku_to_mpn_exact,98.0,0.00,0.00
EHC10,"TapeTech MaxxBox® High Capacity Finishing Box - 10""",TapeTech,419.00,419.00,Al's Taping Tools,"TapeTech 10"" MAXXBOX w/ Easy Roll Wheels - EHC10",TapeTech,EHC10,,,https://www.alstapingtools.com/tapetech-10-maxxbox-w-easy-roll-wheels-ehc10/,419.00,419.00,,USD,,,competitor_sku_to_mpn_exact,98.0,0.00,0.00
EHC12,"TapeTech MaxxBox® High Capacity Finishing Box - 12""",TapeTech,444.00,444.00,Al's Taping Tools,"TapeTech 12"" MAXXBOX w/ Easy Roll Wheels - EHC12",TapeTech,EHC12,,,https://www.alstapingtools.com/tapetech-12-maxxbox-w-easy-roll-wheels-ehc12/,444.00,444.00,,USD,,,competitor_sku_to_mpn_exact,98.0,0.00,0.00
EZ07TT,"TapeTech EasyClean® Finishing Box - 7""",TapeTech,379.00,379.00,Al's Taping Tools,"TapeTech 7"" EasyClean Drywall Flat Box - EZ07TT",TapeTech,EZ07TT,,,https://www.alstapingtools.com/tapetech-7-easyclean-drywall-flat-box-ez07tt/,379.00,379.00,,USD,,,competitor_sku_to_mpn_exact,98.0,0.00,0.00
EZ15TT,"TapeTech EasyClean® Finishing Box - 15""",TapeTech,429.00,429.00,Al's Taping Tools,"TapeTech 15"" EasyClean Drywall Flat Box - EZ15TT",TapeTech,EZ15TT,,,https://www.alstapingtools.com/tapetech-15-easyclean-drywall-flat-box-ez15tt/,429.00,429.00,,USD,,,competitor_sku_to_mpn_exact,98.0,0.00,0.00
FHTT,TapeTech Support Handle - Fiberglass,TapeTech,59.00,59.00,Al's Taping Tools,TapeTech Interchangeable Fiberglass Handle - FHTT,TapeTech,FHTT,,,https://www.alstapingtools.com/tapetech-interchangeable-fiberglass-handle-fhtt/,59.00,59.00,,USD,,,competitor_sku_to_mpn_exact,98.0,0.00,0.00
FHTT-CC,TapeTech Support Handle - Closet Crusher Fiberglass,TapeTech,50.00,50.00,Al's Taping Tools,"TapeTech Closet Crusher 18"" Support Handle",TapeTech,FHTT-CC,,,https://www.alstapingtools.com/tapetech-closet-crusher-18-support-handle/,50.00,50.00,,USD,,,competitor_sku_to_mpn_exact,98.0,0.00,0.00
MR01TT,TapeTech MudRunner® Compound Applicator - Pro,TapeTech,1099.00,1099.00,Al's Taping Tools,TapeTech MudRunner Compound Applicator Tube,TapeTech,MR01TT,,,https://www.alstapingtools.com/tapetech-mudrunner-compound-applicator-tube/,1099.00,1099.00,,USD,,,competitor_sku_to_mpn_exact,98.0,0.00,0.00
NS02TT,"TapeTech Nail Spotter - 2""",TapeTech,303.66,278.00,Al's Taping Tools,"TapeTech 2"" EasyClean Nail/Screw Spotter Head",TapeTech,NS02TT,,,https://www.alstapingtools.com/tapetech-2-easyclean-nail-screw-spotter-head/,278.00,278.00,,USD,,,competitor_sku_to_mpn_exact,98.0,-25.66,-8.45
NS03TT,"TapeTech Nail Spotter - 3""",TapeTech,313.10,289.00,Al's Taping Tools,"TapeTech 3"" EasyClean Nail/Screw Spotter",TapeTech,NS03TT,,,https://www.alstapingtools.com/tapetech-3-easyclean-nail-screw-spotter/,289.00,289.00,,USD,,,competitor_sku_to_mpn_exact,98.0,-24.10,-7.70
NSA-TT,TapeTech Support Handle Adapter - Nail Spotter,TapeTech,40.00,,Al's Taping Tools,TapeTech Nail Spotter Adapter - NSA-TT,TapeTech,NSA-TT,,,https://www.alstapingtools.com/tapetech-nail-spotter-adapter-nsa-tt/,45.00,45.00,,USD,,,competitor_sku_to_mpn_exact,98.0,5.00,12.50
PAHC07,"TapeTech Power Assist® MaxxBox® Finishing Box - 7""",TapeTech,491.26,459.00,Al's Taping Tools,"TapeTech 7"" PowerAssist MaxxBox w/ EasyRoll Wheels - PAHC07",TapeTech,PAHC07,,,https://www.alstapingtools.com/tapetech-7-powerassist-maxxbox-w-easyroll-wheels-pahc07/,459.00,459.00,,USD,,,competitor_sku_to_mpn_exact,98.0,-32.26,-6.57
PAHC10,"TapeTech Power Assist® MaxxBox® Finishing Box - 10""",TapeTech,494.93,469.00,Al's Taping Tools,"TapeTech 10"" PowerAssist MaxxBox w/ EasyRoll Wheels - PAHC10",TapeTech,PAHC10,,,https://www.alstapingtools.com/tapetech-10-powerassist-maxxbox-w-easyroll-wheels-pahc10/,469.00,469.00,,USD,,,competitor_sku_to_mpn_exact,98.0,-25.93,-5.24
PAHC12,"TapeTech Power Assist® MaxxBox® Finishing Box - 12""",TapeTech,520.16,479.00,Al's Taping Tools,"TapeTech 12"" PowerAssist MaxxBox w/ EasyRoll Wheels - PAHC12",TapeTech,PAHC12,,,https://www.alstapingtools.com/tapetech-12-powerassist-maxxbox-w-easyroll-wheels-pahc12/,479.00,479.00,,USD,,,competitor_sku_to_mpn_exact,98.0,-41.16,-7.91
QB06-QSX,"TapeTech QuickBox® QSX Finishing Box - 6.5""",TapeTech,149.00,149.00,Al's Taping Tools,"TapeTech QuickBox QSX 6.5"" Finishing Box",TapeTech,QB06-QSX,,,https://www.alstapingtools.com/tapetech-quickbox-qsx-6-5-finishing-box/,149.00,149.00,,USD,,,competitor_sku_to_mpn_exact,98.0,0.00,0.00
QB08-QSX,"TapeTech QuickBox® QSX Finishing Box - 8.5""",TapeTech,180.19,174.00,Al's Taping Tools,"TapeTech QuickBox QSX 8"" Finishing Box",TapeTech,QB08-QSX,,,https://www.alstapingtools.com/tapetech-quickbox-qsx-8-finishing-box/,174.00,174.00,,USD,,,competitor_sku_to_mpn_exact,98.0,-6.19,-3.44
TTCFS-M,TapeTech MudRunner Corner Finishing Set,TapeTech,1928.00,,Al's Taping Tools,TapeTech MudRunner Corner Finishing Set,TapeTech,Gttcfsm,,,https://www.alstapingtools.com/tapetech-mudrunner-corner-finishing-set/,1906.00,2155.00,1906.00,USD,,,brand_name_fuzzy,100.0,-22.00,-1.14
TTPPS-EF,TapeTech Pro Performance Easy Finish Set,TapeTech,7295.00,,Al's Taping Tools,TapeTech Ultimate Pro Performance Easy Finish Set w/ FREE Stilts,TapeTech,Gttpps-ez,,,https://www.alstapingtools.com/tapetech-ultimate-pro-performance-easy-finish-set-w-free-stilts/,6930.00,7573.86,6930.00,USD,,,brand_name_fuzzy,91.88235294117648,-365.00,-5.00
XHTT,TapeTech Support Handle - Extension,TapeTech,179.00,179.00,Al's Taping Tools,TapeTech Extendable Interchangeable Handle - XHTT,TapeTech,XHTT,,,https://www.alstapingtools.com/tapetech-extendable-interchangeable-handle-xhtt/,179.00,179.00,,USD,,,competitor_sku_to_mpn_exact,98.0,0.00,0.00
