sku,name,brand,product_type,current_price,map_price,gtin,mpn,manufacturer_sku,slug
PTAPER,Columbia One Predator Taper,Columbia Tools,simple,1838.55,,,PTAPER,PTAPER,columbia-one-predator-carbon-fiber-taper-ptaper
TBBF,Columbia Box Filler - Tall Boy,Columbia Tools,variation,75.71,75.71,,TBBF,,columbia-box-filler-tall-boy-tbbf
CLT24,"Columbia Cam Lock Tube - 24""",Columbia Tools,variation,270.95,257.40,,CLT24,,columbia-tools-cam-lock-tube-24-clt24
3WTCSF,"Columbia Combo Flusher - 3"" Widetrack",Columbia Tools,variation,122.51,,,3WTCSF,,columbia-3-widetrack-combo-flusher-3wtcsf
3.5CSF,"Columbia Combo Flusher - 3.5""",Columbia Tools,variation,181.99,181.69,,3.5CSF,,columbia-combo-flusher-3-5-inch
4DF,"Columbia Direct Flusher - 4""",Columbia Tools,variation,151.41,151.41,,4DF,,columbia-direct-flusher-4-4df
5.5FBB,"Columbia Fat Boy Flat Box - 5.5""",Columbia Tools,variation,189.95,,,5.5FBB,,columbia-fat-boy-flat-box-5-5
HMP-C,Columbia Hot Mud Pump - CDN,Columbia Tools,variation,380.00,,,HMP-C,,columbia-hot-mud-pump-cdn
CHXL,Columbia One Handle - Long Extendable 4'-8',Columbia Tools,variation,173.04,173.04,,CHXL,,columbia-one-handle-long-extendable-4-8-chxl
COBCRE,Columbia Outside Corner Roller - European,Columbia Tools,variation,1.00,,,COBCRE,,columbia-outside-corner-roller-european
PMHS,"Columbia Predator Matrix Handle - Short 29""-39""",Columbia Tools,variation,384.00,379.28,,PMHS,,columbia-predator-matrix-handle-short-29-39
PMH,"Columbia Predator Matrix Handle - 40""-60""",Columbia Tools,variation,418.00,388.34,,PMH,,columbia-predator-matrix-handle-40-60
PMHL,"Columbia Predator Matrix Handle - Long 56""-76""",Columbia Tools,variation,503.00,433.14,,PMHL,,columbia-predator-matrix-handle-long-56-76
PCHXL,Columbia Predator One Handle - Long Extendable 4'-8',Columbia Tools,variation,216.15,216.15,,PCHXL,,columbia-predator-one-handle-long-extendable-4-8-pchxl
3WTSF,"Columbia Standard Flusher - 3"" Widetrack",Columbia Tools,variation,127.62,127.62,,3WTSF,,columbia-standard-flusher-3-widetrack-3wtsf
TCS,Columbia Tool Case - Gun Case,Columbia Tools,variation,201.88,201.88,,TCS,,columbia-tool-case-gun-case-tcs
OA90-325,Columbia UHMW Mud Applicator - Outside 90° 325,Columbia Tools,variation,91.93,91.93,,OA90-325,,columbia-uhmw-mud-applicator-outside-90-325
SACS,Columbia Commando Set,Columbia Tools,simple,1157.93,1157.93,,SACS,SACS,columbia-commando-set-semi-auto-finishing-kit
CPFP,Columbia PowerFill 3.5 Pro Series Cordless Loading Pump,Columbia Tools,simple,1473.00,1249.00,,CPFP,CPFP,columbia-powerfill-3-5-pro-series-cordless-loading-pump
CPFGN,Columbia Powerfill 5 Gallon Taper Gooseneck Fill Tube,Columbia Tools,simple,275.00,185.00,,CPFGN,CPFGN,columbia-powerfill-5-gallon-taper-gooseneck-fill-tube-cpfgn
FA268,#10 Flat Washer,Columbia Tools,simple,2.25,,,FA268,,columbia-tools-10-flat-washer-fa268
FA228,#6 Flat Washer,Columbia Tools,simple,1.00,,,FA228,,columbia-tools-6-flat-washer-fa228
FA229,#6 Lock Washer,Columbia Tools,simple,1.00,,,FA229,,columbia-tools-fa229-6-lock-washer
FA230,#6 Star Washer,Columbia Tools,simple,1.00,,,FA230,,columbia-tools-fa230-6-star-washer
FA202,"1/16 X 1/2"" Cotter Pin",Columbia Tools,simple,1.00,,,FA202,,columbia-tools-fa202-cotter-pin-1-16-x-1-2
FA200,"1/16 x 1/4"" Split Pin",Columbia Tools,simple,1.00,,,FA200,,columbia-tools-fa200-split-pin-1-16-1-4
FA203,"1/16 x 3/4"" Cotter Pin",Columbia Tools,simple,1.00,,,FA203,,columbia-tools-automatic-taper-head-cotter-pin-fa203
CT109,1/4 - 20 Hex Nut,Columbia Tools,simple,6.00,,,CT109,,columbia-tools-ct109-1-4-20-hex-nut
FA379,"1/4"" SS E-Clip",Columbia Tools,simple,3.25,,,FA379,,columbia-tools-1-4-ss-e-clip-fa379
FA286,"1/4"" x 1/2"" Flat Washer",Columbia Tools,simple,1.00,,,FA286,,columbia-tools-fa286-flat-washer-1-4-x-1-2
FA291,1/4-20 Hex Nut,Columbia Tools,simple,2.00,,,FA291,,columbia-tools-1-4-20-hex-nut-fa291
FA299,"1/4-20 x 1 1/2"" Pan Phillips",Columbia Tools,simple,4.00,,,FA299,,columbia-tools-corner-roller-screw-fa299
FA313,1/4-20 X 1/4 Socket Head Set Screw,Columbia Tools,simple,2.00,,,FA313,,columbia-tools-fa313-1-4-20-set-screw
FA301,"1/4-20 x 2 1/4"" Hex Bolt",Columbia Tools,simple,3.00,,,FA301,,columbia-tools-fa301-hex-bolt-hot-mud-pump
FA320,"1/4-28-3/8"" Socket Set Screw",Columbia Tools,simple,2.00,,,FA320,,columbia-fa320-socket-set-screw-hydra-reach
HFFB14-14,"Flat Box Hinged Door Gasket - 14""",Columbia Tools,variation,42.00,,,HFFB14,,columbia-tools-flat-box-hinged-door-gasket-14
FA380,"1/8"" SS E-Clip",Columbia Tools,simple,2.95,,,FA380,,columbia-tools-fa380-1-8-ss-e-clip
FA271,10-24 Nyloc Nut,Columbia Tools,simple,2.00,,,FA271,,columbia-10-24-nyloc-nut-fa271
FA272,10-24 Wing Nut,Columbia Tools,simple,2.00,,,FA272,,columbia-tools-10-24-wing-nut-fa272
FA273,"10-24 x 1"" Hex Bolt",Columbia Tools,simple,3.25,,,FA273,,columbia-tools-hot-mud-pump-hex-bolt-fa273
FA316,"10-32 X 1/2"" Flat Socket Head",Columbia Tools,simple,2.00,,,FA316,,columbia-tools-fa316-10-32-1-2-flat-socket-head
FA382,"10-32 x 1/4"" SS Set Screw",Columbia Tools,simple,1.00,,,FA382,,columbia-tools-10-32-x-1-4-ss-set-screw-fa382
FA199,"2-56 x 3/16"" Binder Slot",Columbia Tools,simple,1.00,,,FA199,,columbia-tools-automatic-taper-head-binder-slot-fa199
FA365,"3/16 x 1"" Sping Pin SS",Columbia Tools,simple,3.00,,,FA365,,columbia-3-16-x-1-ss-spring-pin-fa365
FA206,4-40 Hex Nut,Columbia Tools,simple,2.00,,,FA206,,columbia-tools-4-40-hex-nut-fa206
FA207,4-40 Nyloc Nut,Columbia Tools,simple,2.50,,,FA207,,columbia-tools-4-40-nyloc-nut-fa207
FA213,"4-40 x 1/4"" Binder Slot",Columbia Tools,simple,1.00,,,FA213,,columbia-4-40-x-1-4-binder-slot-fa213
FA214,"4-40 x 1/4"" Flat Slot",Columbia Tools,simple,1.00,,,FA214,,columbia-tools-fa214-4-40-1-4-flat-slot-screw
FA2,"4-40 x 1/8"" Binder Slot",Columbia Tools,simple,1.65,,,FA208,,columbia-tools-4-40-1-8-binder-slot-fa208
FA210,"4-40 x 3/16"" Binder Slot",Columbia Tools,simple,1.00,,,FA210,,columbia-tools-fa210-binder-slot-4-40-3-16
FA212,"4-40 x 3/16"" Truss Slot",Columbia Tools,simple,1.00,,,FA212,,columbia-tools-4-40-3-16-truss-slot-screw-fa212
FA218,"4-40 x 3/8"" Flat Slot",Columbia Tools,simple,1.00,,,FA218,,columbia-tools-fa218-4-40-3-8-flat-slot-screw
FA216,4-40 X 3/8” Fillister Slot,Columbia Tools,simple,2.00,,,FA216,,columbia-tools-fa216-4-40-3-8-fillister-slot-screw
FA215,"4-40 x 5/16"" Binder Slot",Columbia Tools,simple,1.95,,,FA215,,columbia-tools-4-40-5-16-binder-slot-fa215
FA303,5-16 Flat Washer,Columbia Tools,simple,3.00,,,FA303,,columbia-tools-fa303-5-16-flat-washer
FA307,5-16 x 24 Jam Nut,Columbia Tools,simple,3.00,,,FA307,,columbia-tools-hot-mud-pump-jam-nut-fa307
FA317,"5/32"" x 7/8"" Roll Pin",Columbia Tools,simple,2.00,,,FA317,,columbia-tools-fa317-5-32-x-7-8-roll-pin
FA233,6-32 Nyloc Nut,Columbia Tools,simple,2.00,,,FA233,,columbia-tools-6-32-nyloc-nut-fa233
FA244,"6-32 x 1/2"" Pan Slot",Columbia Tools,simple,1.00,,,FA244,,columbia-6-32-x-1-2-pan-slot-fa244
FFB11-12,"Adjuster Spring - 12""",Columbia Tools,variation,8.00,,,FFB11-12,,columbia-tools-adjuster-spring-12-ffb11-12
FA239,"6-32 X 1/4"" Binder Slot",Columbia Tools,simple,1.00,,,FA239,,columbia-tools-fa239-6-32-1-4-binder-slot
FA236,"6-32 X 1/8"" Binder Slot",Columbia Tools,simple,1.00,,,FA236,,columbia-tools-6-32-x-1-8-binder-slot-fa236
FA235,"6-32 X 1/8"" Set Screw",Columbia Tools,simple,2.00,,,FA235,,columbia-tools-6-32-x-1-8-set-screw-fa235
FA237,"6-32 x 3/16"" Binder Slot",Columbia Tools,simple,1.00,,,FA237,,columbia-fa237-6-32-3-16-binder-slot
FA238,"6-32 X 3/16"" Fillister Slot",Columbia Tools,simple,2.00,,,FA238,,columbia-tools-6-32-x-3-16-fillister-slot-fa238
FA241,"6-32 X 3/8"" Binder Slot",Columbia Tools,simple,1.00,,,FA241,,columbia-tools-fa241-binder-slot-6-32-x-3-8
FA243,"6-32 x 3/8"" Flat Slot",Columbia Tools,simple,1.00,,,FA243,,columbia-tools-fa243-6-32-flat-slot-screw
FA231,"6-32 x 3/8"" Hex Bolt",Columbia Tools,simple,2.25,,,FA231,,columbia-tools-fa231-6-32-hex-bolt
FA254,8-32 Nyloc Nut,Columbia Tools,simple,2.00,,,FA254,,columbia-tools-8-32-nyloc-nut-fa254
FA262,"8-32 x 1/2"" Socket",Columbia Tools,simple,2.95,,,FA262,,columbia-tools-8-32-x-1-2-socket-fa262
FA257,"8-32 x 1/4"" Fillister Slot",Columbia Tools,simple,1.00,,,FA257,,columbia-tools-8-32-x-1-4-fillister-slot-screw-fa257
FA256,"8-32 X 3/16"" Pan Slot",Columbia Tools,simple,2.15,,,FA256,,columbia-tools-8-32-x-3-16-pan-slot-screw-fa256
FA265,"8-32 x 3/4"" Truss Slot",Columbia Tools,simple,1.00,,,FA265,,columbia-tools-8-32-x-3-4-truss-slot-fa265
FA260,"8-32 x 3/8"" Pan Slot",Columbia Tools,simple,1.00,,,FA260,,columbia-tools-8-32-x-3-8-pan-slot-screw-fa260
FA261,"8-32 X 3/8"" Socket Screw",Columbia Tools,simple,2.75,,,FA261,,columbia-tools-8-32-x-3-8-socket-screw-fa261
FA376,8-32 x 5/16 SS Socket Head,Columbia Tools,simple,2.00,,,FA376,,columbia-tools-8-32-x-5-16-ss-socket-head-fa376
FA264,"8-32 x 5/8"" Truss Slot",Columbia Tools,simple,1.00,,,FA264,,columbia-tools-8-32-x-5-8-truss-slot-fa264
FA258,8-32X 1/4 Half Dog Set,Columbia Tools,simple,2.00,,,FA258,,columbia-tools-8-32x-1-4-half-dog-set-fa258
FA249,"8-32X3/16"" Set Screw",Columbia Tools,simple,2.00,,,FA249,,columbia-tools-8-32x3-16-set-screw-fa249
FFB5-7,"Axle - 7""",Columbia Tools,variation,44.00,,,FFB5-7,,columbia-tools-axle-7-ffb5-7
FFB5-8,"Axle - 8""",Columbia Tools,variation,44.00,,,FFB5-8,,columbia-tools-axle-8-ffb5-8
FFB5-10,"Axle - 10""",Columbia Tools,variation,44.00,,,FFB5-10,,columbia-tools-ffb5-10-axle-10-inch
FFB5-12,"Axle - 12""",Columbia Tools,variation,44.00,,,FFB5-12,,columbia-tools-axle-12-ffb5-12
FFB5-14,"Axle - 14""",Columbia Tools,variation,44.00,,,FFB5-14,,columbia-tools-axle-14-ffb5-14
FFB9-10,"Blade - 10""",Columbia Tools,variation,28.95,,,FFB9-10,,columbia-tools-ffb9-10-blade-10-inch
FFB9-12,"Blade - 12""",Columbia Tools,variation,32.50,,,FFB9-12,,columbia-tools-12-inch-flat-box-blade-ffb9-12
HNS7-2,"Blade - 2""",Columbia Tools,variation,23.00,,,HNS7-2,,columbia-tools-hinged-nailspotter-blade-2-inch-hns7-2
HNS7-3,"Blade - 3""",Columbia Tools,variation,23.00,,,HNS7-3,,columbia-tools-hinged-nailspotter-blade-3-inch-hns7-3
FFB8,Bar Retainer Clip,Columbia Tools,simple,2.00,,,FFB8,,columbia-tools-bar-retainer-clip-ffb8
CT103,Barrel- Main Body,Columbia Tools,simple,112.50,,,CT103,,columbia-tools-barrel-main-body-ct103
CT125A,Bearing,Columbia Tools,simple,19.95,,,CT125A,,columbia-tools-bearing-ct125a
BH24A,Bearing Sleeve,Columbia Tools,simple,4.00,,,BH24A,,columbia-tools-bearing-sleeve-bh24a
AH9A,"Bottom Retainer Corner Clip - 3.5""",Columbia Tools,variation,11.50,,,AH9A,,columbia-tools-bottom-retainer-corner-clip-3-5-ah9a
BH9-3,Brake Connecting Strap - 3',Columbia Tools,variation,27.00,,,BH9-3,,columbia-tools-brake-connecting-strap-3ft-bh9-3
BH9-42,"Brake Connecting Strap - 42""",Columbia Tools,variation,29.00,,,BH9,,columbia-brake-connecting-strap-42-bh9-42
BH9-4,Brake Connecting Strap - 4',Columbia Tools,variation,31.00,,,BH9-4,,columbia-tools-brake-connecting-strap-4ft-bh9-4
BH9-5,Brake Connecting Strap - 5',Columbia Tools,variation,33.00,,,BH9-5,,columbia-tools-brake-connecting-strap-5-foot-bh9-5
BH9-6,Brake Connecting Strap - 6',Columbia Tools,variation,35.00,,,BH9-6,,columbia-brake-connecting-strap-6-bh9-6
HH16A,Bleeder Screw,Columbia Tools,simple,17.00,,,HH16A,,columbia-tools-bleeder-screw-hh16a
HH10B,Bottom Cap,Columbia Tools,simple,2.00,,,HH10B,,columbia-tools-hydra-reach-bottom-cap-hh10b
FFB36,Box Wheel,Columbia Tools,simple,5.00,,,FFB36,,columbia-tools-box-wheel-ffb36
CT87A,Bracket Brace,Columbia Tools,simple,14.50,,,CT87A,,columbia-tools-ct87a-bracket-brace
MH9A,Brake Activation Rod,Columbia Tools,simple,24.00,,,MH9A,,columbia-tools-brake-activation-rod-mh9a
CT16,Brake Dog,Columbia Tools,simple,15.00,,,CT16,,columbia-tools-automatic-taper-brake-dog-ct16
HH14,Brake Piston,Columbia Tools,simple,17.00,,,HH14,,columbia-hh14-brake-piston-hydra-reach
MH8,Brake Rod Bushing,Columbia Tools,simple,8.00,,,MH8,,columbia-tools-mh8-brake-rod-bushing
HH17A,Brass Connector - 1,Columbia Tools,variation,5.00,,,HH17A,,columbia-tools-brass-connector-1-hh17a
HH17B,Brass Connector - 2,Columbia Tools,variation,5.00,,,HH17B,,columbia-tools-brass-connector-2-hh17b
CT72,Cable,Columbia Tools,simple,10.00,,,CT72,,columbia-tools-automatic-taper-cable-ct72
CT73,Cable Drum,Columbia Tools,simple,28.95,,,CT73,,columbia-tools-cable-drum-ct73
BH7,Cam Follower,Columbia Tools,simple,15.00,,,BH7,,columbia-tools-bh7-cam-follower-180-grip
HH19,Cap,Columbia Tools,simple,17.00,,,HH19,,columbia-hh19-cap-hydra-reach-part
CT35,Cap Reinforcing Tab,Columbia Tools,simple,4.00,,,CT35,,columbia-tools-cap-reinforcing-tab-ct35
CT55,Carriage Guide Rod,Columbia Tools,simple,12.00,,,CT55,,columbia-tools-automatic-taper-carriage-guide-rod-ct55
CT56,Carriage Guide Rod Stop,Columbia Tools,simple,7.00,,,CT56,,columbia-ct56-carriage-guide-rod-stop
CT31,Chain Tension & Guide Bracket,Columbia Tools,simple,6.00,,,CT31,,columbia-tools-ct31-chain-tension-guide-bracket
CT83,Clutch Dog,Columbia Tools,simple,3.00,,,CT83,,columbia-tools-automatic-taper-head-clutch-dog-ct83
CT82,Clutch Lever,Columbia Tools,simple,19.75,,,CT82,,columbia-tools-automatic-taper-clutch-lever-ct82
CT88,Clutch Release Rod,Columbia Tools,simple,16.50,,,CT88,,columbia-tools-clutch-release-rod-ct88
CT85,Clutch Release Shaft,Columbia Tools,simple,40.00,,,CT85,,columbia-tools-clutch-release-shaft-ct85
CT81,Clutch Return Spring,Columbia Tools,simple,3.00,,,CT81,,columbia-tools-automatic-taper-clutch-return-spring-ct81
HH9,Coiled Hydraulic Line,Columbia Tools,simple,40.00,,,HH9,,columbia-coiled-hydraulic-line-hh9
CT86,CT86 – Toe Kicker Cable,Columbia Tools,simple,14.95,,,CT86,,columbia-tools-automatic-taper-head-ct86-toe-kicker-cable
FA259,"FA259 8-32 X 5/16"" Binder Slot",Columbia Tools,simple,1.00,,,FA259 8,,columbia-fa259-8-32-5-16-binder-slot
FA311,"FA311 1/4-28 X 1/2"" Socket Head",Columbia Tools,simple,2.00,,,FA311 1/4,,columbia-fa311-socket-head-screw
FA315,"FA315 10-32 X 3/8"" Flat Socket Head",Columbia Tools,simple,2.00,,,FA315 10,,columbia-fa315-10-32-3-8-flat-socket-head
PCLT42,Columbia Predator Camlock Tube,Columbia Tools,simple,368.05,368.05,,PCLT42,,columbia-predator-camlock-tube-42-pclt42
PCMT42,"Columbia Predator Compound Tube 42""",Columbia Tools,simple,274.93,274.93,,PCMT42,,columbia-predator-compound-tube-42-pcmt42
CFB5B,Cone Ball,Columbia Tools,simple,16.00,,,CFB5B,,columbia-tools-cone-ball-cfb5b
CT132,Connecting Link,Columbia Tools,simple,2.00,,,CT132,,columbia-tools-ct132-connecting-link
MH7,Connecting Link Fork,Columbia Tools,simple,29.00,,,MH7,,columbia-tools-mh7-connecting-link-fork
MH5,Connecting Link Pin,Columbia Tools,simple,5.00,,,MH5,,columbia-tools-mh5-connecting-link-pin
CT45,Connecting Rod,Columbia Tools,simple,22.95,,,CT45,,columbia-tools-ct45-connecting-rod
MH16,Connecting Rod Housing,Columbia Tools,simple,8.00,,,MH16,,columbia-tools-mh16-connecting-rod-housing
CT112,Connecting Stud,Columbia Tools,simple,11.00,,,CT112,,columbia-tools-ct112-connecting-stud
CT104,Connection Strap,Columbia Tools,simple,18.95,,,CT104,,columbia-tools-automatic-taper-connection-strap-ct104
CT105,Crimper Lever,Columbia Tools,simple,34.50,,,CT105,,columbia-tools-crimper-lever-ct105
CT10A,Crimping Arm Shaft Bushing - L,Columbia Tools,simple,13.95,,,CT10A,,columbia-tools-ct10a-crimping-arm-shaft-bushing-l
CT47,Crimping Wheel,Columbia Tools,simple,18.95,,,CT47,,columbia-tools-crimping-wheel-ct47
CT50,Crimping Wheel Bushing,Columbia Tools,simple,6.00,,,CT50,,columbia-tools-ct50-crimping-wheel-bushing
CT42A,Diamond Blade,Columbia Tools,simple,2.00,,,CT42A,,columbia-tools-diamond-blade-ct42a
CT13,Dog Base Bracket,Columbia Tools,simple,16.00,,,CT13,,columbia-dog-base-bracket-ct13
CFB4-7,"Door - 7""",Columbia Tools,variation,42.50,,,CFB4-7,,columbia-tools-door-7-inch-cfb4-7
CFB4-8,"Door - 8""",Columbia Tools,variation,46.95,,,CFB4-8,,columbia-tools-corner-flusher-box-door-8-inch-cfb4-8
CFB7-8,"Door Gasket - 8""",Columbia Tools,variation,31.95,,,CFB7-8,,columbia-tools-door-gasket-8-inch-cfb7-8
CT71,Drive Sprocket - Small,Columbia Tools,variation,15.00,,,CT71,,columbia-ct71-small-drive-sprocket
CT77,Drive Sprocket - Large,Columbia Tools,variation,26.50,,,CT77,,columbia-tools-drive-sprocket-large-ct77
CT78,Drive Chain,Columbia Tools,simple,66.00,,,CT78,,columbia-ct78-drive-chain
CT70,Drive Shaft,Columbia Tools,simple,33.00,,,CT70,,columbia-tools-drive-shaft-ct70
CT87,Engraved Cover Plate Cap,Columbia Tools,simple,42.00,,,CT87,,columbia-tools-ct87-engraved-cover-plate-cap
HH5,Extension Housing,Columbia Tools,simple,33.00,,,HH5,,columbia-tools-matrix-handle-extension-housing-hh5
HH30,Extension Release Trigger,Columbia Tools,simple,14.25,,,HH30,,columbia-tools-hh30-extension-release-trigger
CT130,Extension Shaft,Columbia Tools,simple,32.50,,,CT130,,columbia-tools-extension-shaft-ct130
CT127,Extension Shaft Bracket,Columbia Tools,simple,21.95,,,CT127,,columbia-tools-extension-shaft-bracket-ct127
MP33,Filler Gasket,Columbia Tools,simple,2.00,,,MP33,,columbia-tools-filler-gasket-mp33
AH6A,Funnel Retainer Clip,Columbia Tools,simple,19.00,,,AH6A,,columbia-tools-funnel-retainer-clip-ah6a
MH21,Grip Adjuster Housing,Columbia Tools,simple,21.95,,,MH21,,columbia-grip-adjuster-housing-mh21
MH23,Grip Adjusting Fastener,Columbia Tools,simple,11.00,,,MH23,,columbia-mh23-grip-adjusting-fastener
MH22,Grip Adjustment Pin,Columbia Tools,simple,11.00,,,MH22,,columbia-tools-mh22-grip-adjustment-pin
HH15,Grip Sleeve Octagon,Columbia Tools,simple,15.00,,,HH15,,columbia-tools-grip-sleeve-octagon-hh15
CT115,Guard Ring,Columbia Tools,simple,20.00,,,CT115,,columbia-tools-automatic-taper-guard-ring-ct115
CT58,Guide Rod Bushing,Columbia Tools,simple,8.00,,,CT58,,columbia-tools-ct58-guide-rod-bushing
CT126,Hand Grip Body,Columbia Tools,simple,66.00,,,CT126,,columbia-tools-hand-grip-body-ct126
CT124,Hand Grip Guard Ring,Columbia Tools,simple,20.00,,,CT124,,columbia-tools-hand-grip-guard-ring-ct124
HH35,Handle Grip,Columbia Tools,simple,7.00,,,HH35,,columbia-tools-hh35-handle-grip
MH4,Handle Grip,Columbia Tools,simple,37.00,,,MH4,,columbia-tools-mh4-handle-grip
MH11,Handle Grip Bushing,Columbia Tools,simple,6.00,,,MH11,,columbia-tools-handle-grip-bushing-mh11
AH1-3,"Head Casting - 3""",Columbia Tools,variation,153.00,,,AH1-3,,columbia-tools-head-casting-3-ah1-3
HFFB3,Hinge Box End Plate - Right,Columbia Tools,variation,36.00,,,HFFB3,,columbia-tools-hinge-box-end-plate-right-hffb3
HFFB3A,Hinge Box End Plate - Left,Columbia Tools,variation,36.00,,,HFFB3A,,columbia-hinge-box-end-plate-left-hffb3a
HNSA-14,Handle Link Assembly,Columbia Tools,simple,45.00,,,HNSA14,,columbia-hnsa-14-handle-link-assembly
MH1,Handle Mount Plate,Columbia Tools,simple,75.00,,,MH1,,columbia-tools-handle-mount-plate-mh1
HPA-48,Handle Pin Assembly,Columbia Tools,simple,5.00,,,HPA48,,columbia-tools-handle-pin-assembly-hpa-48
HH8,Handle Tube,Columbia Tools,simple,45.00,,,HH8,,columbia-tools-hh8-handle-tube
FFB39,Hex Bolt,Columbia Tools,simple,3.00,,,FFB39,,columbia-tools-hex-bolt-ffb39
CT20,Hinge Block,Columbia Tools,simple,24.95,,,CT20,,columbia-tools-automatic-taper-hinge-block-ct20
BH6,Hinge Pin,Columbia Tools,simple,11.25,,,BH6,,columbia-tools-hinge-pin-bh6
MH6,Hinge Pin,Columbia Tools,simple,4.00,,,MH6,,columbia-tools-mh6-hinge-pin
CT79,Hollow Shaft,Columbia Tools,simple,38.50,,,CT79,,columbia-tools-hollow-shaft-ct79
CT68,Hub,Columbia Tools,simple,15.00,,,CT68,,columbia-tools-hub-ct68
CT2,Insert Bushing for CT#7A,Columbia Tools,simple,5.00,,,CT2,,columbia-tools-insert-bushing-ct7a-ct2
MH13,Large Nyliner Bushing,Columbia Tools,simple,5.00,,,MH13,,columbia-tools-large-nyliner-bushing-mh13
CT4,Wafer Bushing - Left,Columbia Tools,variation,2.00,,,CT4,,columbia-tools-wafer-bushing-left-ct4
CT5,Wafer Bushing - Right,Columbia Tools,variation,11.50,,,CT5,,columbia-tools-wafer-bushing-right-ct5
HP47,Latch Clamp Assembly,Columbia Tools,simple,28.95,,,HP47,,columbia-tools-latch-clamp-assembly-hp47
MP8,Leg,Columbia Tools,simple,71.00,,,MP8,,columbia-mp8-leg-hot-mud-pump-part
HH17C,Line Pincher,Columbia Tools,simple,4.00,,,HH17C,,columbia-line-pincher-hh17c
BH4,Lower Brake Lever,Columbia Tools,simple,19.75,,,BH4,,columbia-tools-bh4-lower-brake-lever
MH3,Lower Mount Bracket,Columbia Tools,simple,33.00,,,MH3,,columbia-tools-matrix-handle-lower-mount-bracket-mh3
CT80,Manual Drive Grip,Columbia Tools,simple,18.75,,,CT80,,columbia-tools-manual-drive-grip-ct80
MH2,Matrix Handle Head,Columbia Tools,simple,4.00,,,MH2,,columbia-matrix-handle-head-mh2
CT43,Micro Chain,Columbia Tools,simple,24.50,,,CT43,,columbia-tools-ct43-micro-chain
MH3A,Mounting Bracket Stem,Columbia Tools,simple,4.00,,,MH3A,,columbia-tools-mh3a-mounting-bracket-stem
BH1,Mounting Plate,Columbia Tools,simple,30.00,,,BH1,,columbia-tools-mounting-plate-bh1
HFFB1A-10,"Mud Seal Strip - 10""",Columbia Tools,simple,10.00,,,HFFB1A,,columbia-tools-mud-seal-strip-10-hffb1a-10
CT96,Mud Shut-Off Gasket,Columbia Tools,simple,4.00,,,CT96,,columbia-mud-shut-off-gasket-ct96
CT98,Mud Supply Seal Plate & Shaft,Columbia Tools,simple,24.95,,,CT98,,columbia-tools-automatic-taper-seal-plate-shaft-ct98
CT97,Mud Supply Valve Body,Columbia Tools,simple,34.50,,,CT97,,columbia-tools-mud-supply-valve-body-ct97
CT63,Needle,Columbia Tools,simple,2.00,,,CT63,,columbia-tools-ct63-needle-taper-part
CT62,Needle Holding Shaft,Columbia Tools,simple,16.00,,,CT62,,columbia-tools-needle-holding-shaft-ct62
CT64,Needle Return Shaft,Columbia Tools,simple,6.00,,,CT64,,columbia-tools-ct64-needle-return-shaft
CT65,Needle Return Spring,Columbia Tools,simple,4.00,,,CT65,,columbia-ct65-needle-return-spring
HFFB4D,Nylatron Bushing,Columbia Tools,simple,3.00,,,HFFB4D,,columbia-tools-hffb4d-nylatron-bushing
CT76,Nylatron Washer,Columbia Tools,simple,6.25,,,CT76,,columbia-ct76-nylatron-washer
FFB38,Nyliner Bearing,Columbia Tools,simple,2.00,,,FFB38,,columbia-tools-ffb38-nyliner-bearing
CT121A,O-Ring,Columbia Tools,simple,2.00,,,CT121A,,columbia-tools-o-ring-ct121a
MP23A,O-Ring,Columbia Tools,simple,2.00,,,MP23A,,columbia-tools-o-ring-mp23a
MH10,Octagon,Columbia Tools,simple,36.00,,,MH10,,columbia-octagon-mh10-matrix-handle-part
CT19,Paper Feed Guide,Columbia Tools,simple,24.95,,,CT19,,columbia-tools-ct19-paper-feed-guide
MH17,Pinch Brake,Columbia Tools,simple,24.50,,,MH17,,columbia-tools-mh17-pinch-brake
MH15,Pinch Brake Activator,Columbia Tools,simple,22.00,,,MH15,,columbia-pinch-brake-activator-mh15
MH24,Pinch Brake Bushing,Columbia Tools,simple,12.75,,,MH24,,columbia-tools-pinch-brake-bushing-mh24
MH18,Pinch Brake Housing,Columbia Tools,simple,20.00,,,MH18,,columbia-tools-matrix-handle-pinch-brake-housing-mh18
MH19,Pinch Brake Sleeve,Columbia Tools,simple,28.00,,,MH19,,columbia-mh19-pinch-brake-sleeve
MH25,Pinch Brake Stem,Columbia Tools,simple,14.95,,,MH25,,columbia-pinch-brake-stem-mh25
MH12,PinchBrake Spring,Columbia Tools,simple,4.00,,,MH12,,columbia-tools-mh12-pinchbrake-spring
CT107,Piston Body,Columbia Tools,simple,27.00,,,CT107,,columbia-tools-ct107-piston-body
CT111,Piston Cup,Columbia Tools,simple,11.75,,,CT111,,columbia-tools-ct111-piston-cup
HH16,Piston Housing,Columbia Tools,simple,27.00,,,HH16,,columbia-tools-piston-housing-hh16
CT3,Insert Bushing - Right,Columbia Tools,variation,12.00,,,CT3,,columbia-tools-insert-bushing-right-ct3
CT3A,Insert Bushing - Left,Columbia Tools,variation,14.50,,,CT3A,,columbia-tools-insert-bushing-left-ct3a
CT29,Nylatron Chain Roller - Right (Small),Columbia Tools,variation,13.50,,,CT29,,columbia-tools-nylatron-chain-roller-right-small-ct29
CT29A,Nylatron Chain Roller - Left (Large),Columbia Tools,variation,4.00,,,CT29A,,columbia-nylatron-chain-roller-left-large-ct29a
HH23,Piston O-Ring,Columbia Tools,simple,2.00,,,HH23,,columbia-tools-hh23-piston-o-ring
HNS18,Pivot,Columbia Tools,simple,4.00,,,HNS18,,columbia-tools-hns18-hinged-nailspotter-pivot
CT67,Ratchet Gear,Columbia Tools,simple,34.50,,,CT67,,columbia-tools-ratchet-gear-ct67
CT15,Ratchet Rod for Adjustable Brake,Columbia Tools,simple,6.00,,,CT15,,columbia-ratchet-rod-adjustable-brake-ct15
CT92,Release Clip Bushing,Columbia Tools,simple,10.00,,,CT92,,columbia-ct92-release-clip-bushing
HH31,Release Clip Pin,Columbia Tools,simple,12.95,,,HH31,,columbia-tools-hh31-release-clip-pin
HH32,Release Clip Washer,Columbia Tools,simple,22.00,,,HH32,,columbia-tools-matrix-handle-release-clip-washer-hh32
CT89,Release Rod Sleeve,Columbia Tools,simple,12.95,,,CT89,,columbia-tools-ct89-release-rod-sleeve
AH1B,Return Spring,Columbia Tools,simple,3.00,,,AH1B,,columbia-tools-return-spring-ah1b
CT101,Return Spring,Columbia Tools,simple,9.25,,,CT101,,columbia-tools-return-spring-ct101
CT54,Return Spring,Columbia Tools,simple,3.00,,,CT54,,columbia-tools-ct54-return-spring
CT40,Return Spring Ring,Columbia Tools,simple,2.00,,,CT40,,columbia-tools-return-spring-ring-ct40
CT36,Return Spring Tube,Columbia Tools,simple,33.00,,,CT36,,columbia-tools-ct36-return-spring-tube
HH33,Rlease Trigger Spring,Columbia Tools,simple,11.75,,,HH33,,columbia-tools-hh33-release-trigger-spring
FFB7,Shoe - Right,Columbia Tools,variation,42.95,,,FFB7,,columbia-tools-ffb7-shoe-right
FFB7A,Shoe - Left,Columbia Tools,variation,42.95,,,FFB7A,,columbia-tools-ffb7a-left-shoe
CT90,Rod Sleeve Housing,Columbia Tools,simple,22.50,,,CT90,,columbia-tools-ct90-rod-sleeve-housing
CT28,Roller Bushing,Columbia Tools,simple,10.75,,,CT28,,columbia-tools-roller-bushing-ct28
CT125,Rollers,Columbia Tools,simple,15.25,,,CT125,,columbia-tools-ct125-rollers-automatic-taper
FFB37,Rubber for Box Wheel,Columbia Tools,simple,2.00,,,FFB37,,columbia-tools-rubber-for-box-wheel-ffb37
CT87-CS,Rubber Seal,Columbia Tools,simple,9.75,,,CT87,,columbia-tools-automatic-taper-rubber-seal-ct87-cs
AH4,Side Blade,Columbia Tools,simple,29.50,,,AH4,,columbia-tools-side-blade-ah4
CT7A,Side Plate Hub,Columbia Tools,simple,24.50,,,CT7A,,columbia-tools-ct7a-side-plate-hub
MH20,Small Nyliner Bushing,Columbia Tools,simple,3.00,,,MH20,,columbia-small-nyliner-bushing-mh20
CT119,Spool Retaining Spring,Columbia Tools,simple,7.25,,,CT119,,columbia-tools-ct119-spool-retaining-spring
CT6A,Stainless Steel Side Plate - Left,Columbia Tools,simple,42.95,,,CT6A,,columbia-tools-automatic-taper-ct6a-left-side-plate
CT116A,Strap,Columbia Tools,simple,28.50,,,CT116A,,columbia-tools-ct116a-strap
AH8A,"Top Retainer Corner Clip - 3.5""",Columbia Tools,variation,9.75,,,AH8A,,columbia-tools-3-5-top-retainer-corner-clip-ah8a
4-702,"LEVEL5 Corner Applicator - 8""",LEVEL5,variation,294.52,,,4-702,,level5-8-inch-corner-applicator-4-702
4-794,"LEVEL5 Corner Applicator Handle (Extendable) - 31""-50""",LEVEL5,variation,175.08,,,4-794,,level5-corner-applicator-handle-extendable-31-50
4-798,"LEVEL5 Corner Applicator Handle (Extendable) - 43""-72""",LEVEL5,variation,193.78,,,4-798,,level5-corner-applicator-handle-extendable-43-72
BH11,Strap Connecting Pin,Columbia Tools,simple,7.95,,,BH11,,columbia-tools-180-grip-box-handle-strap-connecting-pin-bh11
CT57,Tape Advance Carriage,Columbia Tools,simple,82.00,,,CT57,,columbia-tools-ct57-tape-advance-carriage
CT120,Tape Spool,Columbia Tools,simple,14.50,,,CT120,,columbia-tools-ct120-tape-spool
CT14A,Taper Adjustable Brake,Columbia Tools,simple,22.50,,,CT14A,,columbia-tools-taper-adjustable-brake-ct14a
CT53,Toe Kicker,Columbia Tools,simple,28.50,,,CT53,,columbia-tools-ct53-toe-kicker
CT92A,Toe Kicker Caple Retainer Clip,Columbia Tools,simple,7.95,,,CT92A,,columbia-tools-toe-kicker-cable-retainer-clip-ct92a
HH10A,Top Cap,Columbia Tools,simple,2.00,,,HH10A,,columbia-tools-hydra-reach-top-cap-hh10a
HH2,Upper Mounting Bracket,Columbia Tools,simple,66.00,,,HH2,,columbia-tools-hh2-upper-mounting-bracket
4-795,"LEVEL5 Corner Finisher Handle (Extendable) - 31""-50""",LEVEL5,variation,186.98,,,4-795,,level5-corner-finisher-handle-extendable-31-50
4-799,"LEVEL5 Corner Finisher Handle (Extendable) - 43""-72""",LEVEL5,variation,205.68,,,4-799,,level5-corner-finisher-extendable-handle-43-72
4-743,"LEVEL5 Corner Flusher - 3""",LEVEL5,variation,128.69,,,4-743,,level5-3-inch-corner-flusher-4-743
4-744,"LEVEL5 Corner Flusher - 3.5""",LEVEL5,variation,132.74,,,4-744,,level5-corner-flusher-3-5-inch
4-767,"LEVEL5 Flat Box (MEGA) - 7""",LEVEL5,variation,398.64,,,4-767,,level5-7-inch-mega-flat-box-4-767
4-768,"LEVEL5 Flat Box (MEGA) - 10""",LEVEL5,variation,407.99,,,4-768,,level5-flat-box-mega-10-inch-4-768
4-769,"LEVEL5 Flat Box (MEGA) - 12""",LEVEL5,variation,422.02,,,4-769,,level5-flat-box-mega-12-inch-4-769
4-764,"LEVEL5 Flat Box (Standard) - 7""",LEVEL5,variation,379.52,,,4-764,,level5-flat-box-standard-7-inch
4-766,"LEVEL5 Flat Box (Standard) - 12""",LEVEL5,variation,398.64,,,4-766,,level5-flat-box-standard-12-inch-4-766
4-770,"LEVEL5 Flat Box (Standard) - 14""",LEVEL5,variation,412.67,,,4-770,,level5-flat-box-standard-14-inch
4-759,"LEVEL5 Flat Box Handle (Extendable) - 48""-78""",LEVEL5,variation,313.22,,,4-759,,level5-flat-box-handle-extendable-48-78
4-780,"LEVEL5 Flat Box Handle (Extendable) - 40""-62""",LEVEL5,variation,303.87,,,4-780,,level5-extendable-flat-box-handle-40-62
4-781,"LEVEL5 Flat Box Handle (Extendable) - 30""-42""",LEVEL5,variation,294.52,,,4-781,,level5-flat-box-handle-extendable-30-42
4-782,"LEVEL5 Flat Box Handle (Extendable) - 23""-32""",LEVEL5,variation,276.24,,,4-782,,level5-flat-box-handle-extendable-23-32
4-711,"LEVEL5 Flat Box Handle (Fixed Length) - 34""",LEVEL5,variation,175.09,,,4-711,,level5-flat-box-handle-fixed-34-inch
4-740,"LEVEL5 Flat Box Handle (Fixed Length) - 54""",LEVEL5,variation,202.72,,,4-740,,level5-flat-box-handle-fixed-54-4-740
4-602,LEVEL5 Entry to Automatic Finishing Set - Tools Only,LEVEL5,variation,2395.52,,,4-602,,level5-entry-automatic-finishing-set-tools-only-4-602
4-600P,LEVEL5 Entry to Automatic Finishing Set - With Automatic Taper,LEVEL5,variation,3850.70,,,4-600P,,level5-entry-automatic-finishing-set-with-taper-4-600p
4-677P,LEVEL5 The Ultimate Taping & Finishing Set,LEVEL5,simple,6342.64,,,4-677P,,level5-ultimate-taping-finishing-set-4-677p
4-778,"LEVEL5 50"" Fixed Handle - Corner Applicator",LEVEL5,variation,92.22,,,4-778,,level5-50-fixed-handle-corner-applicator-4-778
4-779,"LEVEL5 50"" Fixed Handle - Corner Finisher",LEVEL5,variation,92.22,,,4-779,,level5-50-fixed-handle-corner-finisher
4-792,"LEVEL5 31""- 50"" Corner Roller/Nail Spotter Handle",LEVEL5,simple,179.33,,,4-792,,level5-31-50-corner-roller-nail-spotter-handle-4-792
4-760,LEVEL5 Automatic Taper,LEVEL5,simple,1444.99,,,4-760,,level5-automatic-taper-4-760
4-771,LEVEL5 Compound Pump,LEVEL5,simple,452.62,,,4-771,,level5-compound-pump-4-771
5-311,LEVEL5 Drywall Banjo,LEVEL5,simple,150.29,,,5-311,,level5-drywall-banjo-5-311
PT-3CF,"Platinum Angle Head Corner Finisher with Wheels - 3""",Platinum Drywall Tools,variation,249.00,,,PT-3CF,PT-3CF,platinum-angle-head-corner-finisher-with-wheels-3-inch
PT-BH34,"Platinum Flat Box Handle - 34""",Platinum Drywall Tools,variation,90.00,,,PT-BH34,PT-BH34,platinum-flat-box-handle-34-inch-pt-bh34
4-773,LEVEL5 MiniShot Ext. Handle,LEVEL5,simple,73.94,,,4-773,,level5-minishot-ext-handle-4-773
4-746,LEVEL5 Outside Corner Tool,LEVEL5,simple,73.94,,,4-746,,level5-outside-corner-tool-4-746
PT-CR,Platinum Corner Roller - Inside,Platinum Drywall Tools,variation,79.99,,,PT-CR,PT-CR,platinum-corner-roller-inside-pt-cr
PT-OCR,Platinum Corner Roller - Outside 90°,Platinum Drywall Tools,variation,69.99,,,PT-OCR,PT-OCR,platinum-outside-90-corner-roller
PT-FA,"Platinum 4"" Flat Applicator",Platinum Drywall Tools,simple,59.00,,,PT-FA,PT-FA,platinum-4-inch-flat-applicator-pt-fa
PT-CA8,"Platinum 8"" Corner Applicator",Platinum Drywall Tools,simple,159.00,,,PT-CA8,PT-CA8,platinum-8-inch-corner-applicator-pt-ca8
PT-BF,Platinum Box Filler Attachment,Platinum Drywall Tools,simple,49.00,,,PT-BF,PT-BF,platinum-box-filler-attachment-pt-bf
PT-CP,Platinum Drywall Pump w/Filler,Platinum Drywall Tools,simple,269.00,,,PT-CP,PT-CP,platinum-drywall-pump-filler-pt-cp
PT-FIN,Platinum Drywall Starter Finishing Set,Platinum Drywall Tools,simple,1399.00,,,PT-FIN,PT-FIN,platinum-drywall-starter-finishing-set-pt-fin
S1-A-1624,"SurPro S1 Aluminum Drywall Stilts - 16""-24""",SurPro,variation,322.00,,,S1-A-1624,,surpro-s1-aluminum-drywall-stilts-16-24
S1-A-2030,"SurPro S1 Aluminum Drywall Stilts - 20""-30""",SurPro,variation,331.00,,,S1-A-2030,,surpro-s1-aluminum-drywall-stilts-20-30
S1X-A-2131,"SurPro S1X Aluminum Drywall Stilts - 21""-31""",SurPro,variation,407.00,,,S1X-A-2131,,surpro-s1x-aluminum-drywall-stilts-21-31
S1X-A-2640,"SurPro S1X Aluminum Drywall Stilts - 26""-40""",SurPro,variation,407.00,,,S1X-A-2640,,surpro-s1x-aluminum-drywall-stilts-26-40
S2-A-1624,"SurPro S2 Aluminum Drywall Stilts - 16""-24""",SurPro,variation,356.00,,,S2-A-1624,,surpro-s2-aluminum-drywall-stilts-16-24-s2-a-1624
S2-A-2030,"SurPro S2 Aluminum Drywall Stilts - 20""-30""",SurPro,variation,365.00,,,S2-A-2030,,surpro-s2-aluminum-drywall-stilts-20-30
S2-A-2640,"SurPro S2 Aluminum Drywall Stilts - 26""-40""",SurPro,variation,374.00,,,S2-A-2640,,surpro-s2-aluminum-drywall-stilts-26-40
S2X-A-3852,"SurPro S2X Aluminum Drywall Stilts - 38""-52""",SurPro,variation,486.00,,,S2X-A-3852,,surpro-s2x-aluminum-drywall-stilts-38-52
S2X-A-2640,"SurPro S2X Aluminum Drywall Stilts - 26""-40""",SurPro,variation,457.00,,,S2X-A-2640,,surpro-s2x-aluminum-drywall-stilts-26-40
BHE-SW,"TapeTech Brakeless Box Handle - Rotational Extendable 34""-60""",TapeTech,variation,329.00,,873876000890,BHE-SW,,tapetech-brakeless-box-handle-rotational-extendable-34-60
BH,"TapeTech Brakeless Box Handle - Fixed 34""",TapeTech,variation,149.00,149.00,873876000906,BH,,tapetech-brakeless-box-handle-fixed-34-bh
CF25COMBO,"TapeTech Combo Corner Flusher - 2.5""",TapeTech,variation,179.00,,,CF25COMBO,,tapetech-combo-corner-flusher-2-5
CF35COMBO,"TapeTech Combo Corner Flusher - 3.5""",TapeTech,variation,189.00,,,CF35COMBO,,tapetech-combo-corner-flusher-3-5-cf35combo
76TT-CA,TapeTech EasyClean® Pump - Canada,TapeTech,variation,409.00,409.00,,76TT-CA,,tapetech-easyclean-pump-canada-76tt-ca
14TT,TapeTech MudRunner® Compound Applicator - Standard,TapeTech,variation,900.00,,873876000371,14TT,14TT,tapetech-mudrunner-compound-applicator-standard-14tt
804003F,TapeTech Grip Assembly For Box Handle,TapeTech,simple,73.91,,,804003F,,tapetech-grip-assembly-box-handle-804003f
