"Product ID","SKU","Product","On hand","Committed","Available","Incoming","Mapping"
"3493","COL-180-GRIP-FLAT-BOX-HANDLE","Columbia 180° Grip Flat Box Handle","0","0","0","0","unmapped"
"3494","COL-ANGLE-HEAD","Columbia Angle Head","0","0","0","0","unmapped"
"3495","COL-AUTOMATIC-FAT-BOY-BOX","Columbia Automatic Fat Boy Box","0","0","0","0","unmapped"
"3496","COL-AUTOMATIC-FLAT-BOX","Columbia Automatic Flat Box","0","0","0","0","unmapped"
"3497","COL-AUTOMATIC-TAPER","Columbia Automatic Taper","0","0","0","0","unmapped"
"3513","COL-BILLET-MUD-APPLICATOR","Columbia Billet Mud Applicator","0","0","0","0","unmapped"
"3518","COL-BOX-FILLER","Columbia Box Filler","0","0","0","0","unmapped"
"3519","COL-CAM-LOCK-TUBE","Columbia Cam Lock Tube","0","0","0","0","unmapped"
"3520","COL-COMBO-FLUSHER","Columbia Combo Flusher","0","0","0","0","unmapped"
"3521","COL-COMPOUND-TUBE","Columbia Compound Tube","0","0","0","0","unmapped"
"3541","COL-DIRECT-FLUSHER","Columbia Direct Flusher","0","0","0","0","unmapped"
"3542","COL-FAT-BOY-FLAT-BOX","Columbia Fat Boy Flat Box","0","0","0","0","unmapped"
"3543","COL-FLAT-FINISHER-BOX","Columbia Flat Finisher Box","0","0","0","0","unmapped"
"3544","COL-GOOSENECK","Columbia Gooseneck","0","0","0","0","unmapped"
"3545","COL-HOT-MUD-PUMP","Columbia Hot Mud Pump","0","0","0","0","unmapped"
"3563","COL-MATRIX-FLAT-BOX-HANDLE","Columbia Matrix Flat Box Handle","0","0","0","0","unmapped"
"3567","COL-NAIL-SPOTTER","Columbia Nail Spotter","0","0","0","0","unmapped"
"3568","COL-ONE-HANDLE","Columbia One Handle","0","0","0","0","unmapped"
"3569","COL-OUTSIDE-CORNER-ROLLER","Columbia Outside Corner Roller","0","0","0","0","unmapped"
"3570","COL-PREDATOR-MATRIX-HANDLE","Columbia Predator Matrix Handle","0","0","0","0","unmapped"
"3571","COL-PREDATOR-ONE-HANDLE","Columbia Predator One Handle","0","0","0","0","unmapped"
"3591","COL-STANDARD-FLUSHER","Columbia Standard Flusher","0","0","0","0","unmapped"
"3592","COL-THROTTLE-CORNER-FLUSHER-BOX","Columbia Throttle Corner Flusher Box","0","0","0","0","unmapped"
"3593","COL-TOOL-CASE","Columbia Tool Case","0","0","0","0","unmapped"
"3594","COL-UHMW-MUD-APPLICATOR","Columbia UHMW Mud Applicator","0","0","0","0","unmapped"
"3642","HFFB14","Flat Box Hinged Door Gasket","0","0","0","0","unmapped"
"3643","FFB25","Rubber Gasket Retainer","0","0","0","0","unmapped"
"3644","AH3","Top Blade","0","0","0","0","unmapped"
"3692","FFB11","Adjuster Spring","0","0","0","0","unmapped"
"3713","FFB5","Axle","0","0","0","0","unmapped"
"3718","FFB9","Blade","0","0","0","0","unmapped"
"3719","HNS7","Blade","0","0","0","0","unmapped"
"3742","HNS8","Blade Holder","0","0","0","0","unmapped"
"3743","AH9-CLIP","Bottom Retainer Corner Clip","0","0","0","0","unmapped"
"3744","BH9","Brake Connecting Strap","0","0","0","0","unmapped"
"3763","HH-BRASS-CONNECTOR","Brass Connector","0","0","0","0","unmapped"
"3792","HNS4","Door","0","0","0","0","unmapped"
"3813","CFB4","Door","0","0","0","0","unmapped"
"3817","HNS15","Door Gasket","0","0","0","0","unmapped"
"3818","CFB7","Door Gasket","0","0","0","0","unmapped"
"3819","HNS-DOOR-SPRING","Door Spring","0","0","0","0","unmapped"
"3820","CT-SPROCKET","Drive Sprocket","0","0","0","0","unmapped"
"3842","AH7","Frame Tension Spring","0","0","0","0","unmapped"
"3867","AH1","Head Casting","0","0","0","0","unmapped"
"3868","HFFB3-PLATE","Hinge Box End Plate","0","0","0","0","unmapped"
"3892","CT-WAFER-BUSHING","Wafer Bushing","0","0","0","0","unmapped"
"3917","MP-PISTON-BACKING-WASHER","Piston Backing Washer","0","0","0","0","unmapped"
"3942","CT-INSERT-BUSHING","Insert Bushing","0","0","0","0","unmapped"
"3943","CT-NYLATRON-CHAIN-ROLLER","Nylatron Chain Roller","0","0","0","0","unmapped"
"3967","FFB7-SHOE","Shoe","0","0","0","0","unmapped"
"3968","CFB3","Side Plate","0","0","0","0","unmapped"
"3992","AH8-CLIP","Top Retainer Corner Clip","0","0","0","0","unmapped"
"3993","DS-DURA-III","Dura-III Adjustable","0","0","0","0","unmapped"
"3994","LV5-CORNER-APPLICATOR","LEVEL5 Corner Applicator","0","0","0","0","unmapped"
"3995","LV5-CORNER-HANDLE-APPLICATOR-EXT","LEVEL5 Corner Applicator Handle (Extendable)","0","0","0","0","unmapped"
"4017","LV5-CORNER-FINISHER","LEVEL5 Corner Finisher","0","0","0","0","unmapped"
"4018","LV5-CORNER-HANDLE-FINISHER-EXT","LEVEL5 Corner Finisher Handle (Extendable)","0","0","0","0","unmapped"
"4019","LV5-CORNER-FLUSHER","LEVEL5 Corner Flusher","0","0","0","0","unmapped"
"4020","LV5-FLAT-BOX-MEGA","LEVEL5 Flat Box (MEGA)","0","0","0","0","unmapped"
"4021","LV5-FLAT-BOX-STANDARD","LEVEL5 Flat Box (Standard)","0","0","0","0","unmapped"
"4022","LV5-FLAT-BOX-HANDLE-EXT","LEVEL5 Flat Box Handle (Extendable)","0","0","0","0","unmapped"
"4042","LV5-FLAT-BOX-HANDLE-FIXED","LEVEL5 Flat Box Handle (Fixed Length)","0","0","0","0","unmapped"
"4043","LV5-NAIL-SPOTTER","LEVEL5 Nail Spotter","0","0","0","0","unmapped"
"4045","LV5-CORNER-ROLLER-HANDLE","LEVEL5 Corner Roller Handle","0","0","0","0","unmapped"
"4046","LV5-FIXED-HANDLE-50","LEVEL5 50"" Fixed Handle","0","0","0","0","unmapped"
"4068","PT-CF","Platinum Angle Head Corner Finisher with Wheels","0","0","0","0","unmapped"
"4069","PT-CT","Platinum Compound Tube","0","0","0","0","unmapped"
"4070","PT-BH","Platinum Flat Box Handle","0","0","0","0","unmapped"
"4071","PT-FB","Platinum Flat Finishing Box","0","0","0","0","unmapped"
"4092","PT-NS","Platinum Nail Spotter","0","0","0","0","unmapped"
"4093","PT-SSCF","Platinum Stainless Steel Corner Flusher","0","0","0","0","unmapped"
"4094","PT-CORNER-HANDLE-50","Platinum 50"" Corner Tool Handle","0","0","0","0","unmapped"
"4095","PT-90-APPLICATOR","Platinum 90° Corner Applicator","0","0","0","0","unmapped"
"4096","PT-CORNER-ROLLER","Platinum Corner Roller","0","0","0","0","unmapped"
"4117","SP-S1-A","SurPro S1 Aluminum Drywall Stilts","0","0","0","0","unmapped"
"4118","SP-S1-M","SurPro S1 Magnesium Drywall Stilts","0","0","0","0","unmapped"
"4119","SP-S1X-A","SurPro S1X Aluminum Drywall Stilts","0","0","0","0","unmapped"
"4120","SP-S1X-M","SurPro S1X Magnesium Drywall Stilts","0","0","0","0","unmapped"
"4121","SP-S2-A","SurPro S2 Aluminum Drywall Stilts","0","0","0","0","unmapped"
"4122","SP-S2-M","SurPro S2 Magnesium Drywall Stilts","0","0","0","0","unmapped"
"4142","SP-S2X-A","SurPro S2X Aluminum Drywall Stilts","0","0","0","0","unmapped"
"4143","SP-S2X-M","SurPro S2X Magnesium Drywall Stilts","0","0","0","0","unmapped"
"4144","TT-APPLICATOR-HEAD","TapeTech Applicator Head","0","0","0","0","unmapped"
"4145","TT-BRAKELESS-BOX-HANDLE","TapeTech Brakeless Box Handle","0","0","0","0","unmapped"
"4146","TT-CARBON-FIBER-BOX-HANDLE","TapeTech Carbon Fiber Box Handle","0","0","0","0","unmapped"
"4165","TT-COMBO-CORNER-FLUSHER","TapeTech Combo Corner Flusher","0","0","0","0","unmapped"
"4167","TT-COMPOUND-TUBE","TapeTech Compound Tube","0","0","0","0","unmapped"
"4168","TT-CORNER-APPLICATOR","TapeTech Corner Applicator","0","0","0","0","unmapped"
"4169","TT-CORNER-APPLICATOR-WITH-FHTT-HANDLE","TapeTech Corner Applicator with FHTT Fiberglass Handle","0","0","0","0","unmapped"
"4170","TT-CORNER-FINISHER","TapeTech Corner Finisher","0","0","0","0","unmapped"
"4171","TT-CORNER-ROLLER","TapeTech Corner Roller","0","0","0","0","unmapped"
"4172","TT-COVE-APPLICATOR-HEAD","TapeTech Cove Applicator Head","0","0","0","0","unmapped"
"4192","TT-DIRECT-CORNER-FLUSHER","TapeTech Direct Corner Flusher","0","0","0","0","unmapped"
"4193","TT-EASYCLEAN-AUTOMATIC-TAPER","TapeTech EasyClean® Automatic Taper","0","0","0","0","unmapped"
"4194","TT-EASYCLEAN-FINISHING-BOX","TapeTech EasyClean® Finishing Box","0","0","0","0","unmapped"
"4195","TT-EASYCLEAN-NAIL-SPOTTER-WITH-FHTT-HANDLE","TapeTech EasyClean® Nail Spotter with Fiberglass Handle","0","0","0","0","unmapped"
"4196","TT-EASYCLEAN-PUMP","TapeTech EasyClean® Pump","0","0","0","0","unmapped"
"4205","07TT","TapeTech EasyClean® Automatic Taper - Standard","0","0","0","0","mapped"
"4215","TT-EASYFINISH-BOX-HANDLE","TapeTech EasyFinish™ Box Handle","0","0","0","0","unmapped"
"4217","TT-FLAT-BOX-HANDLE","TapeTech Flat Box Handle","0","0","0","0","unmapped"